kgds_p X,kgds_p Y,kcdg_p X,kcdg_p Y,kgmp X,kgmp Y,reff X,reff Y,kcsg_p X,kcsg_p Y
1e-09,-6370.103832372592,1e-09,1.499179332433185e-07,1e-09,-14.29924662497855,1e-09,157190.3281648537,1e-09,1.501871212879481e-07
1.084366e-09,-5873.827310487823,1.084366e-09,1.382536603129824e-07,1.084366e-09,-14.2998001114194,1.084366e-09,157225.7170094263,1.084366e-09,1.385228609887733e-07
1.17585e-09,-5416.162030311105,1.17585e-09,1.274968944551715e-07,1.17585e-09,-14.30040041143708,1.17585e-09,157264.1083562113,1.17585e-09,1.277661087537284e-07
1.275051e-09,-4994.103940096139,1.275051e-09,1.175770297591341e-07,1.275051e-09,-14.30105149532282,1.275051e-09,157305.7584976371,1.275051e-09,1.178462587427831e-07
1.382622e-09,-4604.882715918113,1.382622e-09,1.084289537884775e-07,1.382622e-09,-14.30175767198152,1.382622e-09,157350.9458760521,1.382622e-09,1.086981985939804e-07
1.499268e-09,-4245.943566084588,1.499268e-09,9.999261992077562e-08,1.499268e-09,-14.30252361816631,1.499268e-09,157399.9730473872,1.499268e-09,1.002618817629684e-07
1.625756e-09,-3914.930470681968,1.625756e-09,9.221265341832732e-08,1.625756e-09,-14.30335441025657,1.625756e-09,157453.168825088,1.625756e-09,9.248193359360829e-08
1.762914e-09,-3609.670703583982,1.762914e-09,8.503798764169206e-08,1.762914e-09,-14.3042555589019,1.762914e-09,157510.8906279962,1.762914e-09,8.530728753127114e-08
1.911644e-09,-3328.160589361525,1.911644e-09,7.84215292881958e-08,1.911644e-09,-14.30523304666805,1.911644e-09,157573.5270444457,1.911644e-09,7.869085036099104e-08
2.072922e-09,-3060.131810563076,2.072922e-09,7.212192860547943e-08,2.072922e-09,-14.30632976950663,2.072922e-09,157643.8736976979,2.072922e-09,7.239127318257078e-08
2.247806e-09,-2820.719585374278,2.247806e-09,6.64949329420905e-08,2.247806e-09,-14.3074864172875,2.247806e-09,157718.0651271589,2.247806e-09,6.676430203609689e-08
2.437444e-09,-2599.93358537832,2.437444e-09,6.130572680644563e-08,2.437444e-09,-14.30874175494861,2.437444e-09,157798.62851772,2.437444e-09,6.157512218001103e-08
2.643081e-09,-2396.324602075954,2.643081e-09,5.652024905089975e-08,2.643081e-09,-14.31010430565873,2.643081e-09,157886.121588664,2.643081e-09,5.67896725618262e-08
2.866068e-09,-2208.556176772497,2.866068e-09,5.210708861137378e-08,2.866068e-09,-14.31158334691254,2.866068e-09,157981.1527417842,2.866068e-09,5.237654221129576e-08
3.107866e-09,-2035.395824499448,3.107866e-09,4.803727824376594e-08,3.107866e-09,-14.31318898056966,3.107866e-09,158084.3860022534,3.107866e-09,4.83067639750875e-08
3.370064e-09,-1875.70694607577,3.370064e-09,4.428410443494936e-08,3.370064e-09,-14.31493220993157,3.370064e-09,158196.5464976435,3.370064e-09,4.455362442561615e-08
3.654383e-09,-1728.441365550053,3.654383e-09,4.082293201343155e-08,3.654383e-09,-14.31682502475095,3.654383e-09,158318.4265491866,3.654383e-09,4.109248846902835e-08
3.962689e-09,-1592.632452867319,3.962689e-09,3.763104251597326e-08,3.962689e-09,-14.31888049500625,3.962689e-09,158450.8924495265,3.962689e-09,3.790063770853702e-08
4.297005e-09,-1467.388777327668,4.297005e-09,3.468748503098454e-08,4.297005e-09,-14.32111287460257,4.297005e-09,158594.8920259484,4.297005e-09,3.495712128380961e-08
4.659526e-09,-1351.888255569441,4.659526e-09,3.197293866644593e-08,4.659526e-09,-14.32353771616102,4.659526e-09,158751.4630936946,4.659526e-09,3.224261833402129e-08
5.052631e-09,-1245.372758135997,5.052631e-09,2.946958579783428e-08,5.052631e-09,-14.32617199820655,5.052631e-09,158921.7429196115,5.052631e-09,2.973931123989222e-08
5.478901e-09,-1147.143129979912,5.478901e-09,2.716099504696079e-08,5.478901e-09,-14.32903426653487,5.478901e-09,159106.9788544524,5.478901e-09,2.743076859543429e-08
5.941134e-09,-1056.554604176127,5.941134e-09,2.503201350481012e-08,5.941134e-09,-14.33214479133763,5.941134e-09,159308.5402884694,5.941134e-09,2.530183742227452e-08
6.442364e-09,-973.0125673653939,6.442364e-09,2.3068667223809e-08,6.442364e-09,-14.33552574247329,6.442364e-09,159527.9321492512,6.442364e-09,2.333854365173589e-08
6.98588e-09,-895.9686582142552,6.98588e-09,2.125806954008687e-08,6.98588e-09,-14.33920138510725,6.98588e-09,159766.8101639731,6.98588e-09,2.152800043494143e-08
7.57525e-09,-824.9171671732068,7.57525e-09,1.958833648066655e-08,7.57525e-09,-14.34319829876317,7.57525e-09,160026.9981796767,7.57525e-09,1.985832353554353e-08
8.214344e-09,-759.3917172628263,8.214344e-09,1.804850877969065e-08,8.214344e-09,-14.34754562302244,8.214344e-09,160310.5078698932,8.214344e-09,1.831855332879208e-08
8.907355000000001e-09,-698.962202513137,8.907355000000001e-09,1.6628479954899e-08,8.907355000000001e-09,-14.35227533386004,8.907355000000001e-09,160619.5612326408,8.907355000000001e-09,1.689858285770931e-08
9.658832e-09,-643.231964870423,9.658832e-09,1.531892999410844e-08,9.658832e-09,-14.35742255517968,9.658832e-09,160956.6163575534,9.658832e-09,1.558909149560991e-08
1.047371e-08,-591.835189955085,1.047371e-08,1.41112641914633e-08,1.047371e-08,-14.36302591109553,1.047371e-08,161324.3970479142,1.047371e-08,1.438148375415447e-08
1.135733e-08,-544.4345063412054,1.135733e-08,1.299755677407204e-08,1.135733e-08,-14.36912792526453,1.135733e-08,161725.9269894481,1.135733e-08,1.326783287689398e-08
1.231551e-08,-500.7187695611108,1.231551e-08,1.197049887834159e-08,1.231551e-08,-14.37577547532103,1.231551e-08,162164.5693432732,1.231551e-08,1.224082877688735e-08
1.335452e-08,-460.4010208007858,1.335452e-08,1.102335064136412e-08,1.335452e-08,-14.38302031109634,1.335452e-08,162644.0727738485,1.335452e-08,1.129373008293057e-08
1.448118e-08,-423.2166023217727,1.448118e-08,1.014989698657911e-08,1.448118e-08,-14.39091964824664,1.448118e-08,163168.625234018,1.448118e-08,1.042031987274106e-08
1.57029e-08,-388.9214195572085,1.57029e-08,9.344406869043424e-09,1.57029e-08,-14.39953685045071,1.57029e-08,163742.9170844782,1.57029e-08,9.614864857478639e-09
1.702769e-08,-357.2903383656553,1.702769e-08,8.601595711471754e-09,1.702769e-08,-14.40894221638908,1.702769e-08,164372.2155264158,1.702769e-08,8.872077747772789e-09
1.846425e-08,-328.1157062750903,1.846425e-08,7.916590770662034e-09,1.846425e-08,-14.41921389146202,1.846425e-08,165062.4528377093,1.846425e-08,8.187082539865957e-09
2.0022e-08,-301.2059893396217,2.0022e-08,7.284899239729785e-09,2.0022e-08,-14.43043892806019,2.0022e-08,165820.3315072666,2.0022e-08,7.555382526328985e-09
2.171118e-08,-276.3845129648842,2.171118e-08,6.702378815177148e-09,2.171118e-08,-14.44271452520466,2.171118e-08,166653.4502945279,2.171118e-08,6.972830759519977e-09
2.354286e-08,-253.4883013377786,2.354286e-08,6.165210605602638e-09,2.354286e-08,-14.45614948367837,2.354286e-08,167570.4562208163,2.354286e-08,6.435602843953087e-09
2.552908e-08,-232.3670055901481,2.552908e-08,5.669874153403542e-09,2.552908e-08,-14.47086592376547,2.552908e-08,168581.2290859295,2.552908e-08,5.940171828656326e-09
2.768287e-08,-212.8819154965883,2.768287e-08,5.213124450805143e-09,2.768287e-08,-14.48700132262505,2.768287e-08,169697.106932321,2.768287e-08,5.483285081151451e-09
3.001836e-08,-194.9050460496214,3.001836e-08,4.791970750838753e-09,3.001836e-08,-14.50471094586599,3.001836e-08,170931.1636737899,3.001836e-08,5.061942944804745e-09
3.255089e-08,-178.3182948687352,3.255089e-08,4.403657082505688e-09,3.255089e-08,-14.52417076509216,3.255089e-08,172298.5535190908,3.255089e-08,4.67337909111896e-09
3.529707e-08,-163.0126628421863,3.529707e-08,4.04564429643722e-09,3.529707e-08,-14.54558098243156,3.529707e-08,173816.9419942256,3.529707e-08,4.315042397228198e-09
3.827494e-08,-148.8875346043829,3.827494e-08,3.71559356645119e-09,3.827494e-08,-14.56917031419366,3.827494e-08,175507.0500417246,3.827494e-08,3.984580280194393e-09
4.150405e-08,-135.8500125085268,4.150405e-08,3.411351204227569e-09,4.150405e-08,-14.59520123520787,4.150405e-08,177393.3476679727,4.150405e-08,3.679823354397653e-09
4.500558e-08,-123.8143000291329,4.500558e-08,3.130934698763288e-09,4.500558e-08,-14.62397644572833,4.500558e-08,179504.947469418,4.500558e-08,3.398771336499335e-09
4.880252e-08,-112.7011303891807,4.880252e-08,2.872519890692835e-09,4.880252e-08,-14.65584690695406,4.880252e-08,181876.7686727958,4.880252e-08,3.139580125574733e-09
5.291979e-08,-102.400251823181,5.291979e-08,2.633571432814776e-09,5.291979e-08,-14.69135890044156,5.291979e-08,184561.6456966006,5.291979e-08,2.899688293614139e-09
5.738442e-08,-92.954853826487,5.738442e-08,2.415120735567682e-09,5.738442e-08,-14.73058178272141,5.738442e-08,187579.5137863186,5.738442e-08,2.680114790701783e-09
6.222571e-08,-84.19126635079022,6.222571e-08,2.21317852079492e-09,6.222571e-08,-14.7744941220341,6.222571e-08,191025.9254012701,6.222571e-08,2.476832299768724e-09
6.747544e-08,-76.08836834927583,6.747544e-08,2.027303275462972e-09,6.747544e-08,-14.82363462241379,6.747544e-08,194970.1539358434,6.747544e-08,2.289375457035711e-09
7.316807e-08,-68.59226161781685,7.316807e-08,1.856304219713126e-09,7.316807e-08,-14.8788141602532,7.316807e-08,199513.4435561896,7.316807e-08,2.116524732044464e-09
7.934097000000001e-08,-61.65287075868378,7.934097000000001e-08,1.699091595407612e-09,7.934097000000001e-08,-14.9410142734222,7.934097000000001e-08,204786.1396463223,7.934097000000001e-08,1.957161567932759e-09
8.603463999999999e-08,-55.04769991562379,8.603463999999999e-08,1.55073124855503e-09,8.603463999999999e-08,-15.01353598848548,8.603463999999999e-08,211148.528721604,8.603463999999999e-08,1.806247950151062e-09
9.329304e-08,-49.04323139313387,9.329304e-08,1.417315013863725e-09,9.329304e-08,-15.09475615572668,9.329304e-08,218561.0394882887,9.329304e-08,1.669964473312394e-09
1.011638e-07,-43.45289939127967,1.011638e-07,1.29474193400312e-09,1.011638e-07,-15.18815295703961,1.011638e-07,227487.8317848622,1.011638e-07,1.544134561805357e-09
1.096986e-07,-38.23434294706141,1.096986e-07,1.182208112574666e-09,1.096986e-07,-15.2964559561862,1.096986e-07,238423.7695620459,1.096986e-07,1.42793449027685e-09
1.189534e-07,-33.34556959266997,1.189534e-07,1.078969018201387e-09,1.189534e-07,-15.42332313688701,1.189534e-07,252112.2147131691,1.189534e-07,1.320608503563359e-09
1.28989e-07,-28.74375397326037,1.28989e-07,9.84334009845623e-10,1.28989e-07,-15.57379147409162,1.28989e-07,269726.41959157,1.28989e-07,1.221467372608166e-09
1.398713e-07,-24.38359295454988,1.398713e-07,8.976635156120954e-10,1.398713e-07,-15.75501548747228,1.398713e-07,293237.251303684,1.398713e-07,1.129891597565528e-09
1.516717e-07,-20.21516292128986,1.516717e-07,8.183735746276818e-10,1.516717e-07,-15.97750609815996,1.516717e-07,326232.8522119739,1.516717e-07,1.045346343100795e-09
1.644676e-07,-16.18197954700165,1.644676e-07,7.45962298077768e-10,1.644676e-07,-16.25717841512473,1.644676e-07,375980.0220185164,1.644676e-07,9.67429164523223e-10
1.783431e-07,-12.22417304195456,1.783431e-07,6.801041855482826e-10,1.783431e-07,-16.61816442295644,1.783431e-07,459477.5087475356,1.783431e-07,8.960150431803773e-10
1.933892e-07,-8.072962825931544,1.933892e-07,6.174877395043898e-10,1.933892e-07,-17.12572368503225,1.933892e-07,640560.9300155749,1.933892e-07,8.279299593268808e-10
2.097046e-07,-3.993534264152814,2.097046e-07,5.60929887046963e-10,2.097046e-07,-17.80145456698363,2.097046e-07,1195144.018248282,2.097046e-07,7.673328076332057e-10
2.273966e-07,-1.155740468425956,2.273966e-07,5.057573916571405e-10,2.273966e-07,-18.39359154327705,2.273966e-07,3805712.717340637,2.273966e-07,7.114699182053065e-10
2.465811e-07,-0.6631066349289169,2.465811e-07,4.584088890053343e-10,2.465811e-07,-18.41993835851317,2.465811e-07,6116040.082446875,2.465811e-07,6.598701508540995e-10
2.673842e-07,-0.5037447261548086,2.673842e-07,4.141383560159302e-10,2.673842e-07,-18.31433717358422,2.673842e-07,7424683.599259574,2.673842e-07,6.116427617911209e-10
2.899423e-07,-0.4152252948042922,2.899423e-07,3.575605113918482e-10,2.899423e-07,-18.15526264258825,2.899423e-07,8309318.56045112,2.899423e-07,5.674209891882469e-10
3.144035e-07,-0.3605210437578674,3.144035e-07,2.883280078596066e-10,3.144035e-07,-17.95634291040825,3.144035e-07,8822344.525350187,3.144035e-07,5.264976014585837e-10
3.409285e-07,-0.3247141369298419,3.409285e-07,2.365941382134645e-10,3.409285e-07,-17.72968773412181,3.409285e-07,9032449.057750439,3.409285e-07,4.890310236427278e-10
3.696913e-07,-0.2996077605615936,3.696913e-07,2.015118881295772e-10,3.696913e-07,-17.48211835519363,3.696913e-07,9028398.470137725,3.696913e-07,4.545888014045122e-10
4.008806e-07,-0.2808738616094655,4.008806e-07,1.756858198069749e-10,4.008806e-07,-17.21796400395517,4.008806e-07,8881337.236197816,4.008806e-07,4.227767179585143e-10
4.347013e-07,-0.2661770205004637,4.347013e-07,1.553731131874536e-10,4.347013e-07,-16.94116535741341,4.347013e-07,8642891.271889692,4.347013e-07,3.933838063076272e-10
4.713753e-07,-0.254154345240797,4.713753e-07,1.387043457662202e-10,4.713753e-07,-16.65491183968524,4.713753e-07,8349197.090456311,4.713753e-07,3.662320464052096e-10
5.111433e-07,-0.2440039604207043,5.111433e-07,1.246863023960596e-10,5.111433e-07,-16.36270612565104,5.111433e-07,8025922.270088918,5.111433e-07,3.412318871270763e-10
5.542665e-07,-0.2352534227590121,5.542665e-07,1.127600405353451e-10,5.542665e-07,-16.06900222462897,5.542665e-07,7692296.142467149,5.542665e-07,3.183818589822095e-10
6.010277000000001e-07,-0.2276218243575996,6.010277000000001e-07,1.02584643462309e-10,6.010277000000001e-07,-15.77912521805219,6.010277000000001e-07,7363143.54494327,6.010277000000001e-07,2.977215092572994e-10
6.51734e-07,-0.2209287406700791,6.51734e-07,9.391400004200414e-11,6.51734e-07,-15.49834398048981,6.51734e-07,7049190.782227049,6.51734e-07,2.792548078016322e-10
7.067181e-07,-0.2150372948602481,7.067181e-07,8.653234675043643e-11,7.067181e-07,-15.23068807036492,7.067181e-07,6756861.359703861,7.067181e-07,2.62894109319126e-10
7.663411e-07,-0.2098281132670058,7.663411e-07,8.023545097491858e-11,7.663411e-07,-14.97834824024298,7.663411e-07,6488703.649445887,7.663411e-07,2.484599346523526e-10
8.309942e-07,-0.2051926426243671,8.309942e-07,7.483444776305477e-11,8.309942e-07,-14.74180295920995,8.309942e-07,6244464.643588535,8.309942e-07,2.357177605181686e-10
9.011018e-07,-0.2010351509173944,9.011018e-07,7.016485198659352e-11,9.011018e-07,-14.52039159587541,9.011018e-07,6022344.547668686,9.011018e-07,2.244226356328464e-10
9.771242e-07,-0.1972748307569542,9.771242e-07,6.609063982451483e-11,9.771242e-07,-14.31289371559602,9.771242e-07,5819952.263247062,9.771242e-07,2.143489829049459e-10
1.05956e-06,-0.1938460080087168,1.05956e-06,6.250328249353045e-11,1.05956e-06,-14.11794254219275,1.05956e-06,5634875.449619122,1.05956e-06,2.05304049404533e-10
1.148951e-06,-0.1906747904672424,1.148951e-06,5.929611898894905e-11,1.148951e-06,-13.93295870706671,1.148951e-06,5463764.179128714,1.148951e-06,1.970736298603925e-10
1.245883e-06,-0.1877852882274196,1.245883e-06,5.646765261906134e-11,1.245883e-06,-13.76066156963608,1.245883e-06,5308271.550277415,1.245883e-06,1.896978895113216e-10
1.350994e-06,-0.1850859440074537,1.350994e-06,5.390659293728072e-11,1.350994e-06,-13.59659780975438,1.350994e-06,5163629.590584346,1.350994e-06,1.829211264188212e-10
1.464971e-06,-0.1825727656194096,1.464971e-06,5.159285892781025e-11,1.464971e-06,-13.44125917004689,1.464971e-06,5029694.533601582,1.464971e-06,1.767154581216951e-10
1.588565e-06,-0.1801995661846297,1.588565e-06,4.94704694553214e-11,1.588565e-06,-13.29236281171204,1.588565e-06,4904011.083053546,1.588565e-06,1.709508469588356e-10
1.722586e-06,-0.1780412731219226,1.722586e-06,4.759277903917982e-11,1.722586e-06,-13.15516347750237,1.722586e-06,4790487.066174337,1.722586e-06,1.65791249126779e-10
1.867914e-06,-0.1760003354916827,1.867914e-06,4.586290833848774e-11,1.867914e-06,-13.02390368685177,1.867914e-06,4683890.278316206,1.867914e-06,1.609865651517163e-10
2.025502e-06,-0.1740706988839042,2.025502e-06,4.426796726360465e-11,2.025502e-06,-12.89848772902731,2.025502e-06,4583841.026648754,2.025502e-06,1.565116102394727e-10
2.196385e-06,-0.1723256707334552,2.196385e-06,4.285933493098169e-11,2.196385e-06,-12.7840124987768,2.196385e-06,4494024.376767206,2.196385e-06,1.525222902688032e-10
2.381686e-06,-0.1706803868592529,2.381686e-06,4.156029638265599e-11,2.381686e-06,-12.67518077873661,2.381686e-06,4409944.625680448,2.381686e-06,1.488115456920064e-10
2.582619e-06,-0.1691474811718069,2.582619e-06,4.037516914179706e-11,2.582619e-06,-12.57302041898049,2.582619e-06,4332158.916392957,2.582619e-06,1.453987932718237e-10
2.800504e-06,-0.1677201126218777,2.800504e-06,3.929328731434821e-11,2.800504e-06,-12.47725004803384,2.800504e-06,4260224.228222678,2.800504e-06,1.422598840948664e-10
3.036771e-06,-0.1663907187506974,3.036771e-06,3.830428334249915e-11,3.036771e-06,-12.38750910669693,3.036771e-06,4193670.215884803,3.036771e-06,1.393703255328522e-10
3.292971e-06,-0.1651490498389452,3.292971e-06,3.739662200369565e-11,3.292971e-06,-12.30322693458385,3.292971e-06,4131903.869658187,3.292971e-06,1.367010854028373e-10
3.570786e-06,-0.1639859299540449,3.570786e-06,3.656035114197661e-11,3.570786e-06,-12.22387960315621,3.570786e-06,4074399.292150147,3.570786e-06,1.342267487081525e-10
3.872039e-06,-0.1628977132159947,3.872039e-06,3.579007317954991e-11,3.872039e-06,-12.14930186645215,3.872039e-06,4020914.192815477,3.872039e-06,1.319346176058032e-10
4.198707e-06,-0.161868296507642,4.198707e-06,3.507213144503627e-11,4.198707e-06,-12.07845651875873,4.198707e-06,3970604.874441458,4.198707e-06,1.297867118372348e-10
4.552935e-06,-0.1608955931799277,4.552935e-06,3.440324308345768e-11,4.552935e-06,-12.01125366252739,4.552935e-06,3923326.195198518,4.552935e-06,1.277753610775108e-10
4.937048e-06,-0.1599847733687511,4.937048e-06,3.378521657909042e-11,4.937048e-06,-11.94810160299965,4.937048e-06,3879286.583785226,4.937048e-06,1.259080345380715e-10
5.353567e-06,-0.1591061235634184,5.353567e-06,3.319657769669495e-11,5.353567e-06,-11.88697610176587,5.353567e-06,3837016.193319825,5.353567e-06,1.241213888588424e-10
5.805226e-06,-0.1582650906962405,5.805226e-06,3.264004488338027e-11,5.805226e-06,-11.82828321629059,5.805226e-06,3796754.142270817,5.805226e-06,1.22424782489896e-10
6.294989e-06,-0.1574857767079702,6.294989e-06,3.213034107077845e-11,6.294989e-06,-11.77374100406169,6.294989e-06,3759622.185400086,6.294989e-06,1.208645070158922e-10
6.826072e-06,-0.1567165487215889,6.826072e-06,3.163284618403002e-11,6.826072e-06,-11.7197563201399,6.826072e-06,3723136.839605139,6.826072e-06,1.19335581919811e-10
7.40196e-06,-0.1559798510913147,7.40196e-06,3.116158396843555e-11,7.40196e-06,-11.66791960027746,7.40196e-06,3688350.52537397,7.40196e-06,1.178817003161969e-10
8.026434e-06,-0.1552828622144972,8.026434e-06,3.072037215970594e-11,8.026434e-06,-11.61875786828676,8.026434e-06,3655580.936763706,8.026434e-06,1.165155325448686e-10
8.703591e-06,-0.1545948531363317,8.703591e-06,3.028925191415745e-11,8.703591e-06,-11.57011571633039,8.703591e-06,3623369.055939381,8.703591e-06,1.151758790301474e-10
9.437878e-06,-0.1539365029368191,9.437878e-06,2.988079154418274e-11,9.437878e-06,-11.523467056195,9.437878e-06,3592672.784168695,9.437878e-06,1.139022585096183e-10
1.023411e-05,-0.1532941670997255,1.023411e-05,2.948608609358265e-11,1.023411e-05,-11.47785639980649,1.023411e-05,3562843.413465735,1.023411e-05,1.126674215743898e-10
1.109752e-05,-0.1526666333372347,1.109752e-05,2.910409854090972e-11,1.109752e-05,-11.43320558312801,1.109752e-05,3533816.624114811,1.109752e-05,1.114684772590681e-10
1.203378e-05,-0.1520533764121831,1.203378e-05,2.873424105163391e-11,1.203378e-05,-11.38948457529185,1.203378e-05,3505560.702034526,1.203378e-05,1.103039050740799e-10
1.304902e-05,-0.1514541370048723,1.304902e-05,2.837610403701003e-11,1.304902e-05,-11.34668159876951,1.304902e-05,3478056.552874029,1.304902e-05,1.091727216735937e-10
1.414991e-05,-0.1508806246927093,1.414991e-05,2.80363497472672e-11,1.414991e-05,-11.30564281283865,1.414991e-05,3451831.832507463,1.414991e-05,1.080963607144389e-10
1.534368e-05,-0.1503076820002785,1.534368e-05,2.769985508827958e-11,1.534368e-05,-11.26457231882965,1.534368e-05,3425729.518159139,1.534368e-05,1.070271795683196e-10
1.663817e-05,-0.1497498518805679,1.663817e-05,2.737502725090622e-11,1.663817e-05,-11.22451711567254,1.663817e-05,3400408.703896914,1.663817e-05,1.059920599616352e-10
1.804186e-05,-0.1492020420512203,1.804186e-05,2.70587007570007e-11,1.804186e-05,-11.18511655591237,1.804186e-05,3375632.269253391,1.804186e-05,1.049811560424459e-10
1.956398e-05,-0.1486614543955821,1.956398e-05,2.674912190459937e-11,1.956398e-05,-11.1461729923782,1.956398e-05,3351269.716218947,1.956398e-05,1.039890357786123e-10
2.121452e-05,-0.1481271195283812,2.121452e-05,2.644562723293673e-11,2.121452e-05,-11.1076194903098,2.121452e-05,3327274.358191928,2.121452e-05,1.030137121530545e-10
2.30043e-05,-0.1476055616404413,2.30043e-05,2.615177777987088e-11,2.30043e-05,-11.06993088197386,2.30043e-05,3303934.931742068,2.30043e-05,1.02066805643478e-10
2.494508e-05,-0.1470898908826051,2.494508e-05,2.586355353186927e-11,2.494508e-05,-11.03261254902247,2.494508e-05,3280938.906123557,2.494508e-05,1.011355324557752e-10
2.70496e-05,-0.14657942567622,2.70496e-05,2.558048850788331e-11,2.70496e-05,-10.9956174578739,2.70496e-05,3258253.518179302,2.70496e-05,1.00218497953781e-10
2.933166e-05,-0.146073147854839,2.933166e-05,2.530194571577068e-11,2.933166e-05,-10.95887373995192,2.933166e-05,3235831.543911725,2.933166e-05,9.931373536637473e-11
3.180626e-05,-0.1455762076150809,3.180626e-05,2.503066071415945e-11,3.180626e-05,-10.92275798030868,3.180626e-05,3213898.202915979,3.180626e-05,9.843025346955744e-11
3.448962e-05,-0.1450735818426101,3.448962e-05,2.475839971184807e-11,3.448962e-05,-10.88617848002162,3.448962e-05,3191789.666108604,3.448962e-05,9.754129263282606e-11
3.739937e-05,-0.1445962401973294,3.739937e-05,2.450180410722055e-11,3.739937e-05,-10.85139434637491,3.739937e-05,3170864.155789823,3.739937e-05,9.670134533287088e-11
4.055461e-05,-0.1441106782340605,4.055461e-05,2.424275154240906e-11,4.055461e-05,-10.81596484982716,4.055461e-05,3149649.058958457,4.055461e-05,9.585123283938211e-11
4.397604e-05,-0.1436304038445597,4.397604e-05,2.398845642117144e-11,4.397604e-05,-10.78087640613996,4.397604e-05,3128735.426156501,4.397604e-05,9.501463446829826e-11
4.768612e-05,-0.1431505067973843,4.768612e-05,2.373627626296161e-11,4.768612e-05,-10.74577109930191,4.768612e-05,3107908.301705335,4.768612e-05,9.41829194340283e-11
5.17092e-05,-0.1426855124316142,5.17092e-05,2.349374370533224e-11,5.17092e-05,-10.71171497563334,5.17092e-05,3087794.969908157,5.17092e-05,9.338105163907796e-11
5.60717e-05,-0.1422153855414619,5.60717e-05,2.325034505430807e-11,5.60717e-05,-10.67724101754046,5.60717e-05,3067526.716190162,5.60717e-05,9.257435795230587e-11
6.080224e-05,-0.1417462515970428,6.080224e-05,2.300926682153174e-11,6.080224e-05,-10.64279861296628,6.080224e-05,3047368.665985913,6.080224e-05,9.177339562851711e-11
6.593188e-05,-0.1412846401054572,6.593188e-05,2.277380716422566e-11,6.593188e-05,-10.6088688307268,6.593188e-05,3027599.688658896,6.593188e-05,9.098919794057893e-11
7.149429e-05,-0.1408286141870219,7.149429e-05,2.254289606544943e-11,7.149429e-05,-10.57531143355733,7.149429e-05,3008134.162444858,7.149429e-05,9.021830362695629e-11
7.752597e-05,-0.1403700529278993,7.752597e-05,2.231239769497268e-11,7.752597e-05,-10.54152892586045,7.752597e-05,2988624.87282714,7.752597e-05,8.944694625825849e-11
8.406653e-05,-0.1399112118995704,8.406653e-05,2.208345360228853e-11,8.406653e-05,-10.50768761743467,8.406653e-05,2969168.49450154,8.406653e-05,8.867895008868988e-11
9.115888e-05,-0.1394610181862529,9.115888e-05,2.186046402721837e-11,9.115888e-05,-10.47444764278969,9.115888e-05,2950141.920515534,9.115888e-05,8.792914633531432e-11
9.884959e-05,-0.1390121115404114,9.884959e-05,2.163972241257943e-11,9.884959e-05,-10.44126682206771,9.884959e-05,2931232.088765163,9.884959e-05,8.718515153413926e-11
0.0001071891,-0.1385622494328715,0.0001071891,2.142011751709998e-11,0.0001071891,-10.4079794867359,0.0001071891,2912344.554388375,0.0001071891,8.644324288252835e-11
0.0001162322,-0.1381119597984133,0.0001162322,2.120190725444621e-11,0.0001162322,-10.37462488518405,0.0001162322,2893501.871342197,0.0001162322,8.570430378693583e-11
0.0001260383,-0.1376691538393676,0.0001260383,2.098888040459424e-11,0.0001260383,-10.34179049477247,0.0001260383,2875033.72061034,0.0001260383,8.498122458682256e-11
0.0001366716,-0.1372261385810551,0.0001366716,2.07772914535199e-11,0.0001366716,-10.30890667706544,0.0001366716,2856617.825312949,0.0001366716,8.426135368543842e-11
0.0001482021,-0.136782832976634,0.0001482021,2.056709771236646e-11,0.0001482021,-10.27596753226155,0.0001482021,2838251.00933572,0.0001482021,8.354456251704018e-11
0.0001607053,-0.1363389481816964,0.0001607053,2.035815999441103e-11,0.0001607053,-10.24295176570883,0.0001607053,2819921.576824529,0.0001607053,8.28303909267038e-11
0.0001742633,-0.1359014543913754,0.0001742633,2.015372213040226e-11,0.0001742633,-10.21037904485959,0.0001742633,2801916.236232408,0.0001742633,8.2129977881251e-11
0.0001889652,-0.1354633388962052,0.0001889652,1.995047173298738e-11,0.0001889652,-10.17772783959592,0.0001889652,2783945.272449137,0.0001889652,8.143202652394528e-11
0.0002049075,-0.1350249710339309,0.0002049075,1.974857823220362e-11,0.0002049075,-10.14502576934838,0.0002049075,2766024.102273912,0.0002049075,8.073713266105277e-11
0.0002221947,-0.1345858420777502,0.0002221947,1.954780603171636e-11,0.0002221947,-10.11223499968707,0.0002221947,2748132.224793277,0.0002221947,8.004449865776016e-11
0.0002409404,-0.1341521200112099,0.0002409404,1.935094507321802e-11,0.0002409404,-10.07981712815374,0.0002409404,2730520.0715434,0.0002409404,7.936379286125557e-11
0.0002612675,-0.1337181574730328,0.0002612675,1.915540063245055e-11,0.0002612675,-10.04735060427199,0.0002612675,2712957.348357496,0.0002612675,7.868609000239803e-11
0.0002833096,-0.1332834852637572,0.0002833096,1.896095999404075e-11,0.0002833096,-10.01480034243946,0.0002833096,2695425.349300947,0.0002833096,7.801066620726995e-11
0.0003072113,-0.1328478199740978,0.0003072113,1.876749855881799e-11,0.0003072113,-9.982145162439886,0.0003072113,2677913.0795759,0.0003072113,7.733709790855721e-11
0.0003331295,-0.1324163873650826,0.0003331295,1.857731451315845e-11,0.0003331295,-9.949777539022364,0.0003331295,2660630.006566762,0.0003331295,7.667342172395193e-11
0.0003612343,-0.1319863528670843,0.0003612343,1.838912511375677e-11,0.0003612343,-9.917485564286219,0.0003612343,2643461.50817789,0.0003612343,7.601520915695976e-11
0.0003917101,-0.13155439918496,0.0003917101,1.820147581442085e-11,0.0003917101,-9.885019988551614,0.0003917101,2626275.353010096,0.0003917101,7.535738847800898e-11
0.0004247572,-0.1311211478907134,0.0004247572,1.801464595626956e-11,0.0004247572,-9.852427468490621,0.0004247572,2609097.015240995,0.0004247572,7.470094008558976e-11
0.0004605922,-0.1306900114075006,0.0004605922,1.783009701368495e-11,0.0004605922,-9.819965092960956,0.0004605922,2592061.709101025,0.0004605922,7.40510211998257e-11
0.0004994505,-0.1302646505553709,0.0004994505,1.764935197192929e-11,0.0004994505,-9.787909898224209,0.0004994505,2575312.519132718,0.0004994505,7.341305299531184e-11
0.0005415871,-0.1298346135021978,0.0005415871,1.746796037241144e-11,0.0005415871,-9.755473732121674,0.0005415871,2558437.808014045,0.0005415871,7.277135150083516e-11
0.0005872787,-0.1294060870281313,0.0005872787,1.72885400123953e-11,0.0005872787,-9.72312352050468,0.0005872787,2541681.049361271,0.0005872787,7.213517847179354e-11
0.000636825,-0.1289689064921065,0.000636825,1.710686428168929e-11,0.000636825,-9.690090669707544,0.000636825,2524646.405962171,0.000636825,7.148953048439095e-11
0.0006905514,-0.1285504871743393,0.0006905514,1.693426924511147e-11,0.0006905514,-9.658449724661669,0.0006905514,2508399.942443019,0.0006905514,7.087475947288003e-11
0.0007488104,-0.1281216607403228,0.0007488104,1.675868366508224e-11,0.0007488104,-9.625993844121382,0.0007488104,2491807.672040794,0.0007488104,7.024793144343665e-11
0.0008119845,-0.1276957369252942,0.0008119845,1.658558400547406e-11,0.0008119845,-9.593730698645574,0.0008119845,2475386.11522683,0.0008119845,6.962857578682537e-11
0.0008804884,-0.1272689303044419,0.0008804884,1.641341746903017e-11,0.0008804884,-9.561373713989816,0.0008804884,2458989.018083884,0.0008804884,6.901116442633527e-11
0.0009547716,-0.1268418110859673,0.0009547716,1.62424139433583e-11,0.0009547716,-9.528966169642127,0.0009547716,2442638.623903992,0.0009547716,6.839653342595018e-11
0.001035322,-0.1264135057292271,0.001035322,1.607222502782583e-11,0.001035322,-9.496441758755045,0.001035322,2426301.900915451,0.001035322,6.778344092982422e-11
0.001122668,-0.1259852970757787,0.001122668,1.590335985584945e-11,0.001122668,-9.463897941649154,0.001122668,2410028.101744578,0.001122668,6.717373347497003e-11
0.001217383,-0.1255635685376264,0.001217383,1.573829949495043e-11,0.001217383,-9.431821200153438,0.001217383,2394058.480490156,0.001217383,6.657641758204905e-11
0.001320088,-0.1251369126147947,0.001320088,1.557256895385737e-11,0.001320088,-9.39934328264785,0.001320088,2377960.959263629,0.001320088,6.597532559082826e-11
0.001431459,-0.1247122839502216,0.001431459,1.540887603266983e-11,0.001431459,-9.366993933376445,0.001431459,2361998.563757114,0.001431459,6.538028128364911e-11
0.001552225,-0.1242868047025393,0.001552225,1.524610116372293e-11,0.001552225,-9.334553994242329,0.001552225,2346062.987755594,0.001552225,6.478723824027918e-11
0.00168318,-0.1238611153385246,0.00168318,1.508448860356144e-11,0.00168318,-9.302072365892334,0.00168318,2330178.53276356,0.00168318,6.419709880026581e-11
0.001825183,-0.1234342607253996,0.001825183,1.492367653760106e-11,0.001825183,-9.26947612177025,0.001825183,2314309.953608275,0.001825183,6.360855298782417e-11
0.001979167,-0.1230055865895784,0.001979167,1.476342648522277e-11,0.001979167,-9.236715023914172,0.001979167,2298433.677429705,0.001979167,6.302073197114987e-11
0.002146141,-0.1225860980801778,0.002146141,1.460781297140219e-11,0.002146141,-9.204631838157178,0.002146141,2282955.694888693,0.002146141,6.244863194176863e-11
0.002327202,-0.1221602511098257,0.002327202,1.445105543053672e-11,0.002327202,-9.172036885200932,0.002327202,2267302.191944136,0.002327202,6.187103349602985e-11
0.002523539,-0.1217355462145071,0.002523539,1.429593067023171e-11,0.002523539,-9.139504436465231,0.002523539,2251749.978763463,0.002523539,6.129816096109487e-11
0.00273644,-0.1213116865870184,0.00273644,1.414231643643268e-11,0.00273644,-9.10701209906113,0.00273644,2236287.864184926,0.00273644,6.072958935791343e-11
0.002967302,-0.12088243704141,0.002967302,1.398796849650125e-11,0.002967302,-9.07408108426862,0.002967302,2220689.558594658,0.002967302,6.015700995571954e-11
0.003217642,-0.1204622686253887,0.003217642,1.383806655839374e-11,0.003217642,-9.041823122647875,0.003217642,2205480.028977474,0.003217642,5.95996701881312e-11
0.003489101,-0.1200366875624665,0.003489101,1.368742203260175e-11,0.003489101,-9.00912478699078,0.003489101,2190134.177028756,0.003489101,5.903831440023263e-11
0.003783463,-0.1196126625156622,0.003783463,1.353851138949769e-11,0.003783463,-8.97652174356301,0.003783463,2174904.104938725,0.003783463,5.848217040880384e-11
0.004102658,-0.1191876259439032,0.004102658,1.339042591050952e-11,0.004102658,-8.943816582485999,0.004102658,2159697.617267109,0.004102658,5.792786460732455e-11
0.004448783,-0.1187539568370846,0.004448783,1.324054731589277e-11,0.004448783,-8.910421516221662,0.004448783,2144244.375558577,0.004448783,5.736557263624264e-11
0.004824109,-0.1183389876733871,0.004824109,1.309826921083764e-11,0.004824109,-8.878444386230662,0.004824109,2129515.827703443,0.004824109,5.68305944824278e-11
0.005231099,-0.1179138647181618,0.005231099,1.295366479664299e-11,0.005231099,-8.845660249109846,0.005231099,2114486.694243538,0.005231099,5.628566251529347e-11
0.005672426,-0.1174859676843572,0.005672426,1.280929047030616e-11,0.005672426,-8.812637779208217,0.005672426,2099420.590016433,0.005672426,5.574037146200567e-11
0.006150986,-0.1170647739644032,0.006150986,1.266832068372579e-11,0.006150986,-8.780109551545378,0.006150986,2084650.301643193,0.006150986,5.520674443030028e-11
0.00666992,-0.1166389732960904,0.00666992,1.252695896046641e-11,0.00666992,-8.747201444204167,0.00666992,2069779.097129084,0.00666992,5.467043812989969e-11
0.007232634,-0.1162094878900689,0.007232634,1.238554000141507e-11,0.007232634,-8.713984134820301,0.007232634,2054841.082840859,0.007232634,5.413270500689265e-11
0.007842821999999999,-0.1157902566283337,0.007842821999999999,1.224861856377412e-11,0.007842821999999999,-8.681537491040347,0.007842821999999999,2040319.463370537,0.007842821999999999,5.361090782201517e-11
0.008504489,-0.1153643508217529,0.008504489,1.211065037874797e-11,0.008504489,-8.648550279566386,0.008504489,2025627.573286664,0.008504489,5.308395234481748e-11
0.009221979,-0.1149400424649181,0.009221979,1.197432850753135e-11,0.009221979,-8.615663460142851,0.009221979,2011051.799295513,0.009221979,5.25621201737943e-11
0.01,-0.1145123801374824,0.01,1.18380647052814e-11,0.01,-8.582492986292458,0.01,1996422.608734156,0.01,5.20393425066993e-11
