kcdg_p X,kcdg_p Y,kcgs_n X,kcgs_n Y,reff X,reff Y,gm_n X,gm_n Y,kgds_p X,kgds_p Y,gm_n2 X,gm_n2 Y,kgmp X,kgmp Y,kgmn X,kgmn Y,kcgd_n X,kcgd_n Y,reff_2 X,reff_2 Y,kcsg_p X,kcsg_p Y,kgds_n X,kgds_n Y
1e-09,1.051247168945736e-07,1e-09,-7.893233101866403e-07,1e-09,777484064.3081241,1e-09,2.804094446947293e-08,1e-09,-0.6681169493430807,1e-09,2.80409511091051e-08,1e-09,-27.88868421267982,1e-09,28.08540682912365,1e-09,-6.535070909836592e-07,1e-09,35876454.49659888,1e-09,1.14360379912041e-07,1e-09,0.6194289558870354
1.149757e-09,9.14267120510353e-08,1.149757e-09,-6.86976569692297e-07,1.149757e-09,678914008.9663799,1.149757e-09,3.222694118778432e-08,1.149757e-09,-0.6630019217657966,1.149757e-09,3.222694712062827e-08,1.149757e-09,-27.827171949294,1.149757e-09,28.06800078085652,1.149757e-09,-5.686298360321942e-07,1.149757e-09,31270523.02400017,1.149757e-09,9.96050337205793e-08,1.149757e-09,0.6192603309196568
1.321941e-09,7.964740446176064e-08,1.321941e-09,-5.980080303231553e-07,1.321941e-09,592549122.7414546,1.321941e-09,3.702997523940913e-08,1.321941e-09,-0.6591680380417286,1.321941e-09,3.706017650654565e-08,1.321941e-09,-27.76210834354175,1.321941e-09,28.04981552292604,1.321941e-09,-4.948706743938951e-07,1.321941e-09,27287710.22341121,1.321941e-09,8.684820501273466e-08,1.321941e-09,0.6190830573410367
1.519911e-09,6.92470804130876e-08,1.519911e-09,-5.2047266739266e-07,1.519911e-09,517455686.8938243,1.519911e-09,4.255472764983707e-08,1.519911e-09,-0.6539446196374585,1.519911e-09,4.258276623897224e-08,1.519911e-09,-27.69276663146232,1.519911e-09,28.0307440345564,1.519911e-09,-4.306093637323704e-07,1.519911e-09,23786747.67396323,1.519911e-09,7.563803658200013e-08,1.519911e-09,0.6188959446122987
1.747528e-09,6.020962253788829e-08,1.747528e-09,-4.530036385125628e-07,1.747528e-09,451863298.335893,1.747528e-09,4.890066243947047e-08,1.747528e-09,-0.6488441027767298,1.747528e-09,4.892686518172652e-08,1.747528e-09,-27.61916427939689,1.747528e-09,28.01074682437635,1.747528e-09,-3.747067158703347e-07,1.747528e-09,20739376.82559291,1.747528e-09,6.588354921910753e-08,1.747528e-09,0.6186984527841441
2.009233e-09,5.232179232589274e-08,2.009233e-09,-3.94268341963661e-07,2.009233e-09,394640827.3598783,2.009233e-09,5.619275074969005e-08,2.009233e-09,-0.6434187027914062,2.009233e-09,5.619986521650148e-08,2.009233e-09,-27.54093646865618,2.009233e-09,27.9897445068482,2.009233e-09,-3.260533135206774e-07,2.009233e-09,18079382.78298003,2.009233e-09,5.737259570888372e-08,2.009233e-09,0.6184896429507954
2.31013e-09,4.551617719634121e-08,2.31013e-09,-3.431886814922143e-07,2.31013e-09,344567302.4920035,2.31013e-09,6.456240814845462e-08,2.31013e-09,-0.6387663161829179,2.31013e-09,6.457815786152977e-08,2.31013e-09,-27.45808623426449,2.31013e-09,27.96768470845823,2.31013e-09,-2.83751775362931e-07,2.31013e-09,15773652.35240261,2.31013e-09,4.99985911349623e-08,2.31013e-09,0.6182688361636774
2.656088e-09,3.96427846092294e-08,2.656088e-09,-2.987840315607229e-07,2.656088e-09,300788300.0206652,2.656088e-09,7.416179420461078e-08,2.656088e-09,-0.6348637276401868,2.656088e-09,7.422960814667821e-08,2.656088e-09,-27.37043093926056,2.656088e-09,27.94450190989108,2.656088e-09,-2.469864199043436e-07,2.656088e-09,13774790.48213863,2.656088e-09,4.360946839748026e-08,2.656088e-09,0.6180352118347148
3.053856e-09,3.441314489282392e-08,3.053856e-09,-2.600208245095491e-07,3.053856e-09,262745827.5696573,3.053856e-09,8.521944453515204e-08,3.053856e-09,-0.6289428121315084,3.053856e-09,8.521945608118966e-08,3.053856e-09,-27.27672513656867,3.053856e-09,27.92000720004705,3.053856e-09,-2.148986126286227e-07,3.053856e-09,12007382.25733492,3.053856e-09,3.796421097177748e-08,3.053856e-09,0.6177867071644423
3.511192e-09,2.998237277187014e-08,3.511192e-09,-2.263764277131856e-07,3.511192e-09,229332187.223061,3.511192e-09,9.788336654164409e-08,3.511192e-09,-0.6253091143969206,3.511192e-09,9.796927839263519e-08,3.511192e-09,-27.17813828709458,3.511192e-09,27.89424767353691,3.511192e-09,-1.870533640264951e-07,3.511192e-09,10491934.42118995,3.511192e-09,3.312700519703387e-08,3.511192e-09,0.6175236066634996
4.037017e-09,2.607125520480695e-08,4.037017e-09,-1.970559809202871e-07,4.037017e-09,200266812.6203818,4.037017e-09,1.124417809229097e-07,4.037017e-09,-0.6204622747173812,4.037017e-09,1.125292476778175e-07,4.037017e-09,-27.07321041733992,4.037017e-09,27.86702538377037,4.037017e-09,-1.627908921982755e-07,4.037017e-09,9159308.083333772,4.037017e-09,2.887713221476036e-08,4.037017e-09,0.6172437124821837
4.641589e-09,2.264058669908103e-08,4.641589e-09,-1.715195569673862e-07,4.641589e-09,174945669.5580804,4.641589e-09,1.291709538627072e-07,4.641589e-09,-0.6148329762784079,4.641589e-09,1.291709487627003e-07,4.641589e-09,-26.96171919068516,4.641589e-09,27.83824312313319,4.641589e-09,-1.416628704936443e-07,4.641589e-09,7991845.84849066,4.641589e-09,2.515765265108156e-08,4.641589e-09,0.6169457317174576
5.336699000000001e-09,1.972351239793654e-08,5.336699000000001e-09,-1.493375472548724e-07,5.336699000000001e-09,152719724.5449918,5.336699000000001e-09,1.483388445272855e-07,5.336699000000001e-09,-0.6110895217233789,5.336699000000001e-09,1.484625006822866e-07,5.336699000000001e-09,-26.84444056762083,5.336699000000001e-09,27.8078690413913,5.336699000000001e-09,-1.233126343543112e-07,5.336699000000001e-09,6987851.564842551,5.336699000000001e-09,2.196215812323319e-08,5.336699000000001e-09,0.6166294206985774
6.135907e-09,1.712655381730199e-08,6.135907e-09,-1.299906370735857e-07,6.135907e-09,133421488.1142012,6.135907e-09,1.703889873054443e-07,6.135907e-09,-0.6054249560567757,6.135907e-09,1.703890835016726e-07,6.135907e-09,-26.7194472440235,6.135907e-09,27.77565805958302,6.135907e-09,-1.073095547507761e-07,6.135907e-09,6100166.917997289,6.135907e-09,1.914041131326601e-08,6.135907e-09,0.6162915126660956
7.054802e-09,1.489543039262568e-08,7.054802e-09,-1.131187634817531e-07,7.054802e-09,116500215.2383025,7.054802e-09,1.957642209344864e-07,7.054802e-09,-0.6006756065624339,7.054802e-09,1.95760947440795e-07,7.054802e-09,-26.58767912540316,7.054802e-09,27.74146449781479,7.054802e-09,-9.335482759107589e-08,7.054802e-09,5331796.330958876,7.054802e-09,1.670105073627526e-08,7.054802e-09,0.6159263597914457
8.111308e-09,1.295555447475571e-08,8.111308e-09,-9.849749055654473e-08,8.111308e-09,101757719.0575294,8.111308e-09,2.247725132145072e-07,8.111308e-09,-0.5959328851506699,8.111308e-09,2.247725080027147e-07,8.111308e-09,-26.44837505308539,8.111308e-09,27.70537197936147,8.111308e-09,-8.12627640961133e-08,8.111308e-09,4661732.921486259,8.111308e-09,1.457684344128154e-08,8.111308e-09,0.6155441907524971
9.326033000000001e-09,1.127757043152717e-08,9.326033000000001e-09,-8.580069790364638e-08,9.326033000000001e-09,88884630.16672525,9.326033000000001e-09,2.579674920889093e-07,9.326033000000001e-09,-0.5915966506450238,9.326033000000001e-09,2.580819862736912e-07,9.326033000000001e-09,-26.30146051870722,9.326033000000001e-09,27.66719910933105,9.326033000000001e-09,-7.076296544832904e-08,9.326033000000001e-09,4079114.285563303,9.326033000000001e-09,1.273271384404603e-08,9.326033000000001e-09,0.615140162468478
1.072267e-08,9.814616347294972e-09,1.072267e-08,-7.471799644598535e-08,1.072267e-08,77640524.7685311,1.072267e-08,2.961459852472449e-07,1.072267e-08,-0.5870421788242107,1.072267e-08,2.963647840108207e-07,1.072267e-08,-26.14628797934029,1.072267e-08,27.62659606444895,1.072267e-08,-6.159812534895694e-08,1.072267e-08,3570136.025795346,1.072267e-08,1.112442267774169e-08,1.072267e-08,0.6147039348167246
1.232847e-08,8.527110317586602e-09,1.232847e-08,-6.499489911826875e-08,1.232847e-08,67802514.95176108,1.232847e-08,3.403421779381109e-07,1.232847e-08,-0.5816407846805773,1.232847e-08,3.404335319136952e-07,1.232847e-08,-25.98167911431249,1.232847e-08,27.58312006363651,1.232847e-08,-5.355746081263164e-08,1.232847e-08,3122582.867411504,1.232847e-08,9.712857335834531e-09,1.232847e-08,0.6142260864109963
1.417474e-08,7.409585986876399e-09,1.417474e-08,-5.665647428661882e-08,1.417474e-08,59291434.21589944,1.417474e-08,3.903045988402565e-07,1.417474e-08,-0.5760845168696616,1.417474e-08,3.901777317131542e-07,1.417474e-08,-25.80830890016726,1.417474e-08,27.53761243327993,1.417474e-08,-4.666231046594157e-08,1.417474e-08,2732846.405722789,1.417474e-08,8.4860557618005e-09,1.417474e-08,0.6137392673866016
1.629751e-08,6.448218225500285e-09,1.629751e-08,-4.934783420804525e-08,1.629751e-08,51803215.42143787,1.629751e-08,4.479580761379777e-07,1.629751e-08,-0.5713425671048307,1.629751e-08,4.47958099097606e-07,1.629751e-08,-25.62577751879547,1.629751e-08,27.48895954211213,1.629751e-08,-4.061831983062964e-08,1.629751e-08,2394537.951132503,1.629751e-08,7.423316607215533e-09,1.629751e-08,0.6132077792480646
1.873817e-08,5.608407341995642e-09,1.873817e-08,-4.298580006814349e-08,1.873817e-08,45273969.82892046,1.873817e-08,5.140805407849173e-07,1.873817e-08,-0.5661917932476751,1.873817e-08,5.140805709746328e-07,1.873817e-08,-25.43297142554015,1.873817e-08,27.43724762586169,1.873817e-08,-3.535688057983421e-08,1.873817e-08,2098424.120148716,1.873817e-08,6.495150772425773e-09,1.873817e-08,0.6126395331333915
2.154435e-08,4.88410147122256e-09,2.154435e-08,-3.745364293449258e-08,2.154435e-08,39565552.81541973,2.154435e-08,5.898148153357021e-07,2.154435e-08,-0.5615334169223696,2.154435e-08,5.901961201934917e-07,2.154435e-08,-25.23012125895285,2.154435e-08,27.38233395342969,2.154435e-08,-3.078144081712886e-08,2.154435e-08,1841109.328947925,2.154435e-08,5.690404095920162e-09,2.154435e-08,0.6120328890188166
2.477076e-08,4.248243968874353e-09,2.477076e-08,-3.263351413302191e-08,2.477076e-08,34588142.77121527,2.477076e-08,6.767170383766558e-07,2.477076e-08,-0.5561865152487125,2.477076e-08,6.771852441600064e-07,2.477076e-08,-25.01526519963635,2.477076e-08,27.32389394121931,2.477076e-08,-2.679454115459256e-08,2.477076e-08,1615073.368358801,2.477076e-08,4.985103092160638e-09,2.477076e-08,0.6113840034811254
2.848036e-08,3.694518045694037e-09,2.848036e-08,-2.843854190230128e-08,2.848036e-08,30243811.09683291,2.848036e-08,7.763163125109002e-07,2.848036e-08,-0.5506146004217878,2.848036e-08,7.768094744876229e-07,2.848036e-08,-24.78812895428875,2.848036e-08,27.26175960804865,2.848036e-08,-2.332435799912863e-08,2.848036e-08,1417459.045692063,2.848036e-08,4.369900864493547e-09,2.848036e-08,0.6106906687013263
3.274549e-08,3.212489380166151e-09,3.274549e-08,-2.478771895923197e-08,3.274549e-08,26451478.65941917,3.274549e-08,8.904419104999328e-07,3.274549e-08,-0.5448199734843868,3.274549e-08,8.90879035337319e-07,3.274549e-08,-24.54778486066779,3.274549e-08,27.19569789225396,3.274549e-08,-2.03039317849763e-08,3.274549e-08,1244699.21816441,3.274549e-08,3.833282297383228e-09,3.274549e-08,0.6099500050521018
3.764936e-08,2.793021897105554e-09,3.764936e-08,-2.161043998403917e-08,3.764936e-08,23140418.50904442,3.764936e-08,1.021184198453207e-06,3.764936e-08,-0.5388056892033928,3.764936e-08,1.021466745009733e-06,3.764936e-08,-24.29317087354942,3.764936e-08,27.12546465727777,3.764936e-08,-1.767491448370112e-08,3.764936e-08,1093673.222960431,3.764936e-08,3.365174927422453e-09,3.764936e-08,0.6091590156471427
4.328761e-08,2.428260530484666e-09,4.328761e-08,-1.884536979004094e-08,4.328761e-08,20248865.20384486,4.328761e-08,1.170921359351529e-06,4.328761e-08,-0.5325995252224172,4.328761e-08,1.170971245623298e-06,4.328761e-08,-24.02312999451769,4.328761e-08,27.05080984890577,4.328761e-08,-1.538663058296796e-08,4.328761e-08,961682.7139556842,4.328761e-08,2.956869594610959e-09,4.328761e-08,0.6083146563846237
4.977024000000001e-08,2.111893592033869e-09,4.977024000000001e-08,-1.643942381338718e-08,4.977024000000001e-08,17722109.97731271,4.977024000000001e-08,1.342334823920791e-06,4.977024000000001e-08,-0.5263577425307194,4.977024000000001e-08,1.342334677947159e-06,4.977024000000001e-08,-23.73658903991179,4.977024000000001e-08,26.97148801073586,4.977024000000001e-08,-1.339523183467829e-08,4.977024000000001e-08,846484.9685610593,4.977024000000001e-08,2.601120574921105e-09,4.977024000000001e-08,0.6074139717121357
5.722368000000001e-08,1.839739709594271e-09,5.722368000000001e-08,-1.434817510016532e-08,5.722368000000001e-08,15511739.58386647,5.722368000000001e-08,1.538256746883568e-06,5.722368000000001e-08,-0.5205877718761968,5.722368000000001e-08,1.539491375729879e-06,5.722368000000001e-08,-23.43321026176017,5.722368000000001e-08,26.88733617676596,5.722368000000001e-08,-1.166403341109163e-08,5.722368000000001e-08,746424.7059563226,5.722368000000001e-08,2.292551920771795e-09,5.722368000000001e-08,0.6064549851784596
6.579332e-08,1.5996371831049e-09,6.579332e-08,-1.25246434122922e-08,6.579332e-08,13584163.28614172,6.579332e-08,1.762852379373283e-06,6.579332e-08,-0.5137858235046786,6.579332e-08,1.763987689464138e-06,6.579332e-08,-23.10853895741189,6.579332e-08,26.79780686854431,6.579332e-08,-1.015423238268948e-08,6.579332e-08,658184.1573367098,6.579332e-08,2.020663318787471e-09,6.579332e-08,0.6054314711655913
7.564633000000001e-08,1.391242326973837e-09,7.564633000000001e-08,-1.093805334773523e-08,7.564633000000001e-08,11899851.99809177,7.564633000000001e-08,2.019719160666197e-06,7.564633000000001e-08,-0.506837101909388,7.564633000000001e-08,2.020963732335987e-06,7.564633000000001e-08,-22.76275190064099,7.564633000000001e-08,26.70279816749801,7.564633000000001e-08,-8.840435526010608e-09,7.564633000000001e-08,581119.1330392197,7.564633000000001e-08,1.783300476304261e-09,7.564633000000001e-08,0.6043422900266053
8.69749e-08,1.209838217426224e-09,8.69749e-08,-9.557090069149846e-09,8.69749e-08,10428509.40516359,8.69749e-08,2.313487015964111e-06,8.69749e-08,-0.4995562565409511,8.69749e-08,2.314664424935271e-06,8.69749e-08,-22.393907531168,8.69749e-08,26.60199825831078,8.69749e-08,-7.696798587509817e-09,8.69749e-08,513688.9089822235,8.69749e-08,1.575559452011825e-09,8.69749e-08,0.6031840635391692
1e-07,1.051975599692685e-09,1e-07,-8.355020214680695e-09,1e-07,9142855.39917062,1e-07,2.649347259976266e-06,1e-07,-0.4919421863148332,1e-07,2.650239603455171e-06,1e-07,-22.00049410657986,1e-07,26.49511937911239,1e-07,-6.701265196764637e-09,1e-07,454687.9773492952,1e-07,1.393611815951719e-09,1e-07,0.601953833751586
1.149757e-07,9.146503795042496e-10,1.149757e-07,-7.308587422573564e-09,1.149757e-07,8019106.338433295,1.149757e-07,3.033193797118207e-06,1.149757e-07,-0.4840016863250081,1.149757e-07,3.033565397419146e-06,1.149757e-07,-21.58120542016691,1.149757e-07,26.38187429579427,1.149757e-07,-5.834652476698641e-09,1.149757e-07,403061.2271830054,1.149757e-07,1.234127178659175e-09,1.149757e-07,0.6006488133823318
1.321941e-07,7.953938243412102e-10,1.321941e-07,-6.397682733081678e-09,1.321941e-07,7036329.87696921,1.321941e-07,3.471640688938553e-06,1.321941e-07,-0.4758256640597308,1.321941e-07,3.471638049745255e-06,1.321941e-07,-21.13527097700546,1.321941e-07,26.26199707295161,1.321941e-07,-5.080378228633076e-09,1.321941e-07,357917.3277453213,1.321941e-07,1.094312403302156e-09,1.321941e-07,0.5992666548344144
1.519911e-07,6.918415983915487e-10,1.519911e-07,-5.604578991876848e-09,1.519911e-07,6176466.787663019,1.519911e-07,3.972277032626415e-06,1.519911e-07,-0.4674299082609067,1.519911e-07,3.972276932363369e-06,1.519911e-07,-20.66211347047406,1.519911e-07,26.13520005594002,1.519911e-07,-4.423826986105219e-09,1.519911e-07,318426.8761845295,1.519911e-07,9.715900842256041e-10,1.519911e-07,0.5978049825146399
1.747528e-07,6.025017853746319e-10,1.747528e-07,-4.914664818919895e-09,1.747528e-07,5423472.102500676,1.747528e-07,4.542958063137259e-06,1.747528e-07,-0.4591778444366846,1.747528e-07,4.545813060911386e-06,1.747528e-07,-20.16304510238229,1.747528e-07,26.00136910278714,1.747528e-07,-3.852957155376936e-09,1.747528e-07,283998.6804460572,1.747528e-07,8.641474234029869e-10,1.747528e-07,0.596263662336752
2.009233e-07,5.240252924902012e-10,2.009233e-07,-4.312703365193343e-09,2.009233e-07,4765019.119607852,2.009233e-07,5.195027118760003e-06,2.009233e-07,-0.450141071238604,2.009233e-07,5.198151271099702e-06,2.009233e-07,-19.63517572754062,2.009233e-07,25.85985522098342,2.009233e-07,-3.355205676746497e-09,2.009233e-07,253633.0089704498,2.009233e-07,7.689015816210564e-10,2.009233e-07,0.5946367095873122
2.31013e-07,4.557264690763551e-10,2.31013e-07,-3.788145554281752e-09,2.31013e-07,4188558.225443692,2.31013e-07,5.938743740580818e-06,2.31013e-07,-0.4407750458033634,2.31013e-07,5.941792592224722e-06,2.31013e-07,-19.08131523724738,2.31013e-07,25.71057884573442,2.31013e-07,-2.921883810996739e-09,2.31013e-07,226975.4018311664,2.31013e-07,6.848051248519208e-10,2.31013e-07,0.5929249515081364
2.656088e-07,3.962975840308229e-10,2.656088e-07,-3.33086787728419e-09,2.656088e-07,3683599.540669049,2.656088e-07,6.786595906693804e-06,2.656088e-07,-0.4311099844145391,2.656088e-07,6.789132786871706e-06,2.656088e-07,-18.5034205623908,2.656088e-07,25.5532751470005,2.656088e-07,-2.544649764425851e-09,2.656088e-07,203546.6499888594,2.656088e-07,6.104272866932598e-10,2.656088e-07,0.5911274415843703
3.053856e-07,3.44599228750382e-10,3.053856e-07,-2.93205762420571e-09,3.053856e-07,3240999.310042265,3.053856e-07,7.752699919714785e-06,3.053856e-07,-0.4211863770643304,3.053856e-07,7.754229239241683e-06,3.053856e-07,-17.90422666765958,3.053856e-07,25.38768234190093,3.053856e-07,-2.216240850727156e-09,3.053856e-07,182926.6721276245,3.053856e-07,5.445274121594063e-10,3.053856e-07,0.5892436124244355
3.511192e-07,2.996534089637615e-10,3.511192e-07,-2.584071057656838e-09,3.511192e-07,2852787.761297334,3.511192e-07,8.852904716973229e-06,3.511192e-07,-0.4110715590517512,3.511192e-07,8.853161402301809e-06,3.511192e-07,-17.28730400105467,3.511192e-07,25.21355271133048,3.511192e-07,-1.930355488600977e-09,3.511192e-07,164751.4397080287,3.511192e-07,4.860427437010154e-10,3.511192e-07,0.5872734187446034
4.037017e-07,2.606382909143097e-10,4.037017e-07,-2.280284586296869e-09,4.037017e-07,2511975.583008883,4.037017e-07,1.01048809021845e-05,4.037017e-07,-0.4008924498251459,4.037017e-07,1.010487293299467e-05,4.037017e-07,-16.65708957433386,4.037017e-07,25.03066005347246,4.037017e-07,-1.681529254422385e-09,4.037017e-07,148710.2663651793,4.037017e-07,4.340773654788374e-10,4.037017e-07,0.5852174306439994
4.641589e-07,2.267159100980577e-10,4.641589e-07,-2.014812734999666e-09,4.641589e-07,2212641.248662106,4.641589e-07,1.152905812424712e-05,4.641589e-07,-0.3906209204990201,4.641589e-07,1.152906024528455e-05,4.641589e-07,-16.01786695033263,4.641589e-07,24.83869039977395,4.641589e-07,-1.464902561833203e-09,4.641589e-07,134502.2718330275,4.641589e-07,3.877630494759382e-10,4.641589e-07,0.5830756184802821
5.336699e-07,1.974607498480944e-10,5.336699e-07,-1.782994095181463e-09,5.336699e-07,1949430.179350174,5.336699e-07,1.31451167666526e-05,5.336699e-07,-0.3807078356347326,5.336699e-07,1.31536791237527e-05,5.336699e-07,-15.3766274632683,5.336699e-07,24.63770858204808,5.336699e-07,-1.276614377270993e-09,5.336699e-07,121946.7269376647,5.336699e-07,3.466043212253985e-10,5.336699e-07,0.5808525665568431
6.135907e-07,1.716801624574471e-10,6.135907e-07,-1.579493662081795e-09,6.135907e-07,1718182.093729841,6.135907e-07,1.498567738495682e-05,6.135907e-07,-0.3701990162513606,6.135907e-07,1.49918780066462e-05,6.135907e-07,-14.73324480087788,6.135907e-07,24.42651278030858,6.135907e-07,-1.112261038154462e-09,6.135907e-07,110664.3912741956,6.135907e-07,3.094767837544334e-10,6.135907e-07,0.5785392329030687
7.054802e-07,1.493039585579417e-10,7.054802e-07,-1.401189310986974e-09,7.054802e-07,1514706.285919969,7.054802e-07,1.707463869043363e-05,7.054802e-07,-0.3598072829162482,7.054802e-07,1.707972987262198e-05,7.054802e-07,-14.09602109596347,7.054802e-07,24.20530640785824,7.054802e-07,-9.692365441351095e-10,7.054802e-07,100588.3742252488,7.054802e-07,2.762292438248182e-10,7.054802e-07,0.5761426390036488
8.111308000000001e-07,1.29842763038095e-10,8.111308000000001e-07,-1.244689838344964e-09,8.111308000000001e-07,1335588.586867436,8.111308000000001e-07,1.944461513747418e-05,8.111308000000001e-07,-0.3494892441286368,8.111308000000001e-07,1.944792078238346e-05,8.111308000000001e-07,-13.46890355250784,8.111308000000001e-07,23.97355750099137,8.111308000000001e-07,-8.447164382499367e-10,8.111308000000001e-07,91547.81586660472,8.111308000000001e-07,2.463739812066497e-10,8.111308000000001e-07,0.5736621798697701
9.326033000000001e-07,1.129217375549182e-10,9.326033000000001e-07,-1.107137420208074e-09,9.326033000000001e-07,1177833.279860551,9.326033000000001e-07,2.213101768980626e-05,9.326033000000001e-07,-0.3392966325563401,9.326033000000001e-07,2.213216655492973e-05,9.326033000000001e-07,-12.85568763391002,9.326033000000001e-07,23.73074154775218,9.326033000000001e-07,-7.363086456112811e-10,9.326033000000001e-07,83411.8584479511,9.326033000000001e-07,2.19537776996568e-10,9.326033000000001e-07,0.5710979855083946
1.072267e-06,9.82191740628871e-11,1.072267e-06,-9.86065635516236e-10,1.072267e-06,1038833.847975177,1.072267e-06,2.517276322576981e-05,1.072267e-06,-0.3292912466951483,1.072267e-06,2.51727266177793e-05,1.072267e-06,-12.25938761927513,1.072267e-06,23.47625376575926,1.072267e-06,-6.419376562096531e-10,1.072267e-06,76072.46831925763,1.072267e-06,1.954069381175835e-10,1.072267e-06,0.568450139990138
1.232847e-06,8.54401327217531e-11,1.232847e-06,-8.793123329590041e-10,1.232847e-06,916323.2523643246,1.232847e-06,2.861345113589022e-05,1.232847e-06,-0.3194849500041567,1.232847e-06,2.861344079176363e-05,1.232847e-06,-11.68180754138374,1.232847e-06,23.20930866252973,1.232847e-06,-5.597750353681371e-10,1.232847e-06,69435.36274131514,1.232847e-06,1.736994413761632e-10,1.232847e-06,0.5657179414069758
1.417474e-06,7.432451790021047e-11,1.417474e-06,-7.850097418717252e-10,1.417474e-06,808336.6782539194,1.417474e-06,3.250114913411739e-05,1.417474e-06,-0.3098561664427064,1.417474e-06,3.25011651891364e-05,1.417474e-06,-11.12370193982233,1.417474e-06,22.92896866495059,1.417474e-06,-4.882311685846043e-10,1.417474e-06,63421.38979777609,1.417474e-06,1.541703297951349e-10,1.417474e-06,0.562900683586624
1.629751e-06,6.465579051916892e-11,1.629751e-06,-7.015555136827167e-10,1.629751e-06,713142.5151388154,1.629751e-06,3.688799740887377e-05,1.629751e-06,-0.30040669202215,1.629751e-06,3.688802224471019e-05,1.629751e-06,-10.58502114793846,1.629751e-06,22.63416947306825,1.629751e-06,-4.259314482612033e-10,1.629751e-06,57967.88215606819,1.629751e-06,1.36616095656709e-10,1.629751e-06,0.5599985497003441
1.873817e-06,5.627098485243983e-11,1.873817e-06,-6.276325629349747e-10,1.873817e-06,629245.8262734662,1.873817e-06,4.182548304087065e-05,1.873817e-06,-0.2912489257686075,1.873817e-06,4.183416256072523e-05,1.873817e-06,-10.06560271172699,1.873817e-06,22.32399738101833,1.873817e-06,-3.717276676370927e-10,1.873817e-06,53032.63474515357,1.873817e-06,1.208865996125426e-10,1.873817e-06,0.557016258993446
2.154435e-06,4.8933348020527e-11,2.154435e-06,-5.615225815729516e-10,2.154435e-06,556169.0895628672,2.154435e-06,4.726561620615431e-05,2.154435e-06,-0.2820327709606869,2.154435e-06,4.726694055605638e-05,2.154435e-06,-9.562135210189854,2.154435e-06,21.93916893117373,2.154435e-06,-3.244515508010897e-10,2.154435e-06,48542.9387821894,2.154435e-06,1.06742083445299e-10,2.154435e-06,0.5525527363558735
2.477076e-06,4.256776595134609e-11,2.477076e-06,-5.030222767294843e-10,2.477076e-06,490936.9612406872,2.477076e-06,5.347315638467451e-05,2.477076e-06,-0.2730521092483683,2.477076e-06,5.347340149337363e-05,2.477076e-06,-9.074648527958946,2.477076e-06,21.58712737536809,2.477076e-06,-2.832975975744365e-10,2.477076e-06,44486.74027284404,2.477076e-06,9.411360758807372e-11,2.477076e-06,0.5492548134651201
2.848036e-06,3.703318162606884e-11,2.848036e-06,-4.508843781051733e-10,2.848036e-06,433426.9432292763,2.848036e-06,6.042030272318722e-05,2.848036e-06,-0.2642117112226552,2.848036e-06,6.042034610583698e-05,2.848036e-06,-8.600939836452985,2.848036e-06,21.21467975421817,2.848036e-06,-2.474600645281684e-10,2.848036e-06,40823.29986650185,2.848036e-06,8.285085457757202e-11,2.848036e-06,0.5458868497086821
3.274549e-06,3.221941653400634e-11,3.274549e-06,-4.043306830901488e-10,3.274549e-06,382709.4418476943,3.274549e-06,6.817692278717551e-05,3.274549e-06,-0.255484155874561,3.274549e-06,6.817697401725194e-05,3.274549e-06,-8.139252842825952,3.274549e-06,20.82021784080633,3.274549e-06,-2.162434308490404e-10,3.274549e-06,37520.07552049941,3.274549e-06,7.282820198770536e-11,3.274549e-06,0.5424717102340947
3.764936e-06,2.803243563988399e-11,3.764936e-06,-3.626984827437082e-10,3.764936e-06,337968.9067691344,3.764936e-06,7.681323723902119e-05,3.764936e-06,-0.2468510073906072,3.764936e-06,7.681326072470098e-05,3.764936e-06,-7.688222590971794,3.764936e-06,20.40225750162162,3.764936e-06,-1.890484956381112e-10,3.764936e-06,34547.48157452566,3.764936e-06,6.39308935731516e-11,3.764936e-06,0.5390457499633396
4.328761e-06,2.439067536338158e-11,4.328761e-06,-3.254143317474217e-10,4.328761e-06,298481.2963832148,4.328761e-06,8.639972895214986e-05,4.328761e-06,-0.238298815344866,4.328761e-06,8.639973114360361e-05,4.328761e-06,-7.246896676440715,4.328761e-06,19.95945591325729,4.328761e-06,-1.653525815056618e-10,4.328761e-06,31877.50452103659,4.328761e-06,5.605147715180936e-11,4.328761e-06,0.5356624388708533
4.977024e-06,2.123717326081247e-11,4.977024e-06,-2.920904449884157e-10,4.977024e-06,263719.7775107701,4.977024e-06,9.69673362138196e-05,4.977024e-06,-0.2298820365193204,4.977024e-06,9.697369114094391e-05,4.977024e-06,-6.816530491557088,4.977024e-06,19.49235985586528,4.977024e-06,-1.447657688656708e-10,4.977024e-06,29493.33756304896,4.977024e-06,4.911706600775566e-11,4.977024e-06,0.5324082940844469
5.722368e-06,1.847321511471706e-11,5.722368e-06,-2.619943345373914e-10,5.722368e-06,232795.7128929819,5.722368e-06,0.0001086864000538551,5.722368e-06,-0.2214442995595131,5.722368e-06,0.0001086953522207919,5.722368e-06,-6.392375408577556,5.722368e-06,18.99564862210304,5.722368e-06,-1.267056166100284e-10,5.722368e-06,27342.89810660281,5.722368e-06,4.295836382936744e-11,5.722368e-06,0.529360124956778
6.579332e-06,1.607289891785231e-11,6.579332e-06,-2.350024803129107e-10,6.579332e-06,205472.1551877389,6.579332e-06,0.0001215358050661965,6.579332e-06,-0.2130526421287739,6.579332e-06,0.0001215396658175837,6.579332e-06,-5.978672710951346,6.579332e-06,18.47254674375053,6.579332e-06,-1.109775128361613e-10,6.579332e-06,25422.96758232413,6.579332e-06,3.754899967570118e-11,6.579332e-06,0.5266868863499886
7.564632999999999e-06,1.398808008510262e-11,7.564632999999999e-06,-2.107503770559705e-10,7.564632999999999e-06,181258.6989161777,7.564632999999999e-06,0.0001355780519737507,7.564632999999999e-06,-0.2047409907447302,7.564632999999999e-06,0.0001355798002587249,7.564632999999999e-06,-5.575783008532377,7.564632999999999e-06,17.92269684355329,7.564632999999999e-06,-9.725176618314259e-11,7.564632999999999e-06,23708.91390835221,7.564632999999999e-06,3.280172758301679e-11,7.564632999999999e-06,0.5245812113722659
8.69749e-06,1.217508219777671e-11,8.69749e-06,-1.889291632495509e-10,8.69749e-06,159733.9737451255,8.69749e-06,0.0001508681068105144,8.69749e-06,-0.1964928864247121,8.69749e-06,0.0001508688370376716,8.69749e-06,-5.184390119345879,8.69749e-06,17.34619895285278,8.69749e-06,-8.524703959414379e-11,8.69749e-06,22177.39977040955,8.69749e-06,2.863736505666497e-11,8.69749e-06,0.5233064894487707
9.999999999999999e-06,1.059830116378986e-11,9.999999999999999e-06,-1.692864074967095e-10,9.999999999999999e-06,140542.1131219889,9.999999999999999e-06,0.0001674397259386865,9.999999999999999e-06,-0.1883080956792499,9.999999999999999e-06,0.0001674400042374324,9.999999999999999e-06,-4.805722066274011,9.999999999999999e-06,16.74398923780313,9.999999999999999e-06,-7.472867554615489e-11,9.999999999999999e-06,20808.57507658326,9.999999999999999e-06,2.498880688386537e-11,9.999999999999999e-06,0.523224354936987
1.149757e-05,9.226880499666692e-12,1.149757e-05,-1.515998938455531e-10,1.149757e-05,123364.7898682082,1.149757e-05,0.0001853109111277094,1.149757e-05,-0.1801891219635649,1.149757e-05,0.0001853109892283378,1.149757e-05,-4.44108417157663,1.149757e-05,16.11740852171004,1.149757e-05,-6.549372267302788e-11,1.149757e-05,19584.18235995567,1.149757e-05,2.179553233386399e-11,1.149757e-05,0.5248338066565502
1.321941e-05,8.034030479491674e-12,1.321941e-05,-1.35673323506734e-10,1.321941e-05,107915.4188679503,1.321941e-05,0.0002044789839848213,1.321941e-05,-0.1721400830686445,1.321941e-05,0.0002044789667397892,1.321941e-05,-4.091756527383676,1.321941e-05,15.46809162234952,1.321941e-05,-5.736949166154374e-11,1.321941e-05,18487.50700168049,1.321941e-05,1.900320900029854e-11,1.321941e-05,0.5288381492743233
1.519911e-05,6.996472977308536e-12,1.519911e-05,-1.2133281168659e-10,1.519911e-05,93933.46100038398,1.519911e-05,0.0002249131809099798,1.519911e-05,-0.1641660985180211,1.519911e-05,0.0002249132114655073,1.519911e-05,-3.758903831925208,1.519911e-05,14.79778753593933,1.519911e-05,-5.021214965352703e-11,1.519911e-05,17503.33376162195,1.519911e-05,1.656328949331889e-11,1.519911e-05,0.5362589433673596
1.747528e-05,6.094259782632406e-12,1.747528e-05,-1.084137860678308e-10,1.747528e-05,81177.35491276412,1.747528e-05,0.0002465615945600834,1.747528e-05,-0.1562848223081213,1.747528e-05,0.0002465719120417622,1.747528e-05,-3.443499969011215,1.747528e-05,14.10755930404183,1.747528e-05,-4.389901670566861e-11,1.747528e-05,16618.07627666095,1.747528e-05,1.443272993458532e-11,1.747528e-05,0.5486260575849448
2.009233e-05,5.308450114551292e-12,2.009233e-05,-9.681170653663901e-11,2.009233e-05,69414.56298732002,2.009233e-05,0.000269231658317221,2.009233e-05,-0.1484413643959004,2.009233e-05,0.0002692063729069739,2.009233e-05,-3.14632391185211,2.009233e-05,13.40006661731221,2.009233e-05,-3.83500114715884e-11,2.009233e-05,15818.61087375109,2.009233e-05,1.257280087249865e-11,2.009233e-05,0.5684393666607946
2.31013e-05,4.624643131453976e-12,2.31013e-05,-8.637249507796334e-11,2.31013e-05,58413.30847204872,2.31013e-05,0.0002927502876279814,2.31013e-05,-0.1406774302448611,2.31013e-05,0.0002926538175138832,2.31013e-05,-2.867781298163365,2.31013e-05,12.67327864793089,2.31013e-05,-3.346969935556475e-11,2.31013e-05,15094.39312728147,2.31013e-05,1.094994522401497e-11,2.31013e-05,0.59984065349705
2.656088e-05,4.031075921932391e-12,2.656088e-05,-7.699258314114405e-11,2.656088e-05,48010.05420693253,2.656088e-05,0.0003167005693431098,2.656088e-05,-0.1330979926796104,2.656088e-05,0.0003166360751341493,2.656088e-05,-2.607861203095864,2.656088e-05,11.92393574907375,2.656088e-05,-2.919347376542715e-11,2.656088e-05,14436.77674459418,2.656088e-05,9.534465763223797e-12,2.656088e-05,0.6506732477150636
3.053856e-05,3.514401313899182e-12,3.053856e-05,-6.858308147693272e-11,3.053856e-05,37930.59327534335,3.053856e-05,0.0003402778346581337,3.053856e-05,-0.1256133180226301,3.053856e-05,0.0003402380200970486,3.053856e-05,-2.36661170001471,3.053856e-05,11.14270464961936,3.053856e-05,-2.547147019255163e-11,3.053856e-05,13836.37928157526,3.053856e-05,8.300123287122213e-12,3.053856e-05,0.7373666346662006
3.511191999999999e-05,3.064642609005418e-12,3.511191999999999e-05,-6.1056871101998e-11,3.511191999999999e-05,27907.51668767572,3.511191999999999e-05,0.0003617399113935678,3.511191999999999e-05,-0.1182386547684564,3.511191999999999e-05,0.0003617190643059327,3.511191999999999e-05,-2.14362532079931,3.511191999999999e-05,10.30252340385002,3.511191999999999e-05,-2.228244867352591e-11,3.511191999999999e-05,13286.04279431847,3.511191999999999e-05,7.223926041044023e-12,3.511191999999999e-05,0.9020708865767288
4.037017e-05,2.67309185537107e-12,4.037017e-05,-5.430840184161259e-11,4.037017e-05,17484.08209526715,4.037017e-05,0.0003758357960342826,4.037017e-05,-0.1109898113974923,4.037017e-05,0.0003758287008201828,4.037017e-05,-1.938289837939815,4.037017e-05,9.309745685701522,4.037017e-05,-1.97416238977712e-11,4.037017e-05,12779.69518474993,4.037017e-05,6.285764161129184e-12,4.037017e-05,1.305657858371751
4.641589e-05,2.332128223102588e-12,4.641589e-05,-4.796629002986897e-11,4.641589e-05,6320.162623862925,4.641589e-05,0.0003531391628848602,4.641589e-05,-0.1038816206405722,4.641589e-05,0.0003530748607258974,4.641589e-05,-1.749836801833544,4.641589e-05,7.608164648143811,4.641589e-05,-1.875707495755403e-11,4.641589e-05,12312.18745931349,4.641589e-05,5.468052802374103e-12,4.641589e-05,3.302973571228513
5.336699e-05,2.035229819954193e-12,5.336699e-05,-4.069451357543257e-11,5.336699e-05,2145.814727576404,5.336699e-05,0.0002753928886448134,5.336699e-05,-0.09694129818118895,5.336699e-05,0.0002753844675352714,5.336699e-05,-1.577381234778735,5.336699e-05,5.160360612895903,5.336699e-05,-2.125250060560584e-11,5.336699e-05,11879.2926901477,5.336699e-05,4.755459236215454e-12,5.336699e-05,8.635218238972337
6.135907e-05,1.776540098348275e-12,6.135907e-05,-3.354283794779623e-11,6.135907e-05,1157.193615623561,6.135907e-05,0.0002084078383523916,6.135907e-05,-0.09018173642802417,6.135907e-05,0.0002083997250549051,6.135907e-05,-1.419987992540436,6.135907e-05,3.396528893184157,6.135907e-05,-2.3181581963094e-11,6.135907e-05,11477.21528782109,6.135907e-05,4.13454931002357e-12,6.135907e-05,13.99320578759995
7.054801999999999e-05,1.551049968104544e-12,7.054801999999999e-05,-2.818253425360251e-11,7.054801999999999e-05,773.7474845370341,7.054801999999999e-05,0.0001593396239908706,7.054801999999999e-05,-0.08362537282896002,7.054801999999999e-05,0.0001593067862871921,7.054801999999999e-05,-1.276691061202366,7.054801999999999e-05,2.25859906580549,7.054801999999999e-05,-2.239868681512003e-11,7.054801999999999e-05,11102.71583185014,7.054801999999999e-05,3.593616413369092e-12,7.054801999999999e-05,18.23487526217186
8.111308e-05,1.354397714025591e-12,8.111308e-05,-2.405686015430351e-11,8.111308e-05,582.8226255233769,8.111308e-05,0.0001242177647695091,8.111308e-05,-0.077295026419993,8.111308e-05,0.0001242168073369878,8.111308e-05,-1.146528961362027,8.111308e-05,1.531414746161042,8.111308e-05,-2.050192697529103e-11,8.111308e-05,10752.86223076806,8.111308e-05,3.122441115376814e-12,8.111308e-05,21.07570757050994
9.326032999999999e-05,1.18277346383976e-12,9.326032999999999e-05,-2.069798526540306e-11,9.326032999999999e-05,473.0409056888499,9.326032999999999e-05,9.847459509321481e-05,9.326032999999999e-05,-0.07121064025267643,9.326032999999999e-05,9.846581922781421e-05,9.326032999999999e-05,-1.028565653720296,9.326032999999999e-05,1.056114724436402,9.326032999999999e-05,-1.835424042711349e-11,9.326032999999999e-05,10424.87846127305,9.326032999999999e-05,2.712101279238124e-12,9.326032999999999e-05,22.60037093681576
0.0001072267,1.032895174998041e-12,0.0001072267,-1.786281884613666e-11,0.0001072267,404.0567001960027,0.0001072267,7.876347162210022e-05,0.0001072267,-0.06539385119338235,0.0001072267,7.876416509884813e-05,0.0001072267,-0.9218979403593177,0.0001072267,0.7345627633705452,0.0001072267,-1.625206838330492e-11,0.0001072267,10116.12530088377,0.0001072267,2.354818550125615e-12,0.0001072267,23.01600991075183
0.0001232847,9.019158968235462e-13,0.0001232847,-1.543836955469713e-11,0.0001232847,358.2440203830832,0.0001232847,6.285567290861791e-05,0.0001232847,-0.05986311991146491,0.0001232847,6.285508341349579e-05,0.0001232847,-0.8256638971842473,0.0001232847,0.5098422157049582,0.0001232847,-1.431123996806631e-11,0.0001232847,9823.987479728785,0.0001232847,2.043807179928244e-12,0.0001232847,22.5819873748
0.0001417474,7.873846242141267e-13,0.0001417474,-1.334599809762487e-11,0.0001417474,326.9574132644755,0.0001417474,4.945393390400005e-05,0.0001417474,-0.05463495155792204,0.0001417474,4.945396551317457e-05,0.0001417474,-0.7390437682935089,0.0001417474,0.3488912543636415,0.0001417474,-1.255983078575658e-11,0.0001417474,9545.856591704371,0.0001417474,1.773151403488359e-12,0.0001417474,21.52271305629342
0.0001629751,6.871772923518324e-13,0.0001629751,-1.153372452101471e-11,0.0001629751,305.4992219233045,0.0001629751,3.777414186557705e-05,0.0001629751,-0.04972145923083852,0.0001629751,3.777394960313216e-05,0.0001629751,-0.6612518583099795,0.0001629751,0.231802987997422,0.0001629751,-1.099972704610392e-11,0.0001629751,9279.042018307109,0.0001629751,1.537664343267831e-12,0.0001629751,20.03722829081297
0.0001873817,5.995292999871225e-13,0.0001873817,-9.958536299706613e-12,0.0001873817,291.157352048704,0.0001873817,2.736484076008602e-05,0.0001873817,-0.0451344725160955,0.0001873817,2.736486482159607e-05,0.0001873817,-0.5915957737201551,0.0001873817,0.1460390097384899,0.0001873817,-9.617134824612231e-12,0.0001873817,9020.955407725178,0.0001873817,1.332968372710482e-12,0.0001873817,18.284264568055
0.0002154435,5.224655825860668e-13,0.0002154435,-8.606950210655082e-12,0.0002154435,282.2095943921984,0.0002154435,1.783667715450544e-05,0.0002154435,-0.04085413852255201,0.0002154435,1.787793835276586e-05,0.0002154435,-0.5290651424075078,0.0002154435,0.08294543253688261,0.0002154435,-8.416253593024837e-12,0.0002154435,8767.237720069084,0.0002154435,1.154212220901234e-12,0.0002154435,16.4396849523853
0.0002477076,4.55774476769405e-13,0.0002477076,-7.405274984825042e-12,0.0002477076,277.7125857634996,0.0002477076,9.275770286256029e-06,0.0002477076,-0.03694957256383748,0.0002477076,9.276593486402532e-06,0.0002477076,-0.473942248089675,0.0002477076,0.03744869180717939,0.0002477076,-7.331508271481548e-12,0.0002477076,8518.860218325124,0.0002477076,1.000601588762722e-12,0.0002477076,14.50066953674355
0.0002848036,3.971914241851051e-13,0.0002848036,-6.376209564175489e-12,0.0002848036,276.8726177085593,0.0002848036,1.315454430374602e-06,0.0002848036,-0.0333516708805595,0.0002848036,1.315639688811103e-06,0.0002848036,-0.4247876467876635,0.0002848036,0.004618964296858302,0.0002848036,-6.394164959402491e-12,0.0002848036,8268.170741123793,0.0002848036,8.667052867871652e-13,0.0002848036,12.64872068937874
0.0003274549,3.461026829074564e-13,0.0003274549,-5.486670176897455e-12,0.0003274549,279.2791252275851,0.0003274549,0,0.0003274549,-0.03007889145546876,0.0003274549,0,0.0003274549,-0.3814459002839813,0.0003274549,0,0.0003274549,-5.574445856108715e-12,0.0003274549,8012.084528288168,0.0003274549,7.509383840890842e-13,0.0003274549,10.90648215163964
0.0003764936,3.016782374613699e-13,0.0003764936,-4.7236218197971e-12,0.0003764936,284.6318179419994,0.0003764936,0,0.0003764936,-0.02712718950094708,0.0003764936,0,0.0003764936,-0.3436004726249021,0.0003764936,0,0.0003764936,-4.861688348651822e-12,0.0003764936,7744.614809440031,0.0003764936,6.513221843281177e-13,0.0003764936,9.31583417742184
0.0004328761,2.632253697870995e-13,0.0004328761,-4.060044558268814e-12,0.0004328761,292.7121923081683,0.0004328761,0,0.0004328761,-0.02449116657943501,0.0004328761,0,0.0004328761,-0.3111261757353382,0.0004328761,0,0.0004328761,-4.228436022775102e-12,0.0004328761,7456.875466899943,0.0004328761,5.663263105658885e-13,0.0004328761,7.866296204678966
0.0004977024,2.301981202084596e-13,0.0004977024,-3.504443941677308e-12,0.0004977024,303.3072388669452,0.0004977024,0,0.0004977024,-0.02217245680029464,0.0004977024,0,0.0004977024,-0.2841728238225534,0.0004977024,0,0.0004977024,-3.682801333212201e-12,0.0004977024,7135.652687990864,0.0004977024,4.949127986112602e-13,0.0004977024,6.604940720361708
0.0005722368,2.020706980709165e-13,0.0005722368,-3.040240951501912e-12,0.0005722368,316.1878288194048,0.0005722368,0,0.0005722368,-0.02016371165994229,0.0005722368,0,0.0005722368,-0.263111863354056,0.0005722368,0,0.0005722368,-3.203348106056941e-12,0.0005722368,6762.347987992362,0.0005722368,4.362559885234906e-13,0.0005722368,5.507239805258362
0.0006579332,1.783053220265118e-13,0.0006579332,-2.67035943781406e-12,0.0006579332,331.1057989592115,0.0006579332,0,0.0006579332,-0.01845088676351823,0.0006579332,0,0.0006579332,-0.2482402948017085,0.0006579332,0,0.0006579332,-2.786786377618865e-12,0.0006579332,6322.644494725227,0.0006579332,3.894014716220414e-13,0.0006579332,4.574313487487383
0.0007564633,1.582708953706575e-13,0.0007564633,-2.388011265672319e-12,0.0007564633,347.9270864900615,0.0007564633,0,0.0007564633,-0.01700125104577516,0.0007564633,0,0.0007564633,-0.2387573733217953,0.0007564633,0,0.0007564633,-2.421918139636372e-12,0.0007564633,5833.921823752962,0.0007564633,3.523384780461934e-13,0.0007564633,3.784015421744421
0.000869749,1.413072445507014e-13,0.000869749,-2.172610746694839e-12,0.000869749,366.7471369461749,0.000869749,0,0.000869749,-0.01576843794232852,0.000869749,0,0.000869749,-0.232020018352449,0.000869749,0,0.000869749,-2.103920879815805e-12,0.000869749,5359.094880492465,0.000869749,3.217092312144334e-13,0.000869749,3.120536566190305
0.001,1.268382559291811e-13,0.001,-1.978605937819937e-12,0.001,387.8192984980054,0.001,0,0.001,-0.01470435649058432,0.001,0,0.001,-0.2251826095446339,0.001,0,0.001,-1.82694763907867e-12,0.001,4955.903326332398,0.001,2.944864270558729e-13,0.001,2.565336911101133
