kcgd_n X,kcgd_n Y
1e-09,-6.478860834211151e-07
1.013925e-09,-6.381162843193497e-07
1.028045e-09,-6.299226534922175e-07
1.042361e-09,-6.215713945566746e-07
1.056876e-09,-6.124599195018516e-07
1.071593e-09,-6.047341352955134e-07
1.086516e-09,-5.963168034352223e-07
1.101646e-09,-5.871042977485923e-07
1.116987e-09,-5.802154982985122e-07
1.132541e-09,-5.71864881320029e-07
1.148312e-09,-5.644625586301889e-07
1.164303e-09,-5.565518769288009e-07
1.180517e-09,-5.491220484699034e-07
1.196956e-09,-5.415897421129422e-07
1.213624e-09,-5.330773117503374e-07
1.230524e-09,-5.268811478812578e-07
1.24766e-09,-5.18749860098888e-07
1.265034e-09,-5.124723380463764e-07
1.28265e-09,-5.054711079958954e-07
1.300511e-09,-4.982361745486553e-07
1.318621e-09,-4.916802792285259e-07
1.336984e-09,-4.849373933459641e-07
1.355602e-09,-4.780264622004029e-07
1.374479e-09,-4.718772657102454e-07
1.393619e-09,-4.652640930273385e-07
1.413026e-09,-4.590311371520608e-07
1.432703e-09,-4.52735759691383e-07
1.452654e-09,-4.465580557894815e-07
1.472883e-09,-4.404246264419243e-07
1.493393e-09,-4.344129416104531e-07
1.514189e-09,-4.284917694692802e-07
1.535275e-09,-4.226229071921978e-07
1.556654e-09,-4.159472719659337e-07
1.578331e-09,-4.1053178227863e-07
1.60031e-09,-4.055055411223189e-07
1.622595e-09,-3.996629373601708e-07
1.645191e-09,-3.936215839796649e-07
1.668101e-09,-3.890897020272378e-07
1.69133e-09,-3.837369816663572e-07
1.714882e-09,-3.783633585651354e-07
1.738762e-09,-3.727500741267113e-07
1.762975e-09,-3.682284207119037e-07
1.787526e-09,-3.631585549282125e-07
1.812418e-09,-3.580183469440726e-07
1.837656e-09,-3.533228693522249e-07
1.863246e-09,-3.484750254937821e-07
1.889193e-09,-3.435993862383581e-07
1.915501e-09,-3.386476366184222e-07
1.942175e-09,-3.339762140225174e-07
1.96922e-09,-3.293649106050282e-07
1.996642e-09,-3.248124780596637e-07
2.024447e-09,-3.203176359768874e-07
2.052638e-09,-3.158790663552502e-07
2.081222e-09,-3.114954080202561e-07
2.110203e-09,-3.078532920077082e-07
2.139589e-09,-3.036414519246169e-07
2.169384e-09,-2.994872335584942e-07
2.199593e-09,-2.953898372805587e-07
2.230223e-09,-2.913484720157908e-07
2.26128e-09,-2.873623543823985e-07
2.292769e-09,-2.829258490078692e-07
2.324697e-09,-2.794211917120336e-07
2.357069e-09,-2.754042434252735e-07
2.389893e-09,-2.719583703009851e-07
2.423173e-09,-2.682301521639614e-07
2.456916e-09,-2.645329588151698e-07
2.49113e-09,-2.609362457068129e-07
2.52582e-09,-2.569201748099526e-07
2.560993e-09,-2.533761443190979e-07
2.596656e-09,-2.49946937314328e-07
2.632815e-09,-2.46961397721073e-07
2.669478e-09,-2.435108098755915e-07
2.706652e-09,-2.401613733176433e-07
2.744343e-09,-2.366979396139865e-07
2.782559e-09,-2.333039955256088e-07
2.821308e-09,-2.302411896505351e-07
2.860596e-09,-2.273037111903329e-07
2.90043e-09,-2.242523275079429e-07
2.94082e-09,-2.211964937115741e-07
2.981772e-09,-2.17984681037168e-07
3.023295e-09,-2.151694735039257e-07
3.065395e-09,-2.120662991283118e-07
3.108082e-09,-2.093413936257538e-07
3.151363e-09,-2.064458388489708e-07
3.195248e-09,-2.034603120146386e-07
3.239743e-09,-2.008687602170919e-07
3.284857e-09,-1.981176471788445e-07
3.3306e-09,-1.953963732239259e-07
3.37698e-09,-1.926980775402937e-07
3.424006e-09,-1.900174496251396e-07
3.471687e-09,-1.873550288052491e-07
3.520031e-09,-1.847200686060322e-07
3.569049e-09,-1.821296907650006e-07
3.61875e-09,-1.796028696353092e-07
3.669142e-09,-1.771524843024906e-07
3.720237e-09,-1.747773357825222e-07
3.772042e-09,-1.724609151234169e-07
3.824570000000001e-09,-1.701778505193291e-07
3.877828000000001e-09,-1.679061695732659e-07
3.931829e-09,-1.656384305262556e-07
3.986581e-09,-1.633821379343679e-07
4.042096e-09,-1.610396626080839e-07
4.098384000000001e-09,-1.589440249341905e-07
4.155455e-09,-1.567680893231822e-07
4.213322e-09,-1.543253457848079e-07
4.271994000000001e-09,-1.524899103581553e-07
4.331483000000001e-09,-1.504272751746239e-07
4.391801e-09,-1.483212047970521e-07
4.452959e-09,-1.463368452600472e-07
4.514968e-09,-1.443399003014876e-07
4.577841e-09,-1.423663246710858e-07
4.641589e-09,-1.404187296019456e-07
4.706225e-09,-1.384962326063841e-07
4.771761e-09,-1.365891736232338e-07
4.838210000000001e-09,-1.346486882876611e-07
4.905584000000001e-09,-1.328957355334067e-07
4.973896e-09,-1.310652502047029e-07
5.043159e-09,-1.29270214566582e-07
5.113388e-09,-1.274980757846286e-07
5.184594e-09,-1.257018027776181e-07
5.256791e-09,-1.240499008994832e-07
5.329994e-09,-1.223574371734595e-07
5.404216e-09,-1.206849101380678e-07
5.479472000000001e-09,-1.190298537150343e-07
5.555776e-09,-1.173819504508703e-07
5.633143e-09,-1.157020042981836e-07
5.711586e-09,-1.141259221675565e-07
5.791123e-09,-1.12529885543433e-07
5.871766e-09,-1.111135248155539e-07
5.953533000000001e-09,-1.095980669877305e-07
6.036439e-09,-1.079924377768852e-07
6.120498000000001e-09,-1.065294212777448e-07
6.205729e-09,-1.050137578192539e-07
6.292146e-09,-1.036385640865343e-07
6.379767000000001e-09,-1.022581432933417e-07
6.468608e-09,-1.008707521970039e-07
6.558686e-09,-9.948379088765898e-08
6.650018000000001e-09,-9.798391032792816e-08
6.742622000000001e-09,-9.682698543472421e-08
6.836516e-09,-9.550280115002838e-08
6.931717e-09,-9.419630928551837e-08
7.028244e-09,-9.290688970759054e-08
7.126115000000001e-09,-9.163361807322305e-08
7.225349e-09,-9.037503269860376e-08
7.325965e-09,-8.912874405289559e-08
7.427982e-09,-8.7890799240458e-08
7.53142e-09,-8.665586964138713e-08
7.636298e-09,-8.554347703836461e-08
7.742637e-09,-8.437416321706094e-08
7.850456000000001e-09,-8.322015636149326e-08
7.959777e-09,-8.207956567236557e-08
8.070620000000001e-09,-8.094270360561591e-08
8.183007e-09,-7.975878541639279e-08
8.296959e-09,-7.876263010918393e-08
8.412497000000001e-09,-7.767360902972345e-08
8.529645e-09,-7.657735607415321e-08
8.648423e-09,-7.557693299928349e-08
8.768855999999999e-09,-7.454365198010999e-08
8.890966000000001e-09,-7.344820539557967e-08
9.014776e-09,-7.251318319783521e-08
9.140311000000001e-09,-7.152885011050024e-08
9.267593e-09,-7.051330606228996e-08
9.396648000000002e-09,-6.958126350780448e-08
9.5275e-09,-6.863488140416132e-08
9.660175000000001e-09,-6.767574921440108e-08
9.794697e-09,-6.674055812524663e-08
9.931092000000001e-09,-6.581361663044492e-08
1.006939e-08,-6.489280554106457e-08
1.020961e-08,-6.397517929205588e-08
1.035178e-08,-6.319548108571152e-08
1.049593e-08,-6.230585508555377e-08
1.064209e-08,-6.13903113516378e-08
1.079029e-08,-6.063883293810751e-08
1.094055e-08,-5.975500879387396e-08
1.10929e-08,-5.899140523245751e-08
1.124737e-08,-5.810519863894143e-08
1.1404e-08,-5.739066138691047e-08
1.15628e-08,-5.658945167679865e-08
1.172382e-08,-5.580529519298556e-08
1.188708e-08,-5.500924346564959e-08
1.205261e-08,-5.429847761261507e-08
1.222045e-08,-5.356878840363995e-08
1.239062e-08,-5.284177037759013e-08
1.256317e-08,-5.201611235247942e-08
1.273811e-08,-5.140044755797603e-08
1.29155e-08,-5.069200818537455e-08
1.309535e-08,-4.999172850841443e-08
1.327771e-08,-4.929998272005325e-08
1.346261e-08,-4.861721786328589e-08
1.365008e-08,-4.797732863587897e-08
1.384016e-08,-4.726907754309084e-08
1.403289e-08,-4.668704765047292e-08
1.42283e-08,-4.604799492836297e-08
1.442644e-08,-4.541789775788156e-08
1.462733e-08,-4.479912423808897e-08
1.483103e-08,-4.418688179700043e-08
1.503755e-08,-4.358285409199172e-08
1.524696e-08,-4.298699520042033e-08
1.545928e-08,-4.239920233759652e-08
1.567455e-08,-4.181939058256297e-08
1.589283e-08,-4.124748841802618e-08
1.611414e-08,-4.067981474575318e-08
1.633854e-08,-4.011039611425111e-08
1.656606e-08,-3.95347452081583e-08
1.679675e-08,-3.903993692192527e-08
1.703065e-08,-3.850614740611565e-08
1.726781e-08,-3.797942323299969e-08
1.750827e-08,-3.745963755830639e-08
1.775208e-08,-3.694671374688379e-08
1.799929e-08,-3.644061565134773e-08
1.824993e-08,-3.594229871240703e-08
1.850407e-08,-3.545151787318375e-08
1.876175e-08,-3.496741184703228e-08
1.902301e-08,-3.448989226304562e-08
1.928792e-08,-3.401887183426246e-08
1.955651e-08,-3.355426417438548e-08
1.982884e-08,-3.309598392508247e-08
2.010496e-08,-3.264394668535435e-08
2.038493e-08,-3.219806904564785e-08
2.06688e-08,-3.175826857023325e-08
2.095662e-08,-3.132446384112204e-08
2.124845e-08,-3.089657434950907e-08
2.154435e-08,-3.047452060061593e-08
2.184436e-08,-3.005822407807904e-08
2.214855e-08,-2.964760719943203e-08
2.245698e-08,-2.924259336838238e-08
2.27697e-08,-2.884310694222092e-08
2.308678e-08,-2.844907319089886e-08
2.340827e-08,-2.806041836893457e-08
2.373424e-08,-2.767706964719073e-08
2.406475e-08,-2.72989551330885e-08
2.439986e-08,-2.69260038535377e-08
2.473964e-08,-2.655814573928234e-08
2.508415e-08,-2.619531165206714e-08
2.543346e-08,-2.583743332530753e-08
2.578763e-08,-2.548444339146778e-08
2.614673e-08,-2.513627538477362e-08
2.651084e-08,-2.479286368618958e-08
2.688001e-08,-2.445414354817415e-08
2.725433e-08,-2.412005109667492e-08
2.763385e-08,-2.379052327137818e-08
2.801867e-08,-2.346549788241175e-08
2.840884e-08,-2.31449135432865e-08
2.880444e-08,-2.28287097076243e-08
2.920556e-08,-2.251682662207037e-08
2.961225e-08,-2.22092053449391e-08
3.002462e-08,-2.190578772432149e-08
3.044272e-08,-2.156444934302408e-08
3.086665e-08,-2.127251042374942e-08
3.129648e-08,-2.098437830163885e-08
3.17323e-08,-2.070001201628235e-08
3.217418e-08,-2.041937058582169e-08
3.262222e-08,-2.014241305325414e-08
3.307650000000001e-08,-1.986909849872694e-08
3.35371e-08,-1.959938606410346e-08
3.400412e-08,-1.933323496502126e-08
3.447764e-08,-1.907060452539665e-08
3.495776e-08,-1.881145418223781e-08
3.544456e-08,-1.8555743497042e-08
3.593814e-08,-1.830343219783403e-08
3.643859e-08,-1.805448017242713e-08
3.694601e-08,-1.780884749320085e-08
3.746050000000001e-08,-1.756649442120478e-08
3.798215e-08,-1.732738144295708e-08
3.851107e-08,-1.70914692546016e-08
3.904735e-08,-1.685871879279722e-08
3.95911e-08,-1.662909124967659e-08
4.014242e-08,-1.640254806233566e-08
4.070142e-08,-1.61790509445943e-08
4.126821e-08,-1.595856188802946e-08
4.184289e-08,-1.57410431749931e-08
4.242556e-08,-1.552645737594588e-08
4.301636e-08,-1.531476737280058e-08
4.361538000000001e-08,-1.510593635182962e-08
4.422274e-08,-1.489992781842558e-08
4.483856e-08,-1.469670561016549e-08
4.546295000000001e-08,-1.449623387979242e-08
4.609604e-08,-1.429847712757437e-08
4.673795e-08,-1.410340018401273e-08
4.73888e-08,-1.391096822474107e-08
4.80487e-08,-1.372114677487573e-08
4.87178e-08,-1.35339017073545e-08
4.939622000000001e-08,-1.334919924706373e-08
5.008408000000001e-08,-1.316700597444413e-08
5.078152e-08,-1.298728882859196e-08
5.148867e-08,-1.281001510246186e-08
5.220568e-08,-1.263515245324511e-08
5.293266e-08,-1.246266889935063e-08
5.366977e-08,-1.229253281317457e-08
5.441714000000001e-08,-1.212471293926601e-08
5.517492e-08,-1.195917837496394e-08
5.594326e-08,-1.179589858111299e-08
5.672229e-08,-1.163484337865562e-08
5.751217e-08,-1.147598295143709e-08
5.831305e-08,-1.131928783668149e-08
5.912508e-08,-1.116472893356592e-08
5.994843e-08,-1.101227749367e-08
6.078323000000001e-08,-1.08619051232294e-08
6.162966e-08,-1.071358378121958e-08
6.248788e-08,-1.056728577734414e-08
6.335805e-08,-1.042298376829027e-08
6.424034000000001e-08,-1.028065075893526e-08
6.513491000000001e-08,-1.014026009208174e-08
6.604194e-08,-1.000178545594877e-08
6.696160000000001e-08,-9.865200873915922e-09
6.789407e-08,-9.730480706809522e-09
6.883951999999999e-08,-9.597599646046841e-09
6.979814000000001e-08,-9.466532712769513e-09
7.077011000000001e-08,-9.337255254016765e-09
7.175561000000001e-08,-9.209742939012596e-09
7.275484000000001e-08,-9.083971759278679e-09
7.376798e-08,-8.95991801977133e-09
7.479523e-08,-8.837558342676239e-09
7.583678000000002e-08,-8.716869657528707e-09
7.689284000000001e-08,-8.597829200171139e-09
7.79636e-08,-8.480414512474643e-09
7.904928000000001e-08,-8.364603432123381e-09
8.015007e-08,-8.250374097851146e-09
8.126619e-08,-8.13770493941325e-09
8.239786e-08,-8.026574674443117e-09
8.354528000000001e-08,-7.90177039018776e-09
8.470868000000001e-08,-7.794825090358595e-09
8.588829e-08,-7.68927461434875e-09
8.708431000000001e-08,-7.585103904163737e-09
8.8297e-08,-7.482297903903584e-09
8.952657000000001e-08,-7.380841564734553e-09
9.077327e-08,-7.280719858026278e-09
9.203732e-08,-7.181917776610986e-09
9.331898e-08,-7.084420347269243e-09
9.461848000000001e-08,-6.988212633389202e-09
9.593608000000001e-08,-6.893279744439727e-09
9.727203e-08,-6.799606840615165e-09
9.862658000000001e-08,-6.707179139522343e-09
1e-07,-6.615981922539579e-09
1.013925e-07,-6.526000537027563e-09
1.028045e-07,-6.437220415582324e-09
1.042361e-07,-6.349627050582807e-09
1.056876e-07,-6.263206034386329e-09
1.071593e-07,-6.17794303606184e-09
1.086516e-07,-6.093823826699718e-09
1.101646e-07,-6.010834268758548e-09
1.116987e-07,-5.928960328524793e-09
1.132541e-07,-5.848188061397607e-09
1.148312e-07,-5.768503644741727e-09
1.164303e-07,-5.689893367114306e-09
1.180517e-07,-5.612343614663646e-09
1.196956e-07,-5.535840905899228e-09
1.213624e-07,-5.460371858701771e-09
1.230524e-07,-5.385923223559601e-09
1.24766e-07,-5.312481865293473e-09
1.265034e-07,-5.240034784798778e-09
1.28265e-07,-5.168569085459346e-09
1.300511e-07,-5.098072022866692e-09
1.318621e-07,-5.02853095968725e-09
1.336984e-07,-4.959933393997203e-09
1.355602e-07,-4.892266961782486e-09
1.374479e-07,-4.825519414587045e-09
1.393619e-07,-4.759678651629457e-09
1.413026e-07,-4.694732687442753e-09
1.432703e-07,-4.630669685608424e-09
1.452654e-07,-4.567477924667867e-09
1.472883e-07,-4.505145830147719e-09
1.493393e-07,-4.443661954196087e-09
1.514189e-07,-4.383014981326077e-09
1.535275e-07,-4.323193727612711e-09
1.556654e-07,-4.264187148101181e-09
1.578331e-07,-4.205984319082287e-09
1.60031e-07,-4.148574459142828e-09
1.622595e-07,-4.091946911691769e-09
1.645191e-07,-4.03609114959738e-09
1.668101e-07,-3.980996781370618e-09
1.69133e-07,-3.926653537750817e-09
1.714882e-07,-3.873051282712465e-09
1.738762e-07,-3.820180007312648e-09
1.762975e-07,-3.768029826453385e-09
1.787526e-07,-3.716590982211152e-09
1.812418e-07,-3.665853844475307e-09
1.837656e-07,-3.615808901515721e-09
1.863246e-07,-3.566446767101039e-09
1.889193e-07,-3.517758178930842e-09
1.915501e-07,-3.469733989912593e-09
1.942175e-07,-3.422365179919402e-09
1.96922e-07,-3.375642838239917e-09
1.996642e-07,-3.329558176802508e-09
2.024447e-07,-3.284102523412385e-09
2.052638e-07,-3.239267318982345e-09
2.081222e-07,-3.195044119603677e-09
2.110203e-07,-3.151424590685294e-09
2.139589e-07,-3.108400513393569e-09
2.169384e-07,-3.065963773026945e-09
2.199593e-07,-3.02410636681265e-09
2.230223e-07,-2.982820399668275e-09
2.26128e-07,-2.942098081724323e-09
2.292769e-07,-2.896321513238341e-09
2.324697e-07,-2.857132854975233e-09
2.357069e-07,-2.818455146718961e-09
2.389893e-07,-2.780282870251225e-09
2.423173e-07,-2.742610507234819e-09
2.456916e-07,-2.705432543570182e-09
2.49113e-07,-2.668743472388421e-09
2.52582e-07,-2.632537794863756e-09
2.560993e-07,-2.596810025244133e-09
2.596656e-07,-2.561554690543477e-09
2.632815e-07,-2.526766336280592e-09
2.669478e-07,-2.492439526994269e-09
2.706652e-07,-2.458568846941889e-09
2.744343e-07,-2.425148905328942e-09
2.782559e-07,-2.392174335858767e-09
2.821308e-07,-2.359639799892849e-09
2.860596e-07,-2.327539988527529e-09
2.90043e-07,-2.295869622191647e-09
2.94082e-07,-2.264623455077146e-09
2.981772e-07,-2.233796275341514e-09
3.023295e-07,-2.203382905432703e-09
3.065395e-07,-2.17337820463e-09
3.108082e-07,-2.143777071329835e-09
3.151363e-07,-2.114574442433205e-09
3.195248e-07,-2.085765294884733e-09
3.239743e-07,-2.057344647080935e-09
3.284857e-07,-2.029307560152928e-09
3.3306e-07,-2.001649136743438e-09
3.37698e-07,-1.974364525279819e-09
3.424006e-07,-1.947448917430031e-09
3.471687e-07,-1.920897550407268e-09
3.520031000000001e-07,-1.89470570736373e-09
3.569049e-07,-1.868868717761251e-09
3.61875e-07,-1.843381958222642e-09
3.669142e-07,-1.818240851304482e-09
3.720237e-07,-1.793440868316995e-09
3.772042000000001e-07,-1.768977527987234e-09
3.82457e-07,-1.74484639714651e-09
3.877828e-07,-1.721043090430211e-09
3.931829000000001e-07,-1.697563272166281e-09
3.986581e-07,-1.674402653778724e-09
4.042096e-07,-1.651556996049407e-09
4.098384e-07,-1.629022107847651e-09
4.155455e-07,-1.606793846954267e-09
4.213322e-07,-1.584868119605609e-09
4.271994000000001e-07,-1.563240880439128e-09
4.331483e-07,-1.541908132057152e-09
4.391801e-07,-1.520865925309294e-09
4.452959000000001e-07,-1.500110359823845e-09
4.514968e-07,-1.479637581798277e-09
4.577841000000001e-07,-1.459443785577297e-09
4.641589e-07,-1.439525212159171e-09
4.706225e-07,-1.419878150583243e-09
4.771761000000001e-07,-1.400498935540913e-09
4.838210000000001e-07,-1.38138394842698e-09
4.905584e-07,-1.362529616790125e-09
4.973896e-07,-1.343932413270325e-09
5.043159000000001e-07,-1.325588856734684e-09
5.113388e-07,-1.307495510120383e-09
5.184594e-07,-1.289648981025864e-09
5.256791e-07,-1.272045921667361e-09
5.329994000000001e-07,-1.254683027370455e-09
5.404216000000001e-07,-1.237557037054922e-09
5.479472e-07,-1.220664732471675e-09
5.555776e-07,-1.204002937707872e-09
5.633143000000001e-07,-1.187568518493912e-09
5.711586e-07,-1.171358382982368e-09
5.791123e-07,-1.155369479359984e-09
5.871766e-07,-1.139598797241892e-09
5.953533000000001e-07,-1.124043365966148e-09
6.036439e-07,-1.108700254731331e-09
6.120498e-07,-1.093566571937163e-09
6.205729000000001e-07,-1.078639464562571e-09
6.292146000000001e-07,-1.063916118417485e-09
6.379767e-07,-1.0474168204293e-09
6.468608000000001e-07,-1.033242901331128e-09
6.558686000000001e-07,-1.019254059895754e-09
6.650018000000001e-07,-1.005448282136875e-09
6.742622e-07,-9.918235547593459e-10
6.836516000000001e-07,-9.783778672933373e-10
6.931717e-07,-9.65109212237368e-10
7.028244e-07,-9.520155859688476e-10
7.126115000000001e-07,-9.390949901532321e-10
7.225349e-07,-9.263454324123096e-10
7.325965e-07,-9.137649272393923e-10
7.427982e-07,-9.013514963919073e-10
7.531420000000001e-07,-8.891031704869628e-10
7.636298000000001e-07,-8.770179888455629e-10
7.742637e-07,-8.650940006618819e-10
7.850456e-07,-8.533292658558246e-10
7.959777000000001e-07,-8.41721855132046e-10
8.070620000000001e-07,-8.302698510165512e-10
8.183007000000001e-07,-8.189713483015298e-10
8.296959000000001e-07,-8.078244545764227e-10
8.412497e-07,-7.968272906376523e-10
8.529645000000001e-07,-7.859779910687622e-10
8.648423000000001e-07,-7.752747045991645e-10
8.768856e-07,-7.64715594536668e-10
8.890966e-07,-7.542988391711785e-10
9.014776000000001e-07,-7.440226320692934e-10
9.140311000000001e-07,-7.338851824334331e-10
9.267593000000001e-07,-7.238847153564185e-10
9.396648000000001e-07,-7.140194720604136e-10
9.527500000000001e-07,-7.042877103411309e-10
9.660175000000001e-07,-6.946877043891947e-10
9.794697000000001e-07,-6.852177455585406e-10
9.931092e-07,-6.758761419458344e-10
1e-06,-6.712529493599861e-10
1.006939e-06,-6.666612192285225e-10
1.020961e-06,-6.575713192682246e-10
1.035178e-06,-6.486048022392661e-10
1.049593e-06,-6.397600463689524e-10
1.064209e-06,-6.310354467104508e-10
1.079029e-06,-6.224294150247407e-10
1.094055e-06,-6.139403830300371e-10
1.10929e-06,-6.055682968462612e-10
1.124737e-06,-5.973085037697818e-10
1.1404e-06,-5.891611158940629e-10
1.15628e-06,-5.811246345015979e-10
1.172382e-06,-5.731975773711176e-10
1.188708e-06,-5.653784801092035e-10
1.205261e-06,-5.57665896803207e-10
1.222045e-06,-5.500583978678288e-10
1.239062e-06,-5.425545721302915e-10
1.256317e-06,-5.351530251856523e-10
1.273811e-06,-5.27852379637379e-10
1.29155e-06,-5.206512760862195e-10
1.309535e-06,-5.135483719925137e-10
1.327771e-06,-5.065423410727567e-10
1.346261e-06,-4.996318746179198e-10
1.365008e-06,-4.928156800715754e-10
1.384016e-06,-4.86092482250792e-10
1.403289e-06,-4.79461021635444e-10
1.42283e-06,-4.729200552148359e-10
1.442644e-06,-4.664683558956894e-10
1.462733e-06,-4.601047129170316e-10
1.483103e-06,-4.53827931263396e-10
1.503755e-06,-4.476368314406894e-10
1.524696e-06,-4.415302495522684e-10
1.545928e-06,-4.355070373389422e-10
1.567455e-06,-4.295660610978163e-10
1.589283e-06,-4.237062026023978e-10
1.611414e-06,-4.179263588241947e-10
1.633854e-06,-4.122254404165367e-10
1.656606e-06,-4.066023735857684e-10
1.679675e-06,-4.01056098323329e-10
1.703065e-06,-3.955855689660478e-10
1.726781e-06,-3.901897537488481e-10
1.750827e-06,-3.841125770867776e-10
1.775208e-06,-3.789196569578495e-10
1.799929e-06,-3.737945279341012e-10
1.824993e-06,-3.687364556677944e-10
1.850407e-06,-3.637447059942754e-10
1.876175e-06,-3.588185456834845e-10
1.902301e-06,-3.539572416528825e-10
1.928792e-06,-3.491600632094415e-10
1.955651e-06,-3.444262805087767e-10
1.982884e-06,-3.397551661707431e-10
2.010496e-06,-3.351459948740371e-10
2.038493e-06,-3.30598044012024e-10
2.06688e-06,-3.261467397438536e-10
2.095662e-06,-3.217176973285926e-10
2.124845e-06,-3.173477696316765e-10
2.154435e-06,-3.130450844322886e-10
2.184436e-06,-3.08791270244908e-10
2.214855e-06,-3.04594451796835e-10
2.245698e-06,-3.004539313725774e-10
2.27697e-06,-2.963690158212327e-10
2.308678e-06,-2.923390163846067e-10
2.340827e-06,-2.883632496720428e-10
2.373424e-06,-2.844410371944824e-10
2.406475e-06,-2.805717057955908e-10
2.439986e-06,-2.767545876938582e-10
2.473964e-06,-2.72989020531678e-10
2.508415e-06,-2.692743478551282e-10
2.543346e-06,-2.656099187010059e-10
2.578763e-06,-2.619950880640679e-10
2.614673e-06,-2.584292171044803e-10
2.651084e-06,-2.549116764779149e-10
2.688001e-06,-2.514418354930694e-10
2.725433e-06,-2.480190730169804e-10
2.763385e-06,-2.446427745600405e-10
2.801867e-06,-2.413123322590478e-10
2.840884e-06,-2.3802714432947e-10
2.880444e-06,-2.347866155743559e-10
2.920556e-06,-2.315901570281003e-10
2.961225e-06,-2.284371862677536e-10
3.002462e-06,-2.25327127302757e-10
3.044272e-06,-2.222594105523672e-10
3.086665e-06,-2.192334729655642e-10
3.129648e-06,-2.162487578451336e-10
3.17323e-06,-2.13304715162807e-10
3.217418e-06,-2.104008011719703e-10
3.262222e-06,-2.075364786443675e-10
3.30765e-06,-2.047112167582444e-10
3.35371e-06,-2.019244911177808e-10
3.400412e-06,-1.991757836475673e-10
3.447764e-06,-1.964645827235538e-10
3.495776e-06,-1.937903830018734e-10
3.544456e-06,-1.911526853209856e-10
3.593814e-06,-1.885509969246682e-10
3.643859e-06,-1.859848311870793e-10
3.694601e-06,-1.834537076680751e-10
3.74605e-06,-1.809571519609845e-10
3.798215e-06,-1.784946958823791e-10
3.851106999999999e-06,-1.760658771252372e-10
3.904735e-06,-1.736702393988719e-10
3.95911e-06,-1.713073324103576e-10
4.014242e-06,-1.689767115892899e-10
4.070141999999999e-06,-1.666779382532832e-10
4.126820999999999e-06,-1.644105794626721e-10
4.184289e-06,-1.621742080040317e-10
4.242556e-06,-1.599684022180608e-10
4.301636e-06,-1.577927461000247e-10
4.361538e-06,-1.556468290929487e-10
4.422274e-06,-1.535302461105745e-10
4.483856e-06,-1.514425975481103e-10
4.546295e-06,-1.493834889890469e-10
4.609604e-06,-1.473525314243085e-10
4.673795e-06,-1.453493409662783e-10
4.73888e-06,-1.433735388983373e-10
4.80487e-06,-1.411591207727939e-10
4.87178e-06,-1.392576930094179e-10
4.939621999999999e-06,-1.37381081176159e-10
5.008408e-06,-1.355290186985108e-10
5.078152e-06,-1.337012389182118e-10
5.148867e-06,-1.318974751775129e-10
5.220568e-06,-1.301174610560493e-10
5.293266e-06,-1.28360930469746e-10
5.366977e-06,-1.266276177247547e-10
5.441714e-06,-1.2491725782795e-10
5.517492e-06,-1.232295864129946e-10
5.594325999999999e-06,-1.215643399703997e-10
5.672229e-06,-1.199212559312597e-10
5.751216999999999e-06,-1.183000728118179e-10
5.831305e-06,-1.167005302295457e-10
5.912508e-06,-1.151223691012114e-10
5.994843e-06,-1.135653316531622e-10
6.078322999999999e-06,-1.120291615492856e-10
6.162966e-06,-1.10513603973454e-10
6.248788e-06,-1.090184057081162e-10
6.335804999999999e-06,-1.075433151922204e-10
6.424033999999999e-06,-1.060880826267176e-10
6.513491e-06,-1.046524599598177e-10
6.604194e-06,-1.03236201050799e-10
6.696159999999999e-06,-1.018390616493228e-10
6.789407e-06,-1.004607995000899e-10
6.883951999999999e-06,-9.910117435089762e-11
6.979814e-06,-9.775994801915212e-11
7.077010999999999e-06,-9.643688442507231e-11
7.175561e-06,-9.513174962320844e-11
7.275484e-06,-9.384431187027269e-11
7.376798e-06,-9.258968971038601e-11
7.479523e-06,-9.133543517624054e-11
7.583678e-06,-9.009833636370746e-11
7.689283999999999e-06,-8.887815861230368e-11
7.796359999999999e-06,-8.767467049085827e-11
7.904927999999999e-06,-8.648764368400504e-11
8.015006999999999e-06,-8.531685303778997e-11
8.126619e-06,-8.416207644957726e-11
8.239786e-06,-8.302309482914601e-11
8.354527999999999e-06,-8.189969211860874e-11
8.470868e-06,-8.079165515331514e-11
8.588829000000001e-06,-7.969877373133217e-11
8.708430999999999e-06,-7.862084048889488e-11
8.829700000000001e-06,-7.755765090262585e-11
8.952657000000001e-06,-7.650900321903826e-11
9.077326999999999e-06,-7.547469847203206e-11
9.203732000000001e-06,-7.445454038108642e-11
9.331898000000001e-06,-7.344833536900804e-11
9.461847999999999e-06,-7.245589248164144e-11
9.593607999999999e-06,-7.147702338136134e-11
9.727202999999999e-06,-7.051154229417573e-11
9.862658e-06,-6.955926598126678e-11
9.999999999999999e-06,-6.8620013710471e-11
1.013925e-05,-6.769360718832103e-11
1.028045e-05,-6.677987067081595e-11
1.042361e-05,-6.587863061714668e-11
1.056876e-05,-6.498971602234582e-11
1.071593e-05,-6.411295809983285e-11
1.086516e-05,-6.324819046681832e-11
1.101646e-05,-6.239524896273901e-11
1.116987e-05,-6.155397170830443e-11
1.132541e-05,-6.07241988881079e-11
1.148312e-05,-5.990577302477451e-11
1.164303e-05,-5.909853880749814e-11
1.180517e-05,-5.830234289436284e-11
1.196956e-05,-5.751703421390383e-11
1.213624e-05,-5.674246357345018e-11
1.230524e-05,-5.59784839497853e-11
1.24766e-05,-5.522495025341194e-11
1.265034e-05,-5.448171950576669e-11
1.28265e-05,-5.374865045102379e-11
1.300511e-05,-5.302560402464475e-11
1.318621e-05,-5.231244285100213e-11
1.336984e-05,-5.160903149661842e-11
1.355602e-05,-5.091523646029286e-11
1.374479e-05,-5.023092591031839e-11
1.393619e-05,-4.955596998195816e-11
1.413026e-05,-4.889024041559223e-11
1.432703e-05,-4.823361087410889e-11
1.452654e-05,-4.758595656664218e-11
1.472883e-05,-4.694715455150885e-11
1.493393e-05,-4.631708350363521e-11
1.514189e-05,-4.569562375096514e-11
1.535275e-05,-4.508265724511074e-11
1.556654e-05,-4.447806761739192e-11
1.578331e-05,-4.38817399785947e-11
1.60031e-05,-4.329356111715848e-11
1.622595e-05,-4.271341930376378e-11
1.645191e-05,-4.214120432348794e-11
1.668101e-05,-4.157680752480655e-11
1.69133e-05,-4.102012166874399e-11
1.714882e-05,-4.047104102911442e-11
1.738762e-05,-3.992946131779891e-11
1.762975e-05,-3.939527964068484e-11
1.787526e-05,-3.886839452163793e-11
1.812418e-05,-3.834870589959168e-11
1.837656e-05,-3.783611502316709e-11
1.863246e-05,-3.733052451542869e-11
1.889193e-05,-3.683183835026969e-11
1.915501e-05,-3.633996175604522e-11
1.942175e-05,-3.585480132950388e-11
1.96922e-05,-3.537626485002206e-11
1.996642e-05,-3.490426140948065e-11
2.024447e-05,-3.44387013378535e-11
2.052638e-05,-3.397949617008735e-11
2.081222e-05,-3.352655866292345e-11
2.110203e-05,-3.307980273081521e-11
2.139589e-05,-3.263914350815059e-11
2.169384e-05,-3.220449722673247e-11
2.199593e-05,-3.177578129245561e-11
2.230223e-05,-3.135291423896904e-11
2.26128e-05,-3.093581569959443e-11
2.292769e-05,-3.052440638163711e-11
2.324697e-05,-3.011860810552977e-11
2.357069e-05,-2.971834372595512e-11
2.389893e-05,-2.932353715828556e-11
2.423173e-05,-2.893411334126977e-11
2.456916e-05,-2.85499982373376e-11
2.49113e-05,-2.817111882004698e-11
2.52582e-05,-2.779740304031301e-11
2.560993e-05,-2.742877983747781e-11
2.596656e-05,-2.706517909652448e-11
2.632815e-05,-2.670653166894904e-11
2.669478e-05,-2.635276934095891e-11
2.706652e-05,-2.600382480483978e-11
2.744343e-05,-2.565963167821123e-11
2.782559e-05,-2.532012446596053e-11
2.821308e-05,-2.498523856053735e-11
2.860596e-05,-2.465491023227344e-11
2.90043e-05,-2.432907659529833e-11
2.94082e-05,-2.400767562435391e-11
2.981772e-05,-2.369064612916055e-11
3.023295e-05,-2.337792773116746e-11
3.065395e-05,-2.306946086413306e-11
3.108082e-05,-2.276518677311509e-11
3.151363e-05,-2.246504748467948e-11
3.195248e-05,-2.216898580021443e-11
3.239743e-05,-2.187694528887285e-11
3.284857e-05,-2.158887028015077e-11
3.3306e-05,-2.130470583164868e-11
3.37698e-05,-2.102439775418361e-11
3.424005999999999e-05,-2.074789256773427e-11
3.471687e-05,-2.04751375080369e-11
3.520031e-05,-2.020608051436777e-11
3.569048999999999e-05,-1.994067021788621e-11
3.61875e-05,-1.967885593566999e-11
3.669142e-05,-1.942058764415255e-11
3.720237e-05,-1.916581599485096e-11
3.772041999999999e-05,-1.891449228808088e-11
3.82457e-05,-1.866656846814588e-11
3.877828e-05,-1.842199710902678e-11
3.931829e-05,-1.818073142317886e-11
3.986581e-05,-1.794272522485566e-11
4.042096e-05,-1.770793294393079e-11
4.098384e-05,-1.747630960398697e-11
4.155455e-05,-1.724781082246025e-11
4.213322e-05,-1.702239279816473e-11
4.271994e-05,-1.680001230342856e-11
4.331483e-05,-1.658062667279588e-11
4.391801e-05,-1.636419379957659e-11
4.452958999999999e-05,-1.615067213540855e-11
4.514968e-05,-1.594002066205811e-11
4.577841e-05,-1.573219890258791e-11
4.641589e-05,-1.552716690132813e-11
4.706224999999999e-05,-1.532488523388157e-11
4.771761e-05,-1.512531497862111e-11
4.83821e-05,-1.492841772396807e-11
4.905584e-05,-1.473415555952508e-11
4.973896e-05,-1.454249106226114e-11
5.043159e-05,-1.435338730566595e-11
5.113387999999999e-05,-1.416680783528133e-11
5.184593999999999e-05,-1.398271667285425e-11
5.256791e-05,-1.380107831424937e-11
5.329994e-05,-1.362185771252348e-11
5.404216e-05,-1.344502028184015e-11
5.479471999999999e-05,-1.327053188877432e-11
5.555776e-05,-1.309835884663347e-11
5.633143e-05,-1.292846790798684e-11
5.711586e-05,-1.27608262726491e-11
5.791123e-05,-1.259540156315608e-11
5.871766e-05,-1.243216183958311e-11
5.953533e-05,-1.227107558251921e-11
6.036439e-05,-1.211211169532525e-11
6.120497999999999e-05,-1.195523949835037e-11
6.205729e-05,-1.180042872373227e-11
6.292145999999999e-05,-1.164764951944836e-11
6.379766999999999e-05,-1.149687243719579e-11
6.468608e-05,-1.134806843346383e-11
6.558686e-05,-1.120120886704112e-11
6.650018e-05,-1.105626549671062e-11
6.742622e-05,-1.091321047303454e-11
6.836516e-05,-1.077201634759869e-11
6.931717e-05,-1.063265606191826e-11
7.028243999999999e-05,-1.049510294494409e-11
7.126114999999999e-05,-1.035933071635165e-11
7.225348999999999e-05,-1.022531348257148e-11
7.325964999999999e-05,-1.009302573592577e-11
7.427982e-05,-9.962442348759744e-12
7.531419999999999e-05,-9.833538580704244e-12
7.636297999999999e-05,-9.706290067973727e-12
7.742637e-05,-9.580672827033637e-12
7.850455999999999e-05,-9.456663255360024e-12
7.959776999999999e-05,-9.334238124221886e-12
8.07062e-05,-9.213374582132231e-12
8.183007e-05,-9.094050152401334e-12
8.296959e-05,-8.97624273191268e-12
8.412497e-05,-8.859930588902785e-12
8.529645e-05,-8.745092362799001e-12
8.648423e-05,-8.631707061949241e-12
8.768855999999999e-05,-8.519754062331029e-12
8.890966e-05,-8.409213106136025e-12
9.014776e-05,-8.300064299333963e-12
9.140311e-05,-8.192288110053366e-12
9.267592999999999e-05,-8.085865365929082e-12
9.396647999999999e-05,-7.980777251360004e-12
9.5275e-05,-7.87700530698859e-12
9.660174999999999e-05,-7.774531422564467e-12
9.794696999999999e-05,-7.673337839902096e-12
9.931091999999999e-05,-7.573407143127254e-12
0.0001006939,-7.474722262330578e-12
0.0001020961,-7.377266453233666e-12
0.0001035178,-7.281023314538622e-12
0.0001049593,-7.185976779657291e-12
0.0001064209,-7.092111097912215e-12
0.0001079029,-6.99941082749266e-12
0.0001094055,-6.907860864629724e-12
0.000110929,-6.817446385258582e-12
0.0001124737,-6.728152891402571e-12
0.00011404,-6.639966160566903e-12
0.000115628,-6.552872277390122e-12
0.0001172382,-6.466857596118432e-12
0.0001188708,-6.381908748630119e-12
0.0001205261,-6.298012645125989e-12
0.0001222045,-6.215156444241722e-12
0.0001239062,-6.133327569210179e-12
0.0001256317,-6.052513683436033e-12
0.0001273811,-5.972702686570598e-12
0.000129155,-5.893882718832801e-12
0.0001309535,-5.816042142145605e-12
0.0001327771,-5.739169527120566e-12
0.0001346261,-5.663253661215352e-12
0.0001365008,-5.588283526957473e-12
0.0001384016,-5.514248309315543e-12
0.0001403289,-5.44113737098508e-12
0.000142283,-5.368940255967226e-12
0.0001442644,-5.297646677504701e-12
0.0001462733,-5.22724651733624e-12
0.0001483103,-5.157729814115764e-12
0.0001503755,-5.089086756062e-12
0.0001524696,-5.021307677185761e-12
0.0001545928,-4.954383053401471e-12
0.0001567455,-4.888303486446088e-12
0.0001589283,-4.823059710315728e-12
0.0001611414,-4.758642584699774e-12
0.0001633854,-4.695043074888825e-12
0.0001656606,-4.632252269741943e-12
0.0001679675,-4.570261359390128e-12
0.0001703065,-4.509061639205717e-12
0.0001726781,-4.448644502832087e-12
0.0001750827,-4.389001443363422e-12
0.0001775208,-4.330124044591647e-12
0.0001799929,-4.272003980381211e-12
0.0001824993,-4.214633011766263e-12
0.0001850407,-4.15800298441113e-12
0.0001876175,-4.102105830701708e-12
0.0001902301,-4.046933554824107e-12
0.0001928792,-3.992478252657316e-12
0.0001955651,-3.93873208917197e-12
0.0001982884,-3.885687312080872e-12
0.0002010496,-3.833336242972338e-12
0.0002038493,-3.781671280908347e-12
0.000206688,-3.730684900376e-12
0.0002095662,-3.680369656707923e-12
0.0002124845,-3.630718174146735e-12
0.0002154435,-3.581723158974918e-12
0.0002184436,-3.533377396679284e-12
0.0002214855,-3.485673748381936e-12
0.0002245698,-3.438605158824084e-12
0.000227697,-3.392164654808839e-12
0.0002308678,-3.346345342981219e-12
0.0002340827,-3.301140421048036e-12
0.0002373424,-3.256543173035306e-12
0.0002406475,-3.212546975164711e-12
0.0002439986,-3.169145297747724e-12
0.0002473964,-3.126331707614966e-12
0.0002508415,-3.084099875920792e-12
0.0002543346,-3.042443576301129e-12
0.0002578763,-3.001356693573018e-12
0.0002614673,-2.960833230050748e-12
0.0002651084,-2.920867305672583e-12
0.0002688001,-2.881453167993352e-12
0.0002725433,-2.842585200164245e-12
0.0002763385,-2.804257922433944e-12
0.0002801866999999999,-2.766466007976307e-12
0.0002840884,-2.72920428518784e-12
0.0002880444,-2.692467753018451e-12
0.0002920556,-2.656251587633562e-12
0.0002961225,-2.620551157918576e-12
0.0003002462,-2.585362037616846e-12
0.0003044272,-2.550680020037623e-12
0.0003086665,-2.516501136130234e-12
0.0003129648,-2.482821671174626e-12
0.0003173229999999999,-2.449638189206218e-12
0.0003217418,-2.416947551964193e-12
0.0003262222,-2.384746947623137e-12
0.000330765,-2.353033918663089e-12
0.0003353709999999999,-2.321806394653367e-12
0.0003400412,-2.291062727475765e-12
0.0003447764,-2.260801733489595e-12
0.0003495776,-2.231022737101393e-12
0.0003544456,-2.20172562050225e-12
0.0003593814,-2.172910882893883e-12
0.0003643859,-2.144579700732405e-12
0.0003694601,-2.116733998882461e-12
0.000374605,-2.089376527408977e-12
0.0003798215,-2.062510950765224e-12
0.0003851107,-2.03614194042714e-12
0.0003904735,-2.010275282834056e-12
0.000395911,-1.984917996058237e-12
0.0004014242,-1.960078454560527e-12
0.0004070142,-1.935766529573062e-12
0.0004126821,-1.911993736643461e-12
0.0004184289,-1.888773394099212e-12
0.0004242556,-1.866120787641858e-12
0.0004301635999999999,-1.84405334261601e-12
0.0004361537999999999,-1.822590793570225e-12
0.0004422274,-1.801755350396144e-12
0.0004483856,-1.781571849834541e-12
0.0004546295,-1.762067878018826e-12
0.0004609604,-1.743273856874754e-12
0.0004673795,-1.725223065396016e-12
0.0004738879999999999,-1.707951580265651e-12
0.000480487,-1.691498103368808e-12
0.0004871779999999999,-1.675903644270024e-12
0.0004939622,-1.661211023035021e-12
0.0005008408,-1.647464156000455e-12
0.0005078152,-1.634707090033287e-12
0.0005148867,-1.622982757669045e-12
0.0005220568,-1.612331441489363e-12
0.0005293266,-1.602788954054498e-12
0.0005366977000000001,-1.594384572422148e-12
0.0005441713999999999,-1.587138803278626e-12
0.0005517492,-1.581061089965119e-12
0.0005594326,-1.576147616785222e-12
0.0005672228999999999,-1.572379387309363e-12
0.0005751217,-1.569720765114653e-12
0.0005831304999999999,-1.568118647835363e-12
0.0005912508,-1.56750240366944e-12
0.0005994842999999999,-1.567784633620256e-12
0.0006078323,-1.568862747494036e-12
0.0006162966,-1.570621266315806e-12
0.0006248787999999999,-1.572934703256169e-12
0.0006335805,-1.575670835560331e-12
0.0006424034,-1.578694163451348e-12
0.0006513491,-1.581869356592385e-12
0.0006604194,-1.585064507777648e-12
0.0006696159999999999,-1.588154045850775e-12
0.0006789407,-1.591021196166699e-12
0.0006883952,-1.593559918827705e-12
0.0006979814,-1.595676294514795e-12
0.0007077011,-1.597289365182794e-12
0.0007175561,-1.598331467345399e-12
0.0007275484,-1.598748118698252e-12
0.0007376797999999999,-1.598497533355298e-12
0.0007479523,-1.597549847249928e-12
0.0007583678,-1.595886134976995e-12
0.0007689284,-1.593497293550685e-12
0.0007796359999999999,-1.590382859464343e-12
0.0007904927999999999,-1.58654981380757e-12
0.0008015007,-1.582011419324172e-12
0.0008126618999999999,-1.576786120512716e-12
0.0008239785999999999,-1.570896528933785e-12
0.0008354528,-1.564368506834132e-12
0.0008470868,-1.557230353637206e-12
0.0008588828999999999,-1.549512097595704e-12
0.0008708431,-1.541244886621317e-12
0.00088297,-1.532460473825377e-12
0.0008952657,-1.523190788465852e-12
0.0009077327,-1.513467584724237e-12
0.0009203732,-1.503322157473332e-12
0.0009331897999999999,-1.492785118329281e-12
0.0009461847999999999,-1.481886221646176e-12
0.0009593608,-1.470654234457756e-12
0.0009727202999999999,-1.459116842277959e-12
0.0009862657999999999,-1.447300585366792e-12
0.001,-1.435230819893446e-12
