kcgs_n X,kcgs_n Y
1e-09,-7.886199404478406e-07
1.013925e-09,-7.767590244833528e-07
1.028045e-09,-7.668048252828051e-07
1.042361e-09,-7.566601686901826e-07
1.056876e-09,-7.455960603437641e-07
1.071593e-09,-7.36208449432617e-07
1.086516e-09,-7.259844327650636e-07
1.101646e-09,-7.147985404003051e-07
1.116987e-09,-7.064241788861998e-07
1.132541e-09,-6.962813925208035e-07
1.148312e-09,-6.872861576373587e-07
1.164303e-09,-6.776760202296225e-07
1.180517e-09,-6.686479008362807e-07
1.196956e-09,-6.594959695222405e-07
1.213624e-09,-6.491581431011846e-07
1.230524e-09,-6.416234714445159e-07
1.24766e-09,-6.317471753682371e-07
1.265034e-09,-6.241144847657221e-07
1.28265e-09,-6.156061484855727e-07
1.300511e-09,-6.068151376526223e-07
1.318621e-09,-5.988461514442423e-07
1.336984e-09,-5.906510316285899e-07
1.355602e-09,-5.822526818484469e-07
1.374479e-09,-5.747765337806888e-07
1.393619e-09,-5.667389511920143e-07
1.413026e-09,-5.591617943504914e-07
1.432703e-09,-5.5150925657157e-07
1.452654e-09,-5.43999346827591e-07
1.472883e-09,-5.365432118593775e-07
1.493393e-09,-5.292346399714056e-07
1.514189e-09,-5.220358250618246e-07
1.535275e-09,-5.149005166965376e-07
1.556654e-09,-5.067885561825516e-07
1.578331e-09,-5.002025039149492e-07
1.60031e-09,-4.940879569235994e-07
1.622595e-09,-4.869851057763302e-07
1.645191e-09,-4.796417309581726e-07
1.668101e-09,-4.741263745368674e-07
1.69133e-09,-4.676172241836574e-07
1.714882e-09,-4.610829244592243e-07
1.738762e-09,-4.542585405661466e-07
1.762975e-09,-4.487563393456391e-07
1.787526e-09,-4.425903960903785e-07
1.812418e-09,-4.363394196570714e-07
1.837656e-09,-4.306272368819066e-07
1.863246e-09,-4.247306827188669e-07
1.889193e-09,-4.188006215850612e-07
1.915501e-09,-4.127785230457802e-07
1.942175e-09,-4.0709612613359e-07
1.96922e-09,-4.014867088501902e-07
1.996642e-09,-3.959487598557395e-07
2.024447e-09,-3.904807288032407e-07
2.052638e-09,-3.850810196840883e-07
2.081222e-09,-3.797479840629157e-07
2.110203e-09,-3.753134607169585e-07
2.139589e-09,-3.701889025868e-07
2.169384e-09,-3.651343069103681e-07
2.199593e-09,-3.601487056824563e-07
2.230223e-09,-3.552311411984485e-07
2.26128e-09,-3.503806650124869e-07
2.292769e-09,-3.449846250871076e-07
2.324697e-09,-3.407178039474265e-07
2.357069e-09,-3.358304039663189e-07
2.389893e-09,-3.316351286532421e-07
2.423173e-09,-3.270978822876589e-07
2.456916e-09,-3.22598374839134e-07
2.49113e-09,-3.182207718911179e-07
2.52582e-09,-3.133351171356486e-07
2.560993e-09,-3.090216301828702e-07
2.596656e-09,-3.048474366398763e-07
2.632815e-09,-3.012110739626507e-07
2.669478e-09,-2.970112595095787e-07
2.706652e-09,-2.929341709859249e-07
2.744343e-09,-2.887190539986678e-07
2.782559e-09,-2.84588285885026e-07
2.821308e-09,-2.808590014263545e-07
2.860596e-09,-2.772817626944303e-07
2.90043e-09,-2.735666032521064e-07
2.94082e-09,-2.698461848341639e-07
2.981772e-09,-2.659368296311211e-07
3.023295e-09,-2.625083472800856e-07
3.065395e-09,-2.587309317497852e-07
3.108082e-09,-2.554121799209038e-07
3.151363e-09,-2.518866967556909e-07
3.195248e-09,-2.482522690208991e-07
3.239743e-09,-2.45095569130625e-07
3.284857e-09,-2.417455658981422e-07
3.3306e-09,-2.384318612472416e-07
3.37698e-09,-2.351461368912324e-07
3.424006e-09,-2.31881953475334e-07
3.471687e-09,-2.286399634623715e-07
3.520031e-09,-2.254313846495137e-07
3.569049e-09,-2.222769755243101e-07
3.61875e-09,-2.191997424490616e-07
3.669142e-09,-2.162153029830401e-07
3.720237e-09,-2.133222057946546e-07
3.772042e-09,-2.105004354995069e-07
3.824570000000001e-09,-2.077192288151584e-07
3.877828000000001e-09,-2.049519426640012e-07
3.931829e-09,-2.021895519412636e-07
3.986581e-09,-1.994411548226042e-07
4.042096e-09,-1.965883628406279e-07
4.098384000000001e-09,-1.940350022489307e-07
4.155455e-09,-1.913843817816616e-07
4.213322e-09,-1.884103173140069e-07
4.271994000000001e-09,-1.861728319090218e-07
4.331483000000001e-09,-1.836599346153462e-07
4.391801e-09,-1.810944695118306e-07
4.452959e-09,-1.78676712865671e-07
4.514968e-09,-1.762437994446367e-07
4.577841e-09,-1.738393320736945e-07
4.641589e-09,-1.71466477082249e-07
4.706225e-09,-1.691241637526561e-07
4.771761e-09,-1.668006755841153e-07
4.838210000000001e-09,-1.644367463583506e-07
4.905584000000001e-09,-1.623003668789453e-07
4.973896e-09,-1.600700513118383e-07
5.043159e-09,-1.578828304309176e-07
5.113388e-09,-1.557234788214032e-07
5.184594e-09,-1.53534950503222e-07
5.256791e-09,-1.515216308303256e-07
5.329994e-09,-1.494592082641904e-07
5.404216e-09,-1.474210627685644e-07
5.479472000000001e-09,-1.454042024268766e-07
5.555776e-09,-1.433961114357554e-07
5.633143e-09,-1.413492429748341e-07
5.711586e-09,-1.394284541927931e-07
5.791123e-09,-1.374835500662598e-07
5.871766e-09,-1.357566926927252e-07
5.953533000000001e-09,-1.339097151605156e-07
6.036439e-09,-1.319534399880695e-07
6.120498000000001e-09,-1.301702529735798e-07
6.205729e-09,-1.283232859057766e-07
6.292146e-09,-1.266468111651518e-07
6.379767000000001e-09,-1.249640816991684e-07
6.468608e-09,-1.232729814393042e-07
6.558686e-09,-1.215824864933693e-07
6.650018000000001e-09,-1.197550831238654e-07
6.742622000000001e-09,-1.183438282821191e-07
6.836516e-09,-1.167297402575847e-07
6.931717e-09,-1.151371975413256e-07
7.028244e-09,-1.135654472534841e-07
7.126115000000001e-09,-1.120133674204873e-07
7.225349e-09,-1.104791841166828e-07
7.325965e-09,-1.089599976569755e-07
7.427982e-09,-1.074510114999073e-07
7.53142e-09,-1.059457598097354e-07
7.636298e-09,-1.045892545318864e-07
7.742637e-09,-1.031637642979625e-07
7.850456000000001e-09,-1.017569205049281e-07
7.959777e-09,-1.003664285052604e-07
8.070620000000001e-09,-9.898053374379167e-08
8.183007e-09,-9.753761722338282e-08
8.296959e-09,-9.632258911327918e-08
8.412497000000001e-09,-9.499495669218994e-08
8.529645e-09,-9.365862005762987e-08
8.648423e-09,-9.243862786417236e-08
8.768855999999999e-09,-9.117883749898656e-08
8.890966000000001e-09,-8.984368665601542e-08
9.014776e-09,-8.87032567979775e-08
9.140311000000001e-09,-8.750306281534166e-08
9.267593e-09,-8.626506520738318e-08
9.396648000000002e-09,-8.512845292439923e-08
9.5275e-09,-8.39745073031956e-08
9.660175000000001e-09,-8.280515603390705e-08
9.794697e-09,-8.166491923495869e-08
9.931092000000001e-09,-8.053475640508082e-08
1.006939e-08,-7.941209548972041e-08
1.020961e-08,-7.829336163576278e-08
1.035178e-08,-7.734205464277478e-08
1.049593e-08,-7.625742100563614e-08
1.064209e-08,-7.514139874865637e-08
1.079029e-08,-7.422451875525115e-08
1.094055e-08,-7.314710639545917e-08
1.10929e-08,-7.221563317108429e-08
1.124737e-08,-7.113544761469937e-08
1.1404e-08,-7.026363098447932e-08
1.15628e-08,-6.928670020324078e-08
1.172382e-08,-6.833051971063541e-08
1.188708e-08,-6.735996151996206e-08
1.205261e-08,-6.6492949647726e-08
1.222045e-08,-6.560303086400794e-08
1.239062e-08,-6.471640856403701e-08
1.256317e-08,-6.371014546251066e-08
1.273811e-08,-6.295875414182816e-08
1.29155e-08,-6.209483838315747e-08
1.309535e-08,-6.124087707738023e-08
1.327771e-08,-6.039732378681916e-08
1.346261e-08,-5.956472047938743e-08
1.365008e-08,-5.878419635660448e-08
1.384016e-08,-5.792076917354943e-08
1.403289e-08,-5.721055630857899e-08
1.42283e-08,-5.643119884853263e-08
1.442644e-08,-5.566275809419724e-08
1.462733e-08,-5.490810711413442e-08
1.483103e-08,-5.416142988614331e-08
1.503755e-08,-5.34247689539854e-08
1.524696e-08,-5.269806810876396e-08
1.545928e-08,-5.198120214506258e-08
1.567455e-08,-5.127406753591668e-08
1.589283e-08,-5.057657702125514e-08
1.611414e-08,-4.988426337347801e-08
1.633854e-08,-4.918987779850703e-08
1.656606e-08,-4.848797483797099e-08
1.679675e-08,-4.788421278997684e-08
1.703065e-08,-4.723319399069938e-08
1.726781e-08,-4.659079202995479e-08
1.750827e-08,-4.595685253329755e-08
1.775208e-08,-4.533128205339204e-08
1.799929e-08,-4.471403627320331e-08
1.824993e-08,-4.410627406100313e-08
1.850407e-08,-4.350769759982391e-08
1.876175e-08,-4.291726135735934e-08
1.902301e-08,-4.233485765608712e-08
1.928792e-08,-4.176038013719915e-08
1.955651e-08,-4.119372353706735e-08
1.982884e-08,-4.06347838425172e-08
2.010496e-08,-4.008345820469036e-08
2.038493e-08,-3.953964498067135e-08
2.06688e-08,-3.900324371201179e-08
2.095662e-08,-3.847415517832112e-08
2.124845e-08,-3.795228126488762e-08
2.154435e-08,-3.743752509058236e-08
2.184436e-08,-3.692979096445659e-08
2.214855e-08,-3.642898433148061e-08
2.245698e-08,-3.593501183633862e-08
2.27697e-08,-3.54477812837195e-08
2.308678e-08,-3.496720158844612e-08
2.340827e-08,-3.449318286321678e-08
2.373424e-08,-3.402563633544185e-08
2.406475e-08,-3.356447437194291e-08
2.439986e-08,-3.310961045817977e-08
2.473964e-08,-3.266095917920268e-08
2.508415e-08,-3.221843625283663e-08
2.543346e-08,-3.178195845736534e-08
2.578763e-08,-3.135144366497352e-08
2.614673e-08,-3.092681084510445e-08
2.651084e-08,-3.050797999740153e-08
2.688001e-08,-3.009487218195195e-08
2.725433e-08,-2.96874095217686e-08
2.763385e-08,-2.928551512996798e-08
2.801867e-08,-2.888911317897568e-08
2.840884e-08,-2.849812881879217e-08
2.880444e-08,-2.8112488221835e-08
2.920556e-08,-2.773211852555978e-08
2.961225e-08,-2.735694785525104e-08
3.002462e-08,-2.698690529737045e-08
3.044272e-08,-2.657089106246686e-08
3.086665e-08,-2.62148299019544e-08
3.129648e-08,-2.586341427000152e-08
3.17323e-08,-2.551659412694952e-08
3.217418e-08,-2.517431940956817e-08
3.262222e-08,-2.48365400873975e-08
3.307650000000001e-08,-2.450320617761101e-08
3.35371e-08,-2.417426777485215e-08
3.400412e-08,-2.384967506581944e-08
3.447764e-08,-2.352937837123119e-08
3.495776e-08,-2.321332815158318e-08
3.544456e-08,-2.290147502093818e-08
3.593814e-08,-2.259376979809259e-08
3.643859e-08,-2.229016349825446e-08
3.694601e-08,-2.199060736316539e-08
3.746050000000001e-08,-2.169505286601471e-08
3.798215e-08,-2.140345175622362e-08
3.851107e-08,-2.111575604004224e-08
3.904735e-08,-2.083191801813573e-08
3.95911e-08,-2.055189030375111e-08
4.014242e-08,-2.027562580982226e-08
4.070142e-08,-2.000307778763421e-08
4.126821e-08,-1.973419982801154e-08
4.184289e-08,-1.946894587713176e-08
4.242556e-08,-1.920727023321224e-08
4.301636e-08,-1.894912757491721e-08
4.361538000000001e-08,-1.869447295265481e-08
4.422274e-08,-1.844326180652488e-08
4.483856e-08,-1.819544998220031e-08
4.546295000000001e-08,-1.79509937101267e-08
4.609604e-08,-1.77098496449401e-08
4.673795e-08,-1.74719748443384e-08
4.73888e-08,-1.723732678721052e-08
4.80487e-08,-1.700586337890628e-08
4.87178e-08,-1.677754294917513e-08
4.939622000000001e-08,-1.655232425716815e-08
5.008408000000001e-08,-1.633016649580472e-08
5.078152e-08,-1.611102929552701e-08
5.148867e-08,-1.58948727184239e-08
5.220568e-08,-1.568165727086384e-08
5.293266e-08,-1.547134389979071e-08
5.366977e-08,-1.526389398388782e-08
5.441714000000001e-08,-1.505926935570901e-08
5.517492e-08,-1.485743227805299e-08
5.594326e-08,-1.465834545701381e-08
5.672229e-08,-1.446197203781146e-08
5.751217e-08,-1.426827560819919e-08
5.831305e-08,-1.407722018684168e-08
5.912508e-08,-1.388877023375663e-08
5.994843e-08,-1.370289063866363e-08
6.078323000000001e-08,-1.351954672372388e-08
6.162966e-08,-1.333870424119611e-08
6.248788e-08,-1.316032937097889e-08
6.335805e-08,-1.298438871604019e-08
6.424034000000001e-08,-1.281084930388512e-08
6.513491000000001e-08,-1.263967857403669e-08
6.604194e-08,-1.247084438716763e-08
6.696160000000001e-08,-1.230431501259409e-08
6.789407e-08,-1.21400591310629e-08
6.883951999999999e-08,-1.197804582639123e-08
6.979814000000001e-08,-1.18182445844118e-08
7.077011000000001e-08,-1.166062528830709e-08
7.175561000000001e-08,-1.150515821408389e-08
7.275484000000001e-08,-1.135181403071341e-08
7.376798e-08,-1.120056378932697e-08
7.479523e-08,-1.105137892784546e-08
7.583678000000002e-08,-1.090423125893735e-08
7.689284000000001e-08,-1.075909296874917e-08
7.79636e-08,-1.061593661657226e-08
7.904928000000001e-08,-1.047473512238953e-08
8.015007e-08,-1.033546177326531e-08
8.126619e-08,-1.019809021112299e-08
8.239786e-08,-1.006259442891686e-08
8.354528000000001e-08,-9.910533277638067e-09
8.470868000000001e-08,-9.780130570208363e-09
8.588829e-08,-9.651428375784978e-09
8.708431000000001e-08,-9.524408242918211e-09
8.8297e-08,-9.399051724424735e-09
8.952657000000001e-08,-9.275340383396319e-09
9.077327e-08,-9.153255809164962e-09
9.203732e-08,-9.032779618785662e-09
9.331898e-08,-8.913893472210709e-09
9.461848000000001e-08,-8.796579075481343e-09
9.593608000000001e-08,-8.680818192230764e-09
9.727203e-08,-8.566592649299674e-09
9.862658000000001e-08,-8.453884344843771e-09
1e-07,-8.34267525604305e-09
1.013925e-07,-8.232947441752656e-09
1.028045e-07,-8.124683065938673e-09
1.042361e-07,-8.017864366597807e-09
1.056876e-07,-7.912473704734106e-09
1.071593e-07,-7.80849353594606e-09
1.086516e-07,-7.705906441254236e-09
1.101646e-07,-7.604695114073439e-09
1.116987e-07,-7.504842375371759e-09
1.132541e-07,-7.406331155690189e-09
1.148312e-07,-7.309144535176883e-09
1.164303e-07,-7.213265730417532e-09
1.180517e-07,-7.118678077816133e-09
1.196956e-07,-7.025365075973397e-09
1.213624e-07,-6.933310345422077e-09
1.230524e-07,-6.842497669139077e-09
1.24766e-07,-6.752910970229767e-09
1.265034e-07,-6.664534338425743e-09
1.28265e-07,-6.577351989091554e-09
1.300511e-07,-6.491348323855102e-09
1.318621e-07,-6.406507875529765e-09
1.336984e-07,-6.322815342661225e-09
1.355602e-07,-6.240255592561307e-09
1.374479e-07,-6.158813634020669e-09
1.393619e-07,-6.078474656478615e-09
1.413026e-07,-5.999223990524639e-09
1.432703e-07,-5.921047149047674e-09
1.452654e-07,-5.843929785627045e-09
1.472883e-07,-5.767857733601895e-09
1.493393e-07,-5.692816981210867e-09
1.514189e-07,-5.618793678592151e-09
1.535275e-07,-5.545774136794763e-09
1.556654e-07,-5.473744836815109e-09
1.578331e-07,-5.402692407954786e-09
1.60031e-07,-5.332603653512086e-09
1.622595e-07,-5.263465529446967e-09
1.645191e-07,-5.195265150037424e-09
1.668101e-07,-5.127989795427924e-09
1.69133e-07,-5.061626895248261e-09
1.714882e-07,-4.996164042052923e-09
1.738762e-07,-4.93158898380862e-09
1.762975e-07,-4.867889619940408e-09
1.787526e-07,-4.80505400539918e-09
1.812418e-07,-4.743070351445329e-09
1.837656e-07,-4.681927014128658e-09
1.863246e-07,-4.62161250298743e-09
1.889193e-07,-4.562115479138834e-09
1.915501e-07,-4.503424744624199e-09
1.942175e-07,-4.445529256783286e-09
1.96922e-07,-4.388418106812138e-09
1.996642e-07,-4.332080535931385e-09
2.024447e-07,-4.276505927128842e-09
2.052638e-07,-4.221683801781634e-09
2.081222e-07,-4.167603822196094e-09
2.110203e-07,-4.114255784450128e-09
2.139589e-07,-4.061629626278391e-09
2.169384e-07,-4.009715412863283e-09
2.199593e-07,-3.958503346381394e-09
2.230223e-07,-3.907983760830383e-09
2.26128e-07,-3.858147119008935e-09
2.292769e-07,-3.80215928575414e-09
2.324697e-07,-3.754181802947542e-09
2.357069e-07,-3.7068230900825e-09
2.389893e-07,-3.660076367473172e-09
2.423173e-07,-3.613934856653611e-09
2.456916e-07,-3.568391785672239e-09
2.49113e-07,-3.523440392718026e-09
2.52582e-07,-3.479073927075943e-09
2.560993e-07,-3.435285655251796e-09
2.596656e-07,-3.392068860556379e-09
2.632815e-07,-3.349416850101945e-09
2.669478e-07,-3.307322955397705e-09
2.706652e-07,-3.265780533169619e-09
2.744343e-07,-3.224782971738179e-09
2.782559e-07,-3.184323690432509e-09
2.821308e-07,-3.14439614343373e-09
2.860596e-07,-3.10499382229177e-09
2.90043e-07,-3.066110255399565e-09
2.94082e-07,-3.027739013402082e-09
2.981772e-07,-2.989873709416184e-09
3.023295e-07,-2.95250799940174e-09
3.065395e-07,-2.915635585254693e-09
3.108082e-07,-2.879250217591107e-09
3.151363e-07,-2.843345694970197e-09
3.195248e-07,-2.807915865762412e-09
3.239743e-07,-2.772954629858734e-09
3.284857e-07,-2.738455940228289e-09
3.3306e-07,-2.704413801393228e-09
3.37698e-07,-2.670822274668564e-09
3.424006e-07,-2.637675475014439e-09
3.471687e-07,-2.604967573856726e-09
3.520031000000001e-07,-2.572692799557418e-09
3.569049e-07,-2.540845437858118e-09
3.61875e-07,-2.509419832916813e-09
3.669142e-07,-2.478410385783488e-09
3.720237e-07,-2.447811557866942e-09
3.772042000000001e-07,-2.417617869277813e-09
3.82457e-07,-2.387823899668968e-09
3.877828e-07,-2.358424287857799e-09
3.931829000000001e-07,-2.32941373415341e-09
3.986581e-07,-2.300786997145185e-09
4.042096e-07,-2.272538896493274e-09
4.098384e-07,-2.244664311356519e-09
4.155455e-07,-2.217158181409885e-09
4.213322e-07,-2.190015506280536e-09
4.271994000000001e-07,-2.163231345481095e-09
4.331483e-07,-2.136800817870765e-09
4.391801e-07,-2.110719102007413e-09
4.452959000000001e-07,-2.084981436810338e-09
4.514968e-07,-2.059583118825604e-09
4.577841000000001e-07,-2.034519504186967e-09
4.641589e-07,-2.009786006768914e-09
4.706225e-07,-1.985378099915766e-09
4.771761000000001e-07,-1.961291313482713e-09
4.838210000000001e-07,-1.937521235148769e-09
4.905584e-07,-1.914063509743168e-09
4.973896e-07,-1.89091383793253e-09
5.043159000000001e-07,-1.86806797764452e-09
5.113388e-07,-1.845521741393137e-09
5.184594e-07,-1.823270997024913e-09
5.256791e-07,-1.801311667677129e-09
5.329994000000001e-07,-1.779639729908947e-09
5.404216000000001e-07,-1.758251214318003e-09
5.479472e-07,-1.737142204601419e-09
5.555776e-07,-1.71630883695043e-09
5.633143000000001e-07,-1.695747299197447e-09
5.711586e-07,-1.675453831804764e-09
5.791123e-07,-1.655424724890728e-09
5.871766e-07,-1.635656319989277e-09
5.953533000000001e-07,-1.616145007928951e-09
6.036439e-07,-1.596887229019733e-09
6.120498e-07,-1.577879472241428e-09
6.205729000000001e-07,-1.559118274477993e-09
6.292146000000001e-07,-1.5406002208499e-09
6.379767e-07,-1.519849138423374e-09
6.468608000000001e-07,-1.501993537619054e-09
6.558686000000001e-07,-1.484358249196274e-09
6.650018000000001e-07,-1.466940837490935e-09
6.742622e-07,-1.449738868837693e-09
6.836516000000001e-07,-1.432749914191913e-09
6.931717e-07,-1.415971549241725e-09
7.028244e-07,-1.399401355488585e-09
7.126115000000001e-07,-1.383036921962116e-09
7.225349e-07,-1.366875846000579e-09
7.325965e-07,-1.350915734345887e-09
7.427982e-07,-1.335154203577661e-09
7.531420000000001e-07,-1.319588882076682e-09
7.636298000000001e-07,-1.304217409767619e-09
7.742637e-07,-1.289037439545912e-09
7.850456e-07,-1.274046638306803e-09
7.959777000000001e-07,-1.259242686965629e-09
8.070620000000001e-07,-1.244623281725325e-09
8.183007000000001e-07,-1.23018613459302e-09
8.296959000000001e-07,-1.215928974008734e-09
8.412497e-07,-1.201849545321291e-09
8.529645000000001e-07,-1.187945611484609e-09
8.648423000000001e-07,-1.17421495347304e-09
8.768856e-07,-1.160655370793718e-09
8.890966e-07,-1.147264681964234e-09
9.014776000000001e-07,-1.134040724852576e-09
9.140311000000001e-07,-1.120981357102323e-09
9.267593000000001e-07,-1.108084456425337e-09
9.396648000000001e-07,-1.095347920876526e-09
9.527500000000001e-07,-1.082769669395846e-09
9.660175000000001e-07,-1.07034764154793e-09
9.794697000000001e-07,-1.058079798487929e-09
9.931092e-07,-1.045964122391587e-09
1e-06,-1.039962722327795e-09
1.006939e-06,-1.033998617517254e-09
1.020961e-06,-1.022181308369342e-09
1.035178e-06,-1.010510242440468e-09
1.049593e-06,-9.989834898602359e-10
1.064209e-06,-9.875991417794968e-10
1.079029e-06,-9.763553101935813e-10
1.094055e-06,-9.65250132173181e-10
1.10929e-06,-9.542837149297321e-10
1.124737e-06,-9.434501814750868e-10
1.1404e-06,-9.327498504622584e-10
1.15628e-06,-9.221809457812412e-10
1.172382e-06,-9.117417118119564e-10
1.188708e-06,-9.014304151645115e-10
1.205261e-06,-8.912453455387243e-10
1.222045e-06,-8.811848128788677e-10
1.239062e-06,-8.712471501233315e-10
1.256317e-06,-8.614307110294495e-10
1.273811e-06,-8.517338704872472e-10
1.29155e-06,-8.421550258337975e-10
1.309535e-06,-8.326925953463845e-10
1.327771e-06,-8.233450174374694e-10
1.346261e-06,-8.141107524142265e-10
1.365008e-06,-8.049882805862096e-10
1.384016e-06,-7.959761039029024e-10
1.403289e-06,-7.870727436697813e-10
1.42283e-06,-7.782767416865254e-10
1.442644e-06,-7.695866594589939e-10
1.462733e-06,-7.610010787652701e-10
1.483103e-06,-7.525186008748979e-10
1.503755e-06,-7.441378462538002e-10
1.524696e-06,-7.358574546760317e-10
1.545928e-06,-7.276760852897292e-10
1.567455e-06,-7.195924151595224e-10
1.589283e-06,-7.116051405259628e-10
1.611414e-06,-7.037129764426897e-10
1.633854e-06,-6.959146547175275e-10
1.656606e-06,-6.882089264797934e-10
1.679675e-06,-6.805945597772014e-10
1.703065e-06,-6.730703403541473e-10
1.726781e-06,-6.656350710510322e-10
1.750827e-06,-6.572519808886902e-10
1.775208e-06,-6.500667948512951e-10
1.799929e-06,-6.429619572214428e-10
1.824993e-06,-6.359366470026445e-10
1.850407e-06,-6.289900433262881e-10
1.876175e-06,-6.221213264034372e-10
1.902301e-06,-6.153296763349278e-10
1.928792e-06,-6.086142761504614e-10
1.955651e-06,-6.019743095716647e-10
1.982884e-06,-5.954089631881324e-10
2.010496e-06,-5.889174258099804e-10
2.038493e-06,-5.824988893110318e-10
2.06688e-06,-5.762033126407476e-10
2.095662e-06,-5.699265353078071e-10
2.124845e-06,-5.637204097234768e-10
2.154435e-06,-5.572536049967179e-10
2.184436e-06,-5.511851890377859e-10
2.214855e-06,-5.45185067868698e-10
2.245698e-06,-5.39252461690406e-10
2.27697e-06,-5.333865958715474e-10
2.308678e-06,-5.275867006472695e-10
2.340827e-06,-5.218520124704152e-10
2.373424e-06,-5.161817732964144e-10
2.406475e-06,-5.105752311604795e-10
2.439986e-06,-5.050316401979556e-10
2.473964e-06,-4.995502606759492e-10
2.508415e-06,-4.941303596555916e-10
2.543346e-06,-4.887712103574581e-10
2.578763e-06,-4.834720928109823e-10
2.614673e-06,-4.782322941320744e-10
2.651084e-06,-4.730511133638803e-10
2.688001e-06,-4.679278456279236e-10
2.725433e-06,-4.628617979947757e-10
2.763385e-06,-4.578522852244622e-10
2.801867e-06,-4.528986297402675e-10
2.840884e-06,-4.480001608017154e-10
2.880444e-06,-4.431562152481623e-10
2.920556e-06,-4.383661369569918e-10
2.961225e-06,-4.336292772993179e-10
3.002462e-06,-4.289449949684082e-10
3.044272e-06,-4.24312655939727e-10
3.086665e-06,-4.197316336478888e-10
3.129648e-06,-4.152013087184875e-10
3.17323e-06,-4.107210694455751e-10
3.217418e-06,-4.062903112051999e-10
3.262222e-06,-4.019084368171752e-10
3.30765e-06,-3.975748563789677e-10
3.35371e-06,-3.93288987300774e-10
3.400412e-06,-3.890502541499063e-10
3.447764e-06,-3.848580888605155e-10
3.495776e-06,-3.807119304793623e-10
3.544456e-06,-3.766112250232615e-10
3.593814e-06,-3.725554258367524e-10
3.643859e-06,-3.68543993177907e-10
3.694601e-06,-3.645763943173802e-10
3.74605e-06,-3.606521033140842e-10
3.798215e-06,-3.567706013286219e-10
3.851106999999999e-06,-3.529313760942306e-10
3.904735e-06,-3.491339221531465e-10
3.95911e-06,-3.45377740846274e-10
4.014242e-06,-3.416623398945857e-10
4.070141999999999e-06,-3.379872336805666e-10
4.126820999999999e-06,-3.343519430370942e-10
4.184289e-06,-3.307559952416845e-10
4.242556e-06,-3.271989237608813e-10
4.301636e-06,-3.236802684331671e-10
4.361538e-06,-3.201995751575682e-10
4.422274e-06,-3.167563959525853e-10
4.483856e-06,-3.133502889977614e-10
4.546295e-06,-3.099808181793939e-10
4.609604e-06,-3.066475534717125e-10
4.673795e-06,-3.033500704936307e-10
4.73888e-06,-3.000879506137409e-10
4.80487e-06,-2.964250533120926e-10
4.87178e-06,-2.93265229784149e-10
4.939621999999999e-06,-2.901373188406956e-10
5.008408e-06,-2.870410570241703e-10
5.078152e-06,-2.839761795576595e-10
5.148867e-06,-2.809424204183711e-10
5.220568e-06,-2.779395126708666e-10
5.293266e-06,-2.749671885730551e-10
5.366977e-06,-2.720251796083403e-10
5.441714e-06,-2.691132169564549e-10
5.517492e-06,-2.662310313161419e-10
5.594325999999999e-06,-2.633783532468298e-10
5.672229e-06,-2.605549132655905e-10
5.751216999999999e-06,-2.5776044205169e-10
5.831305e-06,-2.549946704332672e-10
5.912508e-06,-2.522573296907562e-10
5.994843e-06,-2.495481515395885e-10
6.078322999999999e-06,-2.468668683191834e-10
6.162966e-06,-2.442132131065717e-10
6.248788e-06,-2.415869198262739e-10
6.335804999999999e-06,-2.389877233267239e-10
6.424033999999999e-06,-2.364153595432725e-10
6.513491e-06,-2.338695654516721e-10
6.604194e-06,-2.313500793397325e-10
6.696159999999999e-06,-2.288566407553397e-10
6.789407e-06,-2.263889906791468e-10
6.883951999999999e-06,-2.239468715277634e-10
6.979814e-06,-2.215300272634136e-10
7.077010999999999e-06,-2.191382034462965e-10
7.175561e-06,-2.167711472858804e-10
7.275484e-06,-2.144286077601844e-10
7.376798e-06,-2.121379980192164e-10
7.479523e-06,-2.098410763861664e-10
7.583678e-06,-2.075681671462763e-10
7.689283999999999e-06,-2.053190073089881e-10
7.796359999999999e-06,-2.030933372849029e-10
7.904927999999999e-06,-2.008909007059789e-10
8.015006999999999e-06,-1.987114445396125e-10
8.126619e-06,-1.965547189144153e-10
8.239786e-06,-1.944204770768551e-10
8.354527999999999e-06,-1.923084754585221e-10
8.470868e-06,-1.902184734449525e-10
8.588829000000001e-06,-1.881502335358962e-10
8.708430999999999e-06,-1.861035211404122e-10
8.829700000000001e-06,-1.840781046103723e-10
8.952657000000001e-06,-1.820737551360739e-10
9.077326999999999e-06,-1.800902468093505e-10
9.203732000000001e-06,-1.781273564586209e-10
9.331898000000001e-06,-1.761848637123742e-10
9.461847999999999e-06,-1.742625508742763e-10
9.593607999999999e-06,-1.723602029399477e-10
9.727202999999999e-06,-1.704776075239702e-10
9.862658e-06,-1.686145548338538e-10
9.999999999999999e-06,-1.667708376438428e-10
1.013925e-05,-1.649462511908899e-10
1.028045e-05,-1.631405934227492e-10
1.042361e-05,-1.613536643438444e-10
1.056876e-05,-1.595852667012658e-10
1.071593e-05,-1.578352053852377e-10
1.086516e-05,-1.561032878266807e-10
1.101646e-05,-1.543893236645569e-10
1.116987e-05,-1.526931248928219e-10
1.132541e-05,-1.510145054505599e-10
1.148312e-05,-1.493532818035966e-10
1.164303e-05,-1.477092726291824e-10
1.180517e-05,-1.460822984409575e-10
1.196956e-05,-1.44472182231984e-10
1.213624e-05,-1.428787487026381e-10
1.230524e-05,-1.413018248839198e-10
1.24766e-05,-1.397412396816738e-10
1.265034e-05,-1.381968242714206e-10
1.28265e-05,-1.366684113205858e-10
1.300511e-05,-1.351558359905838e-10
1.318621e-05,-1.336589349180373e-10
1.336984e-05,-1.321775467696599e-10
1.355602e-05,-1.307115122516869e-10
1.374479e-05,-1.292606735826129e-10
1.393619e-05,-1.27824875149313e-10
1.413026e-05,-1.264039627670028e-10
1.432703e-05,-1.249977843815305e-10
1.452654e-05,-1.236061892930676e-10
1.472883e-05,-1.222290288310706e-10
1.493393e-05,-1.208661558827291e-10
1.514189e-05,-1.195174249968176e-10
1.535275e-05,-1.181826923463829e-10
1.556654e-05,-1.168618158777e-10
1.578331e-05,-1.155546548996486e-10
1.60031e-05,-1.142610705427092e-10
1.622595e-05,-1.129809253573433e-10
1.645191e-05,-1.117140834090844e-10
1.668101e-05,-1.104604104131589e-10
1.69133e-05,-1.092197734257558e-10
1.714882e-05,-1.079920410916129e-10
1.738762e-05,-1.067770835034728e-10
1.762975e-05,-1.055747721279702e-10
1.787526e-05,-1.043849798839882e-10
1.812418e-05,-1.032075811616843e-10
1.837656e-05,-1.020424516086339e-10
1.863246e-05,-1.008894683004448e-10
1.889193e-05,-9.974850971231258e-11
1.915501e-05,-9.861945552276725e-11
1.942175e-05,-9.750218689872316e-11
1.96922e-05,-9.639658609261645e-11
1.996642e-05,-9.53025367645031e-11
2.024447e-05,-9.421992383469674e-11
2.052638e-05,-9.314863343001748e-11
2.081222e-05,-9.208855294611695e-11
2.110203e-05,-9.103957092076535e-11
2.139589e-05,-9.000157720270787e-11
2.169384e-05,-8.897446268652754e-11
2.199593e-05,-8.795811951539995e-11
2.230223e-05,-8.695244099474138e-11
2.26128e-05,-8.595732154782408e-11
2.292769e-05,-8.497265667627204e-11
2.324697e-05,-8.399834307572707e-11
2.357069e-05,-8.303427846900169e-11
2.389893e-05,-8.208036169090779e-11
2.423173e-05,-8.113649261993995e-11
2.456916e-05,-8.020257220024236e-11
2.49113e-05,-7.927850243258555e-11
2.52582e-05,-7.836418631315024e-11
2.560993e-05,-7.745952788137065e-11
2.596656e-05,-7.656443213586143e-11
2.632815e-05,-7.567880510618672e-11
2.669478e-05,-7.480255379528056e-11
2.706652e-05,-7.393558612863403e-11
2.744343e-05,-7.307781102205274e-11
2.782559e-05,-7.222913830712263e-11
2.821308e-05,-7.138947875159943e-11
2.860596e-05,-7.055874405499744e-11
2.90043e-05,-6.973684678242682e-11
2.94082e-05,-6.892370042613063e-11
2.981772e-05,-6.811921936023373e-11
3.023295e-05,-6.732331880068753e-11
3.065395e-05,-6.653591482537647e-11
3.108082e-05,-6.575692439045406e-11
3.151363e-05,-6.498626527289416e-11
3.195248e-05,-6.422385607156294e-11
3.239743e-05,-6.346961620727321e-11
3.284857e-05,-6.272346592184522e-11
3.3306e-05,-6.1985326212515e-11
3.37698e-05,-6.125511891475119e-11
3.424005999999999e-05,-6.053276660547396e-11
3.471687e-05,-5.981819263741508e-11
3.520031e-05,-5.911132112449024e-11
3.569048999999999e-05,-5.841207692830696e-11
3.61875e-05,-5.772038565942144e-11
3.669142e-05,-5.703617362387139e-11
3.720237e-05,-5.635936788121322e-11
3.772041999999999e-05,-5.56898961913594e-11
3.82457e-05,-5.502768701785761e-11
3.877828e-05,-5.437266950562636e-11
3.931829e-05,-5.372477352035432e-11
3.986581e-05,-5.308392956578997e-11
4.042096e-05,-5.245006883608691e-11
4.098384e-05,-5.182312317198842e-11
4.155455e-05,-5.120302507610703e-11
4.213322e-05,-5.058970769389931e-11
4.271994e-05,-4.998310480678043e-11
4.331483e-05,-4.938315081554449e-11
4.391801e-05,-4.878978074490923e-11
4.452958999999999e-05,-4.820293025620804e-11
4.514968e-05,-4.762253558350299e-11
4.577841e-05,-4.704853357738242e-11
4.641589e-05,-4.648086166272441e-11
4.706224999999999e-05,-4.591945787905554e-11
4.771761e-05,-4.536426081400062e-11
4.83821e-05,-4.481520963541136e-11
4.905584e-05,-4.427224407852096e-11
4.973896e-05,-4.373530441875703e-11
5.043159e-05,-4.320433150845876e-11
5.113387999999999e-05,-4.267926671908089e-11
5.184593999999999e-05,-4.216005196310599e-11
5.256791e-05,-4.164662969828902e-11
5.329994e-05,-4.113894288953643e-11
5.404216e-05,-4.063693502917247e-11
5.479471999999999e-05,-4.014055012120896e-11
5.555776e-05,-3.964973267365761e-11
5.633143e-05,-3.916442768525274e-11
5.711586e-05,-3.868458067591284e-11
5.791123e-05,-3.821013762386219e-11
5.871766e-05,-3.774104501476697e-11
5.953533e-05,-3.72772497992858e-11
6.036439e-05,-3.681869940540169e-11
6.120497999999999e-05,-3.63653417272343e-11
6.205729e-05,-3.591712511500857e-11
6.292145999999999e-05,-3.547399839137224e-11
6.379766999999999e-05,-3.503591082045094e-11
6.468608e-05,-3.460281211462285e-11
6.558686e-05,-3.417465243056383e-11
6.650018e-05,-3.3751382365432e-11
6.742622e-05,-3.333295293534431e-11
6.836516e-05,-3.291931560448999e-11
6.931717e-05,-3.25104222544647e-11
7.028243999999999e-05,-3.210622517830602e-11
7.126114999999999e-05,-3.170667709122101e-11
7.225348999999999e-05,-3.131173111974902e-11
7.325964999999999e-05,-3.092134079977821e-11
7.427982e-05,-3.053546005955352e-11
7.531419999999999e-05,-3.015404324127674e-11
7.636297999999999e-05,-2.977704506950812e-11
7.742637e-05,-2.940442066190491e-11
7.850455999999999e-05,-2.90361255313829e-11
7.959776999999999e-05,-2.867211556458334e-11
8.07062e-05,-2.831234703204774e-11
8.183007e-05,-2.795677658100484e-11
8.296959e-05,-2.760536123195435e-11
8.412497e-05,-2.725805837249331e-11
8.529645e-05,-2.691482575756158e-11
8.648423e-05,-2.657562150374394e-11
8.768855999999999e-05,-2.624040408689117e-11
8.890966e-05,-2.590913233983071e-11
9.014776e-05,-2.558176544754137e-11
9.140311e-05,-2.525826294534036e-11
9.267592999999999e-05,-2.493858471460278e-11
9.396647999999999e-05,-2.462269097887964e-11
9.5275e-05,-2.43105423074265e-11
9.660174999999999e-05,-2.400209959960333e-11
9.794696999999999e-05,-2.369732410044417e-11
9.931091999999999e-05,-2.339617737881411e-11
0.0001006939,-2.309862134680677e-11
0.0001020961,-2.280461820771449e-11
0.0001035178,-2.251413051852072e-11
0.0001049593,-2.222712117611465e-11
0.0001064209,-2.194355337256025e-11
0.0001079029,-2.16633905866968e-11
0.0001094055,-2.138659668615252e-11
0.000110929,-2.111313576572495e-11
0.0001124737,-2.084297230315449e-11
0.00011404,-2.057607102243264e-11
0.000115628,-2.031239700667893e-11
0.0001172382,-2.005191560241573e-11
0.0001188708,-1.979459246233165e-11
0.0001205261,-1.954039356648698e-11
0.0001222045,-1.928928515139427e-11
0.0001239062,-1.904123377906086e-11
0.0001256317,-1.879620628343306e-11
0.0001273811,-1.855416977924591e-11
0.000129155,-1.831509169612297e-11
0.0001309535,-1.807893974250894e-11
0.0001327771,-1.784568188736154e-11
0.0001346261,-1.761528640606184e-11
0.0001365008,-1.738772183539255e-11
0.0001384016,-1.716295701677472e-11
0.0001403289,-1.694096104184656e-11
0.000142283,-1.672170328357082e-11
0.0001442644,-1.65051533794379e-11
0.0001462733,-1.629128124855249e-11
0.0001483103,-1.608005707526028e-11
0.0001503755,-1.587145130500472e-11
0.0001524696,-1.566543465038877e-11
0.0001545928,-1.546197809617606e-11
0.0001567455,-1.526105286646194e-11
0.0001589283,-1.506263045949857e-11
0.0001611414,-1.486668264217364e-11
0.0001633854,-1.467318140246889e-11
0.0001656606,-1.448209901681002e-11
0.0001679675,-1.429340799403701e-11
0.0001703065,-1.410708109836705e-11
0.0001726781,-1.392309133815276e-11
0.0001750827,-1.374141197853149e-11
0.0001775208,-1.356201652290502e-11
0.0001799929,-1.338487871824737e-11
0.0001824993,-1.320997255256478e-11
0.0001850407,-1.303727225255694e-11
0.0001876175,-1.286675229451129e-11
0.0001902301,-1.269838736241449e-11
0.0001928792,-1.253215241140571e-11
0.0001955651,-1.236802260071987e-11
0.0001982884,-1.220597333641265e-11
0.0002010496,-1.204598024452455e-11
0.0002038493,-1.188801918148279e-11
0.000206688,-1.173206622644579e-11
0.0002095662,-1.157809769568789e-11
0.0002124845,-1.142609010307971e-11
0.0002154435,-1.127602019645295e-11
0.0002184436,-1.112786494433057e-11
0.0002214855,-1.098160151955934e-11
0.0002245698,-1.083720731751607e-11
0.000227697,-1.069465994423273e-11
0.0002308678,-1.055393720157231e-11
0.0002340827,-1.041501711275447e-11
0.0002373424,-1.027787789791838e-11
0.0002406475,-1.014249798126884e-11
0.0002439986,-1.000885598490615e-11
0.0002473964,-9.87693072312431e-12
0.0002508415,-9.746701212016736e-12
0.0002543346,-9.618146647987107e-12
0.0002578763,-9.491246417249444e-12
0.0002614673,-9.365980096375968e-12
0.0002651084,-9.242327431900045e-12
0.0002688001,-9.120268348393198e-12
0.0002725433,-8.999782948143612e-12
0.0002763385,-8.88085148827421e-12
0.0002801866999999999,-8.763454399515254e-12
0.0002840884,-8.647572259948074e-12
0.0002880444,-8.533185805761191e-12
0.0002920556,-8.420275911215297e-12
0.0002961225,-8.30882359178396e-12
0.0003002462,-8.198809991963966e-12
0.0003044272,-8.090216375612974e-12
0.0003086665,-7.983024120663557e-12
0.0003129648,-7.877214702571579e-12
0.0003173229999999999,-7.772769694229409e-12
0.0003217418,-7.669670739895441e-12
0.0003262222,-7.567899549972328e-12
0.000330765,-7.467437881966162e-12
0.0003353709999999999,-7.368267524416137e-12
0.0003400412,-7.270370274438408e-12
0.0003447764,-7.173727921478265e-12
0.0003495776,-7.078322217776157e-12
0.0003544456,-6.98413484855023e-12
0.0003593814,-6.891147410382584e-12
0.0003643859,-6.799341368144879e-12
0.0003694601,-6.708698019569978e-12
0.000374605,-6.619198447743874e-12
0.0003798215,-6.530823480680471e-12
0.0003851107,-6.443553625917749e-12
0.0003904735,-6.357369016256947e-12
0.000395911,-6.272249342966302e-12
0.0004014242,-6.188173772350832e-12
0.0004070142,-6.105120870365593e-12
0.0004126821,-6.023068507945011e-12
0.0004184289,-5.941993762826975e-12
0.0004242556,-5.861872807873259e-12
0.0004301635999999999,-5.782680802214181e-12
0.0004361537999999999,-5.704391765645219e-12
0.0004422274,-5.626978458169677e-12
0.0004483856,-5.55041225953595e-12
0.0004546295,-5.474663043173002e-12
0.0004609604,-5.3996990815128e-12
0.0004673795,-5.325486954761962e-12
0.0004738879999999999,-5.251991506044674e-12
0.000480487,-5.17917584183917e-12
0.0004871779999999999,-5.107001397430698e-12
0.0004939622,-5.035428092757622e-12
0.0005008408,-4.964414599162751e-12
0.0005078152,-4.89391874051762e-12
0.0005148867,-4.823898047437487e-12
0.0005220568,-4.754310490133301e-12
0.0005293266,-4.68511538574984e-12
0.0005366977000000001,-4.616274476380526e-12
0.0005441713999999999,-4.547753163522615e-12
0.0005517492,-4.47952182492935e-12
0.0005594326,-4.411557169313881e-12
0.0005672228999999999,-4.343843519312079e-12
0.0005751217,-4.276373927182777e-12
0.0005831304999999999,-4.209151011617021e-12
0.0005912508,-4.142187438988807e-12
0.0005994842999999999,-4.075505971826715e-12
0.0006078323,-4.009139072422022e-12
0.0006162966,-3.943128069944641e-12
0.0006248787999999999,-3.8775219444177e-12
0.0006335805,-3.812375806520384e-12
0.0006424034,-3.747749173375306e-12
0.0006513491,-3.683704136928677e-12
0.0006604194,-3.620303539915975e-12
0.0006696159999999999,-3.557609235398209e-12
0.0006789407,-3.495680520543124e-12
0.0006883952,-3.434572792700672e-12
0.0006979814,-3.374336471844096e-12
0.0007077011,-3.315016201707325e-12
0.0007175561,-3.25665032863421e-12
0.0007275484,-3.199270641906089e-12
0.0007376797999999999,-3.142902340248221e-12
0.0007479523,-3.087564197765919e-12
0.0007583678,-3.033268877420961e-12
0.0007689284,-2.98002336253004e-12
0.0007796359999999999,-2.927829465383896e-12
0.0007904927999999999,-2.876684375441345e-12
0.0008015007,-2.826581230800802e-12
0.0008126618999999999,-2.777509677293116e-12
0.0008239785999999999,-2.729456408437376e-12
0.0008354528,-2.682405673867639e-12
0.0008470868,-2.636339739574039e-12
0.0008588828999999999,-2.591239311353613e-12
0.0008708431,-2.547083903257485e-12
0.00088297,-2.503852165113276e-12
0.0008952657,-2.461522162933259e-12
0.0009077327,-2.420071621802663e-12
0.0009203732,-2.379478126406744e-12
0.0009331897999999999,-2.339719292650161e-12
0.0009461847999999999,-2.300772905443157e-12
0.0009593608,-2.262617033209754e-12
0.0009727202999999999,-2.225230117828069e-12
0.0009862657999999999,-2.188591045978136e-12
0.001,-2.152679203817821e-12
