kcsg_p X,kcsg_p Y
1e-09,8.991642646971509e-07
1.013925e-09,8.869081147936361e-07
1.028045e-09,8.748190487008554e-07
1.042361e-09,8.628947885383951e-07
1.056876e-09,8.511330896431531e-07
1.071593e-09,8.395317363748141e-07
1.086516e-09,8.280885445747521e-07
1.101646e-09,8.168013591690633e-07
1.116987e-09,8.056680549554448e-07
1.132541e-09,7.946865337318454e-07
1.148312e-09,7.838547279297579e-07
1.164303e-09,7.731705983506209e-07
1.180517e-09,7.626321315547037e-07
1.196956e-09,7.522373438576544e-07
1.213624e-09,7.419842761517236e-07
1.230524e-09,7.318709977581741e-07
1.24766e-09,7.218956033119348e-07
1.265034e-09,7.1205621511288e-07
1.28265e-09,7.023509779914329e-07
1.300511e-09,6.927780655167984e-07
1.318621e-09,6.833356733508033e-07
1.336984e-09,6.7402202260562e-07
1.355602e-09,6.648353597179248e-07
1.374479e-09,6.557739529744732e-07
1.393619e-09,6.468360964557369e-07
1.413026e-09,6.380201052493286e-07
1.432703e-09,6.293243196577472e-07
1.452654e-09,6.207471002204494e-07
1.472883e-09,6.122868317304619e-07
1.493393e-09,6.039419201591543e-07
1.514189e-09,5.957107931431617e-07
1.535275e-09,5.875918996003729e-07
1.556654e-09,5.79583710477114e-07
1.578331e-09,5.716847161005325e-07
1.60031e-09,5.638934288085719e-07
1.622595e-09,5.562083803662732e-07
1.645191e-09,5.486281223965833e-07
1.668101e-09,5.41151227034182e-07
1.69133e-09,5.33776284932059e-07
1.714882e-09,5.265019065942312e-07
1.738762e-09,5.193267213906982e-07
1.762975e-09,5.122493769786417e-07
1.787526e-09,5.052685396247756e-07
1.812418e-09,4.983828941718878e-07
1.837656e-09,4.915911426474734e-07
1.863246e-09,4.848920051266617e-07
1.889193e-09,4.782842194244151e-07
1.915501e-09,4.717665398236903e-07
1.942175e-09,4.653377385901094e-07
1.96922e-09,4.589966035156128e-07
1.996642e-09,4.52741939644507e-07
2.024447e-09,4.465725682927318e-07
2.052638e-09,4.404873266141395e-07
2.081222e-09,4.344850678287038e-07
2.110203e-09,4.285646603786513e-07
2.139589e-09,4.227249887583982e-07
2.169384e-09,4.169649518963544e-07
2.199593e-09,4.112834641764674e-07
2.230223e-09,4.05679454829732e-07
2.26128e-09,4.001518675675818e-07
2.292769e-09,3.946996602470613e-07
2.324697e-09,3.893218053952805e-07
2.357069e-09,3.840172891697834e-07
2.389893e-09,3.787851117147431e-07
2.423173e-09,3.736242866722889e-07
2.456916e-09,3.685338411924383e-07
2.49113e-09,3.635128157726472e-07
2.52582e-09,3.585602638162732e-07
2.560993e-09,3.536752517852996e-07
2.596656e-09,3.488568586394344e-07
2.632815e-09,3.441041761187864e-07
2.669478e-09,3.394163083286737e-07
2.706652e-09,3.347923713663524e-07
2.744343e-09,3.302314935824491e-07
2.782559e-09,3.257328150828467e-07
2.821308e-09,3.212954877389431e-07
2.860596e-09,3.169186750656141e-07
2.90043e-09,3.126015517761535e-07
2.94082e-09,3.083433040112778e-07
2.981772e-09,3.041431290060015e-07
3.023295e-09,3.000002347879991e-07
3.065395e-09,2.95913840191695e-07
3.108082e-09,2.918831748513266e-07
3.151363e-09,2.879074788126077e-07
3.195248e-09,2.839860024506113e-07
3.239743e-09,2.801180063825277e-07
3.284857e-09,2.763027613757045e-07
3.3306e-09,2.725395479268343e-07
3.37698e-09,2.688276566007156e-07
3.424006e-09,2.651663874528492e-07
3.471687e-09,2.615550501227865e-07
3.520031e-09,2.579929636781955e-07
3.569049e-09,2.544794564661665e-07
3.61875e-09,2.510138660398443e-07
3.669142e-09,2.475955388121976e-07
3.720237e-09,2.44223830269338e-07
3.772042e-09,2.4089810462762e-07
3.824570000000001e-09,2.376177347746835e-07
3.877828000000001e-09,2.343821020845643e-07
3.931829e-09,2.311905965382196e-07
3.986581e-09,2.280426162421645e-07
4.042096e-09,2.249375676148163e-07
4.098384000000001e-09,2.21874865099763e-07
4.155455e-09,2.188539311704038e-07
4.213322e-09,2.158741961671515e-07
4.271994000000001e-09,2.129350981952595e-07
4.331483000000001e-09,2.100360829766537e-07
4.391801e-09,2.071766038050394e-07
4.452959e-09,2.043561215400483e-07
4.514968e-09,2.015741042341211e-07
4.577841e-09,1.988300272786866e-07
4.641589e-09,1.96123373137651e-07
4.706225e-09,1.934536314765653e-07
4.771761e-09,1.908202987827604e-07
4.838210000000001e-09,1.882228784567702e-07
4.905584000000001e-09,1.856608806899223e-07
4.973896e-09,1.831338222755699e-07
5.043159e-09,1.806412267223078e-07
5.113388e-09,1.781826239227579e-07
5.184594e-09,1.757575501986662e-07
5.256791e-09,1.733655482624117e-07
5.329994e-09,1.710061669819733e-07
5.404216e-09,1.686789614190824e-07
5.479472000000001e-09,1.663834927000382e-07
5.555776e-09,1.641193279249437e-07
5.633143e-09,1.618860400520125e-07
5.711586e-09,1.596832079836314e-07
5.791123e-09,1.57510416223717e-07
5.871766e-09,1.55367255050633e-07
5.953533000000001e-09,1.532533202702551e-07
6.036439e-09,1.51168213220865e-07
6.120498000000001e-09,1.491115406709582e-07
6.205729e-09,1.470829147232556e-07
6.292146e-09,1.450819528385135e-07
6.379767000000001e-09,1.43108277645837e-07
6.468608e-09,1.411615169246344e-07
6.558686e-09,1.3924130353829e-07
6.650018000000001e-09,1.373472753690381e-07
6.742622000000001e-09,1.354790751743431e-07
6.836516e-09,1.336363506701807e-07
6.931717e-09,1.318187543474502e-07
7.028244e-09,1.30025943399918e-07
7.126115000000001e-09,1.282575797265701e-07
7.225349e-09,1.265133298384887e-07
7.325965e-09,1.247928648056328e-07
7.427982e-09,1.230958601380692e-07
7.53142e-09,1.214219958376179e-07
7.636298e-09,1.197709562158473e-07
7.742637e-09,1.181424298989528e-07
7.850456000000001e-09,1.165361097949388e-07
7.959777e-09,1.149516929579675e-07
8.070620000000001e-09,1.133888805917198e-07
8.183007e-09,1.118473779772284e-07
8.296959e-09,1.103268944177691e-07
8.412497000000001e-09,1.088271431723314e-07
8.529645e-09,1.073478414173474e-07
8.648423e-09,1.058887101831513e-07
8.768855999999999e-09,1.044494743052474e-07
8.890966000000001e-09,1.030298623763877e-07
9.014776e-09,1.016296066882333e-07
9.140311000000001e-09,1.002484431863557e-07
9.267593e-09,9.888611141516723e-08
9.396648000000002e-09,9.754235446500954e-08
9.5275e-09,9.621691895118768e-08
9.660175000000001e-09,9.490955491211829e-08
9.794697e-09,9.362001584027696e-08
9.931092000000001e-09,9.234805855484914e-08
1.006939e-08,9.109344324939339e-08
1.020961e-08,8.985593323860937e-08
1.035178e-08,8.863529518840941e-08
1.049593e-08,8.743129902394571e-08
1.064209e-08,8.624371770906135e-08
1.079029e-08,8.50723271796773e-08
1.094055e-08,8.391690673834517e-08
1.10929e-08,8.277723834712831e-08
1.124737e-08,8.165310724692576e-08
1.1404e-08,8.054430135681356e-08
1.15628e-08,7.945061171348114e-08
1.172382e-08,7.837183204331962e-08
1.188708e-08,7.730775891074379e-08
1.205261e-08,7.625819177623671e-08
1.222045e-08,7.522293267441337e-08
1.239062e-08,7.420178647075023e-08
1.256317e-08,7.31945606125227e-08
1.273811e-08,7.220106513795129e-08
1.29155e-08,7.122111278875469e-08
1.309535e-08,7.025451883482775e-08
1.327771e-08,6.930110097303153e-08
1.346261e-08,6.836067948883735e-08
1.365008e-08,6.743307704633954e-08
1.384016e-08,6.651811784271414e-08
1.403289e-08,6.561563234315371e-08
1.42283e-08,6.472544741909681e-08
1.442644e-08,6.384739621935857e-08
1.462733e-08,6.298131323345066e-08
1.483103e-08,6.212703519775078e-08
1.503755e-08,6.128440105545635e-08
1.524696e-08,6.045325195813809e-08
1.545928e-08,5.963343126312498e-08
1.567455e-08,5.882478437890739e-08
1.589283e-08,5.802715888358818e-08
1.611414e-08,5.724040448073541e-08
1.633854e-08,5.646437278730311e-08
1.656606e-08,5.569891758312902e-08
1.679675e-08,5.494389456550666e-08
1.703065e-08,5.419916142112797e-08
1.726781e-08,5.346457776122983e-08
1.750827e-08,5.274000515258712e-08
1.775208e-08,5.202530702437812e-08
1.799929e-08,5.132034867061615e-08
1.824993e-08,5.062499722159187e-08
1.850407e-08,4.993912161648652e-08
1.876175e-08,4.92625926288461e-08
1.902301e-08,4.859528268303344e-08
1.928792e-08,4.793706608889187e-08
1.955651e-08,4.728781875927237e-08
1.982884e-08,4.664741836308038e-08
2.010496e-08,4.601574420320795e-08
2.038493e-08,4.539267724222927e-08
2.06688e-08,4.47781000571228e-08
2.095662e-08,4.417189688126656e-08
2.124845e-08,4.357395343458312e-08
2.154435e-08,4.298415705303651e-08
2.184436e-08,4.240239662296332e-08
2.214855e-08,4.182856250399004e-08
2.245698e-08,4.126254658820751e-08
2.27697e-08,4.070424224169838e-08
2.308678e-08,4.01535442352832e-08
2.340827e-08,3.961034883380339e-08
2.373424e-08,3.907455369036157e-08
2.406475e-08,3.854605786489822e-08
2.439986e-08,3.802476179137172e-08
2.473964e-08,3.751056724757717e-08
2.508415e-08,3.700337738544076e-08
2.543346e-08,3.650309664099722e-08
2.578763e-08,3.600963076612387e-08
2.614673e-08,3.55228868263004e-08
2.651084e-08,3.50427731181579e-08
2.688001e-08,3.456919919898086e-08
2.725433e-08,3.410207588483209e-08
2.763385e-08,3.364131516272932e-08
2.801867e-08,3.318683026600979e-08
2.840884e-08,3.273853557699287e-08
2.880444e-08,3.229634667507126e-08
2.920556e-08,3.186018026789442e-08
2.961225e-08,3.142995421474609e-08
3.002462e-08,3.100558749347787e-08
3.044272e-08,3.058700018042491e-08
3.086665e-08,3.017411345074684e-08
3.129648e-08,2.976684953934978e-08
3.17323e-08,2.936513176970031e-08
3.217418e-08,2.896888448766895e-08
3.262222e-08,2.857803308131845e-08
3.307650000000001e-08,2.819250395392768e-08
3.35371e-08,2.78122245156693e-08
3.400412e-08,2.743712315893576e-08
3.447764e-08,2.706712926661686e-08
3.495776e-08,2.670217317978591e-08
3.544456e-08,2.634218617598344e-08
3.593814e-08,2.598710049187503e-08
3.643859e-08,2.563684927847973e-08
3.694601e-08,2.529136660200346e-08
3.746050000000001e-08,2.495058741679892e-08
3.798215e-08,2.461444758548698e-08
3.851107e-08,2.428288382623999e-08
3.904735e-08,2.395583372692518e-08
3.95911e-08,2.363323573797594e-08
4.014242e-08,2.33150291305905e-08
4.070142e-08,2.300115401541975e-08
4.126821e-08,2.269155131913998e-08
4.184289e-08,2.238616277890719e-08
4.242556e-08,2.208493091580953e-08
4.301636e-08,2.178779904582034e-08
4.361538000000001e-08,2.149471124899937e-08
4.422274e-08,2.120561237030602e-08
4.483856e-08,2.092044801894182e-08
4.546295000000001e-08,2.063916452636923e-08
4.609604e-08,2.036170897448175e-08
4.673795e-08,2.008802915493838e-08
4.73888e-08,1.981807357447589e-08
4.80487e-08,1.955179144620139e-08
4.87178e-08,1.928913267320677e-08
4.939622000000001e-08,1.903004784103403e-08
5.008408000000001e-08,1.8774488210112e-08
5.078152e-08,1.852240570816223e-08
5.148867e-08,1.82737529121761e-08
5.220568e-08,1.802848305230734e-08
5.293266e-08,1.778654999757033e-08
5.366977e-08,1.754790823620947e-08
5.441714000000001e-08,1.731251289224157e-08
5.517492e-08,1.708031968988666e-08
5.594326e-08,1.685128496069747e-08
5.672229e-08,1.662536563135557e-08
5.751217e-08,1.6402519220643e-08
5.831305e-08,1.618270381956256e-08
5.912508e-08,1.596587809725514e-08
5.994843e-08,1.575200128189432e-08
6.078323000000001e-08,1.554103315851458e-08
6.162966e-08,1.533293406134387e-08
6.248788e-08,1.512766486634452e-08
6.335805e-08,1.492518698164369e-08
6.424034000000001e-08,1.472546234520811e-08
6.513491000000001e-08,1.45284534067129e-08
6.604194e-08,1.433412313459279e-08
6.696160000000001e-08,1.414243499844415e-08
6.789407e-08,1.395335296926858e-08
6.883951999999999e-08,1.376684150710567e-08
6.979814000000001e-08,1.3582865557288e-08
7.077011000000001e-08,1.340139054273454e-08
7.175561000000001e-08,1.322238235659027e-08
7.275484000000001e-08,1.304580736040854e-08
7.376798e-08,1.287163236989691e-08
7.479523e-08,1.269982465857908e-08
7.583678000000002e-08,1.253035194240281e-08
7.689284000000001e-08,1.236318237688334e-08
7.79636e-08,1.219828455544277e-08
7.904928000000001e-08,1.203562749390745e-08
8.015007e-08,1.187518063680881e-08
8.126619e-08,1.171691384234389e-08
8.239786e-08,1.156079737709521e-08
8.354528000000001e-08,1.140680191880829e-08
8.470868000000001e-08,1.125489853737648e-08
8.588829e-08,1.110505870441396e-08
8.708431000000001e-08,1.095725427623222e-08
8.8297e-08,1.08114574941902e-08
8.952657000000001e-08,1.066764097507985e-08
9.077327e-08,1.052577771357275e-08
9.203732e-08,1.038584106830905e-08
9.331898e-08,1.024780476437971e-08
9.461848000000001e-08,1.011164288236248e-08
9.593608000000001e-08,9.977329857480489e-09
9.727203e-08,9.844840472391291e-09
9.862658000000001e-08,9.714149853332773e-09
1e-07,9.585233466259479e-09
1.013925e-07,9.458067107565201e-09
1.028045e-07,9.332626919337585e-09
1.042361e-07,9.208889341874858e-09
1.056876e-07,9.086831159400427e-09
1.071593e-07,8.966429456529623e-09
1.086516e-07,8.847661643777496e-09
1.101646e-07,8.730505432677294e-09
1.116987e-07,8.614938843939422e-09
1.132541e-07,8.500940177640377e-09
1.148312e-07,8.388488050932183e-09
1.164303e-07,8.277561374543385e-09
1.180517e-07,8.168139325665082e-09
1.196956e-07,8.060201389441506e-09
1.213624e-07,7.953727305196268e-09
1.230524e-07,7.848697106432086e-09
1.24766e-07,7.745091088480001e-09
1.265034e-07,7.64288983291943e-09
1.28265e-07,7.542074154249126e-09
1.300511e-07,7.442625164374253e-09
1.318621e-07,7.344524203570783e-09
1.336984e-07,7.247752875365511e-09
1.355602e-07,7.152293045236681e-09
1.374479e-07,7.058126804514491e-09
1.393619e-07,6.965236511365686e-09
1.413026e-07,6.873604741055697e-09
1.432703e-07,6.783214329684881e-09
1.452654e-07,6.694048322455226e-09
1.472883e-07,6.606090015427114e-09
1.493393e-07,6.519322923560676e-09
1.514189e-07,6.433730785783434e-09
1.535275e-07,6.349297561005805e-09
1.556654e-07,6.266007435901608e-09
1.578331e-07,6.183844797381824e-09
1.60031e-07,6.102794259958382e-09
1.622595e-07,6.022840638881318e-09
1.645191e-07,5.943968954628919e-09
1.668101e-07,5.866164439723683e-09
1.69133e-07,5.789412518002249e-09
1.714882e-07,5.713698818495862e-09
1.738762e-07,5.639009165193774e-09
1.762975e-07,5.565329571031035e-09
1.787526e-07,5.492646241257627e-09
1.812418e-07,5.420945573106828e-09
1.837656e-07,5.350214141322091e-09
1.863246e-07,5.280438707157845e-09
1.889193e-07,5.211606215191593e-09
1.915501e-07,5.143703780092201e-09
1.942175e-07,5.076718702416003e-09
1.96922e-07,5.010638443032812e-09
1.996642e-07,4.94545064112681e-09
2.024447e-07,4.881143103996857e-09
2.052638e-07,4.817703802554439e-09
2.081222e-07,4.755120873721389e-09
2.110203e-07,4.693382611651116e-09
2.139589e-07,4.632477476402898e-09
2.169384e-07,4.572394077086943e-09
2.199593e-07,4.513121182538466e-09
2.230223e-07,4.454647714992877e-09
2.26128e-07,4.396962746282992e-09
2.292769e-07,4.340055494365225e-09
2.324697e-07,4.283915328816135e-09
2.357069e-07,4.228531760004073e-09
2.389893e-07,4.173894442829498e-09
2.423173e-07,4.119993171646638e-09
2.456916e-07,4.066817880390042e-09
2.49113e-07,4.014358640923814e-09
2.52582e-07,3.962605658452773e-09
2.560993e-07,3.911549273142915e-09
2.596656e-07,3.861179954284529e-09
2.632815e-07,3.811488303271709e-09
2.669478e-07,3.762465049288885e-09
2.706652e-07,3.714101045432485e-09
2.744343e-07,3.666387271471043e-09
2.782559e-07,3.619314828661663e-09
2.821308e-07,3.572874939883669e-09
2.860596e-07,3.527058948389211e-09
2.90043e-07,3.481858313171704e-09
2.94082e-07,3.437264611390394e-09
2.981772e-07,3.393269534910953e-09
3.023295e-07,3.349864887173696e-09
3.065395e-07,3.307042583368341e-09
3.108082e-07,3.264794650390683e-09
3.151363e-07,3.223113222801642e-09
3.195248e-07,3.181990541994821e-09
3.239743e-07,3.141418955310463e-09
3.284857e-07,3.101390915100692e-09
3.3306e-07,3.061898974344088e-09
3.37698e-07,3.022935790229306e-09
3.424006e-07,2.984494118125839e-09
3.471687e-07,2.946566812592677e-09
3.520031000000001e-07,2.909146825771122e-09
3.569049e-07,2.872227205853255e-09
3.61875e-07,2.835801096341681e-09
3.669142e-07,2.799861732440583e-09
3.720237e-07,2.764402443328102e-09
3.772042000000001e-07,2.72941664858242e-09
3.82457e-07,2.694897857591719e-09
3.877828e-07,2.660839667639192e-09
3.931829000000001e-07,2.627235765203098e-09
3.986581e-07,2.594079920920116e-09
4.042096e-07,2.561365991577712e-09
4.098384e-07,2.529087917125092e-09
4.155455e-07,2.497239720752864e-09
4.213322e-07,2.465815507208367e-09
4.271994000000001e-07,2.434809461749387e-09
4.331483e-07,2.40421584861203e-09
4.391801e-07,2.374029010567657e-09
4.452959000000001e-07,2.344243368893225e-09
4.514968e-07,2.31485341946282e-09
4.577841000000001e-07,2.285853734321493e-09
4.641589e-07,2.257238958900556e-09
4.706225e-07,2.229003813414191e-09
4.771761000000001e-07,2.201143088874171e-09
4.838210000000001e-07,2.173651648086686e-09
4.905584e-07,2.146524424388266e-09
4.973896e-07,2.119756419678062e-09
5.043159000000001e-07,2.093342705647396e-09
5.113388e-07,2.067278420301946e-09
5.184594e-07,2.041558768468788e-09
5.256791e-07,2.016179021419656e-09
5.329994000000001e-07,1.991134514407873e-09
5.404216000000001e-07,1.966420647103e-09
5.479472e-07,1.942032882249643e-09
5.555776e-07,1.91796674473312e-09
5.633143000000001e-07,1.89421782037938e-09
5.711586e-07,1.870781756899841e-09
5.791123e-07,1.847654260276964e-09
5.871766e-07,1.824831096632486e-09
5.953533000000001e-07,1.80230808962879e-09
6.036439e-07,1.780081120549114e-09
6.120498e-07,1.758146127237678e-09
6.205729000000001e-07,1.736499103104446e-09
6.292146000000001e-07,1.71513609740786e-09
6.379767e-07,1.694053213259142e-09
6.468608000000001e-07,1.673246607456979e-09
6.558686000000001e-07,1.652712489806799e-09
6.650018000000001e-07,1.632447122452652e-09
6.742622e-07,1.61244681836787e-09
6.836516000000001e-07,1.592707942273736e-09
6.931717e-07,1.573226908701793e-09
7.028244e-07,1.554000181247702e-09
7.126115000000001e-07,1.535024272622926e-09
7.225349e-07,1.516295743682838e-09
7.325965e-07,1.497811202881893e-09
7.427982e-07,1.479567305023734e-09
7.531420000000001e-07,1.461560751842001e-09
7.636298000000001e-07,1.443788290069432e-09
7.742637e-07,1.426246711514773e-09
7.850456e-07,1.40893285273523e-09
7.959777000000001e-07,1.391843593600092e-09
8.070620000000001e-07,1.37497585735112e-09
8.183007000000001e-07,1.358326609848844e-09
8.296959000000001e-07,1.341892859002066e-09
8.412497e-07,1.325671654073111e-09
8.529645000000001e-07,1.309660085287933e-09
8.648423000000001e-07,1.293855283172371e-09
8.768856e-07,1.27825441804799e-09
8.890966e-07,1.262854699536246e-09
9.014776000000001e-07,1.247653375948934e-09
9.140311000000001e-07,1.23264773382291e-09
9.267593000000001e-07,1.217835097344622e-09
9.396648000000001e-07,1.203212827797448e-09
9.527500000000001e-07,1.188778323356123e-09
9.660175000000001e-07,1.174529018000134e-09
9.794697000000001e-07,1.160462381872668e-09
9.931092e-07,1.146575919914481e-09
1e-06,1.139699484114781e-09
1.006939e-06,1.132867172405657e-09
1.020961e-06,1.119333712220007e-09
1.035178e-06,1.105973147359468e-09
1.049593e-06,1.092783119973829e-09
1.064209e-06,1.079761303966946e-09
1.079029e-06,1.066905404282048e-09
1.094055e-06,1.054213161252982e-09
1.10929e-06,1.041682342863001e-09
1.124737e-06,1.029310751566854e-09
1.1404e-06,1.017096217707939e-09
1.15628e-06,1.005036604373642e-09
1.172382e-06,9.931298027030046e-10
1.188708e-06,9.813737335381025e-10
1.205261e-06,9.697663480882896e-10
1.222045e-06,9.583056243916393e-10
1.239062e-06,9.469895701727277e-10
1.256317e-06,9.358162201060252e-10
1.273811e-06,9.247836359331546e-10
1.29155e-06,9.138899077327454e-10
1.309535e-06,9.031331519951175e-10
1.327771e-06,8.925115105125305e-10
1.346261e-06,8.820231521972728e-10
1.365008e-06,8.716662707619296e-10
1.384016e-06,8.61439086421837e-10
1.403289e-06,8.513398431562708e-10
1.42283e-06,8.41366809866091e-10
1.442644e-06,8.3151827935489e-10
1.462733e-06,8.217925688552154e-10
1.483103e-06,8.121880190365584e-10
1.503755e-06,8.027029935733543e-10
1.524696e-06,7.933358791808297e-10
1.545928e-06,7.840850856059693e-10
1.567455e-06,7.749490439023374e-10
1.589283e-06,7.659262077845799e-10
1.611414e-06,7.570150531521546e-10
1.633854e-06,7.482140757058872e-10
1.656606e-06,7.395217937928411e-10
1.679675e-06,7.309367456440222e-10
1.703065e-06,7.224574902082956e-10
1.726781e-06,7.14082606434067e-10
1.750827e-06,7.058106936421822e-10
1.775208e-06,6.976403704838307e-10
1.799929e-06,6.8957027498661e-10
1.824993e-06,6.81599064247355e-10
1.850407e-06,6.737254141378926e-10
1.876175e-06,6.659480196182808e-10
1.902301e-06,6.582655926466339e-10
1.928792e-06,6.506768648979366e-10
1.955651e-06,6.43180584533232e-10
1.982884e-06,6.357755179820786e-10
2.010496e-06,6.284604485543638e-10
2.038493e-06,6.212341767566485e-10
2.06688e-06,6.140955197883096e-10
2.095662e-06,6.070433120510163e-10
2.124845e-06,6.000764031945826e-10
2.154435e-06,5.93193659642585e-10
2.184436e-06,5.863939638512416e-10
2.214855e-06,5.79676213429524e-10
2.245698e-06,5.73039321851668e-10
2.27697e-06,5.664822177956232e-10
2.308678e-06,5.600038443500037e-10
2.340827e-06,5.536031600846867e-10
2.373424e-06,5.472791378299509e-10
2.406475e-06,5.410307649164641e-10
2.439986e-06,5.348570428103749e-10
2.473964e-06,5.287569867778068e-10
2.508415e-06,5.227296262670455e-10
2.543346e-06,5.1677400386303e-10
2.578763e-06,5.108891756858157e-10
2.614673e-06,5.050742113890142e-10
2.651084e-06,4.993281931990498e-10
2.688001e-06,4.936502162894578e-10
2.725433e-06,4.880393887837088e-10
2.763385e-06,4.824948307246976e-10
2.801867e-06,4.770156750037587e-10
2.840884e-06,4.716010662138615e-10
2.880444e-06,4.662501612532157e-10
2.920556e-06,4.609621285186652e-10
2.961225e-06,4.557361482125908e-10
3.002462e-06,4.505714119673838e-10
3.044272e-06,4.454671226257686e-10
3.086665e-06,4.404224942700066e-10
3.129648e-06,4.35436751770083e-10
3.17323e-06,4.30509131161775e-10
3.217418e-06,4.256388788624513e-10
3.262222e-06,4.208252519385936e-10
3.30765e-06,4.160675178004868e-10
3.35371e-06,4.113649541256558e-10
3.400412e-06,4.067168485801379e-10
3.447764e-06,4.021224989474191e-10
3.495776e-06,3.975812127549757e-10
3.544456e-06,3.930923070298814e-10
3.593814e-06,3.886551086079687e-10
3.643859e-06,3.842689536030723e-10
3.694601e-06,3.799331874439945e-10
3.74605e-06,3.756471645623633e-10
3.798215e-06,3.714102486730609e-10
3.851106999999999e-06,3.672218121385868e-10
3.904735e-06,3.630812361739187e-10
3.95911e-06,3.589879107852106e-10
4.014242e-06,3.549412342677251e-10
4.070141999999999e-06,3.509406134701426e-10
4.126820999999999e-06,3.469854635252328e-10
4.184289e-06,3.430752078074009e-10
4.242556e-06,3.392092776211208e-10
4.301636e-06,3.353871123693174e-10
4.361538e-06,3.3160815918642e-10
4.422274e-06,3.278718729765529e-10
4.483856e-06,3.241777164344582e-10
4.546295e-06,3.205251595307147e-10
4.609604e-06,3.169136799049948e-10
4.673795e-06,3.133427623669901e-10
4.73888e-06,3.098118989933253e-10
4.80487e-06,3.063205890430432e-10
4.87178e-06,3.028683387719331e-10
4.939621999999999e-06,2.994546613620327e-10
5.008408e-06,2.960790768507582e-10
5.078152e-06,2.927411120597222e-10
5.148867e-06,2.894403003848777e-10
5.220568e-06,2.861761818766079e-10
5.293266e-06,2.82948303078979e-10
5.366977e-06,2.797562167961917e-10
5.441714e-06,2.765994823421609e-10
5.517492e-06,2.734776650933696e-10
5.594325999999999e-06,2.703903366120545e-10
5.672229e-06,2.673370745106282e-10
5.751216999999999e-06,2.643174624393746e-10
5.831305e-06,2.613310898456162e-10
5.912508e-06,2.583775520818098e-10
5.994843e-06,2.554564501740085e-10
6.078322999999999e-06,2.525673908196606e-10
6.162966e-06,2.497099863106617e-10
6.248788e-06,2.468838544587964e-10
6.335804999999999e-06,2.440886184916366e-10
6.424033999999999e-06,2.41323907047875e-10
6.513491e-06,2.38589353953691e-10
6.604194e-06,2.358845983471216e-10
6.696159999999999e-06,2.332092844607195e-10
6.789407e-06,2.305630616513508e-10
6.883951999999999e-06,2.279455842539337e-10
6.979814e-06,2.253565115549289e-10
7.077010999999999e-06,2.22795507710024e-10
7.175561e-06,2.202622416659996e-10
7.275484e-06,2.177563871606383e-10
7.376798e-06,2.152776225460074e-10
7.479523e-06,2.128256308653701e-10
7.583678e-06,2.104000996588962e-10
7.689283999999999e-06,2.080007209467753e-10
7.796359999999999e-06,2.056271912298202e-10
7.904927999999999e-06,2.032792112905189e-10
8.015006999999999e-06,2.009564863072571e-10
8.126619e-06,1.986587256607464e-10
8.239786e-06,1.963856428798885e-10
8.354527999999999e-06,1.941369557050113e-10
8.470868e-06,1.919123858330571e-10
8.588829000000001e-06,1.897116590792722e-10
8.708430999999999e-06,1.875345051498305e-10
8.829700000000001e-06,1.853806576679381e-10
8.952657000000001e-06,1.832498540529825e-10
9.077326999999999e-06,1.811418355774329e-10
9.203732000000001e-06,1.790563471810422e-10
9.331898000000001e-06,1.76993137527534e-10
9.461847999999999e-06,1.749519588608377e-10
9.593607999999999e-06,1.729325670115709e-10
9.727202999999999e-06,1.709347213078383e-10
9.862658e-06,1.689581845356626e-10
9.999999999999999e-06,1.67002722898937e-10
1.013925e-05,1.650681058965656e-10
1.028045e-05,1.631541065726401e-10
1.042361e-05,1.612605008099065e-10
1.056876e-05,1.593870680435996e-10
1.071593e-05,1.57533590612433e-10
1.086516e-05,1.556998541659197e-10
1.101646e-05,1.538856472978624e-10
1.116987e-05,1.520907616875869e-10
1.132541e-05,1.503149916516948e-10
1.148312e-05,1.485581347446706e-10
1.164303e-05,1.468199914100192e-10
1.180517e-05,1.451003645686277e-10
1.196956e-05,1.43399060283156e-10
1.213624e-05,1.417158869263735e-10
1.230524e-05,1.400506558240868e-10
1.24766e-05,1.384031807576667e-10
1.265034e-05,1.367732783648601e-10
1.28265e-05,1.351607673026557e-10
1.300511e-05,1.335654692885029e-10
1.318621e-05,1.319872080089634e-10
1.336984e-05,1.304258096887153e-10
1.355602e-05,1.288811030836547e-10
1.374479e-05,1.273529189086798e-10
1.393619e-05,1.258410905123276e-10
1.413026e-05,1.243454530806199e-10
1.432703e-05,1.228658443598395e-10
1.452654e-05,1.214021038227378e-10
1.472883e-05,1.199540733621571e-10
1.493393e-05,1.185215967782462e-10
1.514189e-05,1.171045198712481e-10
1.535275e-05,1.157026903858227e-10
1.556654e-05,1.143159581510608e-10
1.578331e-05,1.129441746330122e-10
1.60031e-05,1.11587193400437e-10
1.622595e-05,1.102448696871956e-10
1.645191e-05,1.089170604763525e-10
1.668101e-05,1.07603624625523e-10
1.69133e-05,1.063044225278472e-10
1.714882e-05,1.050193163561501e-10
1.738762e-05,1.037481699006017e-10
1.762975e-05,1.024908484764116e-10
1.787526e-05,1.012472189912932e-10
1.812418e-05,1.000171499509447e-10
1.837656e-05,9.880051122156691e-11
1.863246e-05,9.759717419448049e-11
1.889193e-05,9.640701174285661e-11
1.915501e-05,9.52298980039153e-11
1.942175e-05,9.406570866342815e-11
1.96922e-05,9.291432052335222e-11
1.996642e-05,9.17756118255099e-11
2.024447e-05,9.064946208624363e-11
2.052638e-05,8.953575202921585e-11
2.081222e-05,8.843436363929548e-11
2.110203e-05,8.734518002033882e-11
2.139589e-05,8.626808556040408e-11
2.169384e-05,8.520296564676276e-11
2.199593e-05,8.414970686704194e-11
2.230223e-05,8.31081969106133e-11
2.26128e-05,8.207832451412028e-11
2.292769e-05,8.105997941260523e-11
2.324697e-05,8.005305245150695e-11
2.357069e-05,7.905743540685408e-11
2.389893e-05,7.807302106622217e-11
2.423173e-05,7.709970315181555e-11
2.456916e-05,7.613737633723932e-11
2.49113e-05,7.518593623264935e-11
2.52582e-05,7.424527931664754e-11
2.560993e-05,7.33153029809135e-11
2.596656e-05,7.239590543953092e-11
2.632815e-05,7.148698579897533e-11
2.669478e-05,7.058844399552479e-11
2.706652e-05,6.970018074023863e-11
2.744343e-05,6.882209758589975e-11
2.782559e-05,6.795409684846725e-11
2.821308e-05,6.709608162622849e-11
2.860596e-05,6.624795579385782e-11
2.90043e-05,6.540962393388849e-11
2.94082e-05,6.458099139891216e-11
2.981772e-05,6.376196426510376e-11
3.023295e-05,6.295244929156947e-11
3.065395e-05,6.215235394131982e-11
3.108082e-05,6.136158639860391e-11
3.151363e-05,6.058005551159347e-11
3.195248e-05,5.980767079496319e-11
3.239743e-05,5.904434243166302e-11
3.284857e-05,5.828998127394334e-11
3.3306e-05,5.754449877933585e-11
3.37698e-05,5.680780709693082e-11
3.424005999999999e-05,5.607981897241496e-11
3.471687e-05,5.536044778588735e-11
3.520031e-05,5.464960754039716e-11
3.569048999999999e-05,5.394721285187923e-11
3.61875e-05,5.325317895414492e-11
3.669142e-05,5.256742164918166e-11
3.720237e-05,5.188985736952271e-11
3.772041999999999e-05,5.12204031292138e-11
3.82457e-05,5.055897653159305e-11
3.877828e-05,4.990549575168611e-11
3.931829e-05,4.925987958025609e-11
3.986581e-05,4.862204734618845e-11
4.042096e-05,4.79919189737112e-11
4.098384e-05,4.736941494387096e-11
4.155455e-05,4.675445631494921e-11
4.213322e-05,4.614696470883014e-11
4.271994e-05,4.554686230954439e-11
4.331483e-05,4.495407185229767e-11
4.391801e-05,4.436851663345999e-11
4.452958999999999e-05,4.379012052854309e-11
4.514968e-05,4.32188079347322e-11
4.577841e-05,4.265450381966312e-11
4.641589e-05,4.209713368543014e-11
4.706224999999999e-05,4.154662361379714e-11
4.771761e-05,4.100290020643768e-11
4.83821e-05,4.046589062204866e-11
4.905584e-05,3.993552256928051e-11
4.973896e-05,3.941172428568565e-11
5.043159e-05,3.889442457902893e-11
5.113387999999999e-05,3.838355277631904e-11
5.184593999999999e-05,3.787903875060286e-11
5.256791e-05,3.738081293034486e-11
5.329994e-05,3.68888062676502e-11
5.404216e-05,3.64029502631352e-11
5.479471999999999e-05,3.592317695575715e-11
5.555776e-05,3.544941892040795e-11
5.633143e-05,3.498160926004986e-11
5.711586e-05,3.451968163990658e-11
5.791123e-05,3.406357023161461e-11
5.871766e-05,3.361320976518476e-11
5.953533e-05,3.316853549270345e-11
6.036439e-05,3.272948320462846e-11
6.120497999999999e-05,3.229598922337474e-11
6.205729e-05,3.186799039793616e-11
6.292145999999999e-05,3.144542412355577e-11
6.379766999999999e-05,3.102822831612272e-11
6.468608e-05,3.061634142252108e-11
6.558686e-05,3.020970242057284e-11
6.650018e-05,2.980825081899964e-11
6.742622e-05,2.941192664048842e-11
6.836516e-05,2.902067045263327e-11
6.931717e-05,2.863442334206522e-11
7.028243999999999e-05,2.825312691194624e-11
7.126114999999999e-05,2.787672329506526e-11
7.225348999999999e-05,2.750515514641841e-11
7.325964999999999e-05,2.713836564403142e-11
7.427982e-05,2.67762984755673e-11
7.531419999999999e-05,2.64188978610429e-11
7.636297999999999e-05,2.606610852547878e-11
7.742637e-05,2.571787571117887e-11
7.850455999999999e-05,2.537414518176905e-11
7.959776999999999e-05,2.503486320400791e-11
8.07062e-05,2.469997655909606e-11
8.183007e-05,2.436943253761743e-11
8.296959e-05,2.404317893790525e-11
8.412497e-05,2.372116406173683e-11
8.529645e-05,2.340333671587452e-11
8.648423e-05,2.308964620797135e-11
8.768855999999999e-05,2.278004234544241e-11
8.890966e-05,2.247447543430482e-11
9.014776e-05,2.217289627556924e-11
9.140311e-05,2.187525616429729e-11
9.267592999999999e-05,2.15815068862895e-11
9.396647999999999e-05,2.129160071503735e-11
9.5275e-05,2.100549041537123e-11
9.660174999999999e-05,2.072312922946505e-11
9.794696999999999e-05,2.044447089131235e-11
9.931091999999999e-05,2.016946960683934e-11
0.0001006939,1.989808007164345e-11
0.0001020961,1.963025742347582e-11
0.0001035178,1.936595729908658e-11
0.0001049593,1.910513582128648e-11
0.0001064209,1.884774955793071e-11
0.0001079029,1.85937555140107e-11
0.0001094055,1.834311122363047e-11
0.000110929,1.8095774602931e-11
0.0001124737,1.7851704090527e-11
0.00011404,1.761085852311176e-11
0.000115628,1.73731972366552e-11
0.0001172382,1.713867997911993e-11
0.0001188708,1.690726694816275e-11
0.0001205261,1.667891880914449e-11
0.0001222045,1.645359663032574e-11
0.0001239062,1.623126194379735e-11
0.0001256317,1.601187669622896e-11
0.0001273811,1.579540325565208e-11
0.000129155,1.558180444067685e-11
0.0001309535,1.537104348686622e-11
0.0001327771,1.516308402908617e-11
0.0001346261,1.49578901410672e-11
0.0001365008,1.475542629380039e-11
0.0001384016,1.455565739253592e-11
0.0001403289,1.435854872683713e-11
0.000142283,1.416406599670855e-11
0.0001442644,1.397217529608797e-11
0.0001462733,1.378284312637198e-11
0.0001483103,1.359603638023659e-11
0.0001503755,1.341172233630866e-11
0.0001524696,1.322986866283418e-11
0.0001545928,1.305044342034647e-11
0.0001567455,1.287341503097126e-11
0.0001589283,1.269875230739199e-11
0.0001611414,1.252642444615441e-11
0.0001633854,1.235640098407748e-11
0.0001656606,1.218865185568167e-11
0.0001679675,1.202314734211926e-11
0.0001703065,1.185985808954492e-11
0.0001726781,1.169875509743035e-11
0.0001750827,1.153980972781568e-11
0.0001775208,1.138299368726174e-11
0.0001799929,1.122827902968089e-11
0.0001824993,1.107563815229931e-11
0.0001850407,1.092504379180363e-11
0.0001876175,1.077646903202552e-11
0.0001902301,1.062988726565388e-11
0.0001928792,1.048527224772884e-11
0.0001955651,1.034259803548787e-11
0.0001982884,1.020183902381505e-11
0.0002010496,1.006296992018646e-11
0.0002038493,9.925965752024646e-12
0.000206688,9.790801858396279e-12
0.0002095662,9.65745390084685e-12
0.0002124845,9.525897827581013e-12
0.0002154435,9.396109903432856e-12
0.0002184436,9.268066696862067e-12
0.0002214855,9.141745064374746e-12
0.0002245698,9.017122164885961e-12
0.000227697,8.894175448142061e-12
0.0002308678,8.7728826407131e-12
0.0002340827,8.653221766856258e-12
0.0002373424,8.53517112638304e-12
0.0002406475,8.418709299866058e-12
0.0002439986,8.303815142484313e-12
0.0002473964,8.190467778407175e-12
0.0002508415,8.078646608471272e-12
0.0002543346,7.968331291298114e-12
0.0002578763,7.859501751213144e-12
0.0002614673,7.752138178648052e-12
0.0002651084,7.646221012812866e-12
0.0002688001,7.541730949027736e-12
0.0002725433,7.438648939105995e-12
0.0002763385,7.336956172740028e-12
0.0002801866999999999,7.236634094867263e-12
0.0002840884,7.13766438489504e-12
0.0002880444,7.040028967996454e-12
0.0002920556,6.943710000571702e-12
0.0002961225,6.848689876038541e-12
0.0003002462,6.754951218135418e-12
0.0003044272,6.662476877066354e-12
0.0003086665,6.571249930135089e-12
0.0003129648,6.481253673648827e-12
0.0003173229999999999,6.392471629801737e-12
0.0003217418,6.30488753255247e-12
0.0003262222,6.218485332474014e-12
0.000330765,6.133249191250319e-12
0.0003353709999999999,6.04916348027777e-12
0.0003400412,5.966212775634081e-12
0.0003447764,5.88438186031678e-12
0.0003495776,5.803655717490711e-12
0.0003544456,5.724019526061113e-12
0.0003593814,5.645458666049839e-12
0.0003643859,5.567958709040941e-12
0.0003694601,5.491505418702111e-12
0.000374605,5.41608474512495e-12
0.0003798215,5.341682829591076e-12
0.0003851107,5.268285993206119e-12
0.0003904735,5.195880740320232e-12
0.000395911,5.124453757230744e-12
0.0004014242,5.053991903198042e-12
0.0004070142,4.984482214843659e-12
0.0004126821,4.915911901215285e-12
0.0004184289,4.848268342802442e-12
0.0004242556,4.781539085892017e-12
0.0004301635999999999,4.715711845222152e-12
0.0004361537999999999,4.650774497380368e-12
0.0004422274,4.58671508119698e-12
0.0004483856,4.523521797807134e-12
0.0004546295,4.461183001549001e-12
0.0004609604,4.399687206400959e-12
0.0004673795,4.339023077159057e-12
0.0004738879999999999,4.279179430797452e-12
0.000480487,4.220145234717802e-12
0.0004871779999999999,4.161909603290668e-12
0.0004939622,4.10446179635465e-12
0.0005008408,4.047791217704288e-12
0.0005078152,3.991887413567561e-12
0.0005148867,3.936740068766102e-12
0.0005220568,3.882339007731991e-12
0.0005293266,3.828674191486072e-12
0.0005366977000000001,3.775735713430129e-12
0.0005441713999999999,3.723513803160116e-12
0.0005517492,3.671998818716566e-12
0.0005594326,3.621181248303734e-12
0.0005672228999999999,3.571051707717384e-12
0.0005751217,3.521600939806007e-12
0.0005831304999999999,3.472819810189987e-12
0.0005912508,3.42469930870311e-12
0.0005994842999999999,3.377230545279185e-12
0.0006078323,3.330404749594309e-12
0.0006162966,3.28421326948822e-12
0.0006248787999999999,3.238647569429649e-12
0.0006335805,3.193699228512114e-12
0.0006424034,3.14935994005595e-12
0.0006513491,3.105621507700702e-12
0.0006604194,3.062475847086399e-12
0.0006696159999999999,3.019914982061965e-12
0.0006789407,2.977931044853752e-12
0.0006883952,2.936516273433209e-12
0.0006979814,2.895663010798724e-12
0.0007077011,2.85536370337723e-12
0.0007175561,2.815610899502418e-12
0.0007275484,2.776397249123853e-12
0.0007376797999999999,2.73771550075426e-12
0.0007479523,2.69955850239585e-12
0.0007583678,2.661919198235608e-12
0.0007689284,2.624790628125147e-12
0.0007796359999999999,2.588165927326983e-12
0.0007904927999999999,2.552038323187817e-12
0.0008015007,2.516401136655579e-12
0.0008126618999999999,2.481247779058405e-12
0.0008239785999999999,2.446571751052887e-12
0.0008354528,2.412366643364512e-12
0.0008470868,2.378626132689788e-12
0.0008588828999999999,2.345343983951342e-12
0.0008708431,2.312514046648479e-12
0.00088297,2.28013025507038e-12
0.0008952657,2.24818662630008e-12
0.0009077327,2.21667726090163e-12
0.0009203732,2.185596339979233e-12
0.0009331897999999999,2.154938125882732e-12
0.0009461847999999999,2.124696959932827e-12
0.0009593608,2.094867262401198e-12
0.0009727202999999999,2.065443531083313e-12
0.0009862657999999999,2.036420340624914e-12
0.001,2.007792341855172e-12
