rds X,rds Y,kcgd X,kcgd Y,kgds X,kgds Y,kgmp X,kgmp Y,kcds X,kcds Y,ids X,ids Y,kcgs X,kcgs Y

1,173783.5544183001,1,2.870311874163893e-11,1,-0.3688610930840016,1,-7.596715756178948,1,-4.951562481194298e-14,1,-1.560013926638986e-05,1,6.697860483695854e-11
1.047616,165884.823653802,1.047616,2.870311873836129e-11,1.047616,-0.36886109306634,1.047616,-7.596715755767769,1.047616,-4.951562480351821e-14,1.047616,-1.634295164289066e-05,1.047616,6.697860483062082e-11
1.097499,158345.1023937971,1.097499,2.870311873523232e-11,1.097499,-0.3688610930494804,1.097499,-7.596715755375243,1.097499,-4.951562479545513e-14,1.097499,-1.712113358988011e-05,1.097499,6.697860482457049e-11
1.149757,151148.0731021596,1.149757,2.870311873224564e-11,1.149757,-0.3688610930333873,1.149757,-7.596715755000568,1.149757,-4.951562478777876e-14,1.149757,-1.793636925608277e-05,1.149757,6.697860481879532e-11
1.204504,144278.1598999702,1.204504,2.870311872939458e-11,1.204504,-0.3688610930180254,1.204504,-7.596715754642899,1.204504,-4.951562478043607e-14,1.204504,-1.879042298223263e-05,1.204504,6.697860481328238e-11
1.261857,137720.4948560507,1.261857,2.870311872667332e-11,1.261857,-0.3688610930033623,1.261857,-7.596715754301523,1.261857,-4.951562477343475e-14,1.261857,-1.968514311947591e-05,1.261857,6.697860480802047e-11
1.321941,131460.8858096467,1.321941,2.870311872407556e-11,1.321941,-0.3688610929893651,1.321941,-7.596715753975634,1.321941,-4.951562476673025e-14,1.321941,-2.062246602959024e-05,1.321941,6.69786048029973e-11
1.384886,125485.7856556195,1.384886,2.870311872159572e-11,1.384886,-0.3688610929760035,1.384886,-7.596715753664535,1.384886,-4.951562476037358e-14,1.384886,-2.160442027567668e-05,1.384886,6.697860479820217e-11
1.450829,119782.2630256704,1.450829,2.870311871922871e-11,1.450829,-0.3688610929632497,1.450829,-7.596715753367592,1.450829,-4.951562475426374e-14,1.450829,-2.263313101239556e-05,1.450829,6.697860479362518e-11
1.519911,114337.9743021537,1.519911,2.870311871696975e-11,1.519911,-0.3688610929510769,1.519911,-7.596715753084212,1.519911,-4.95156247484507e-14,1.519911,-2.371082458524564e-05,1.519911,6.697860478925723e-11
1.592283,109141.1369038936,1.592283,2.870311871481283e-11,1.592283,-0.3688610929394555,1.592283,-7.596715752813619,1.592283,-4.951562474290126e-14,1.592283,-2.483983334884417e-05,1.592283,6.697860478508648e-11
1.668101,104180.5037862234,1.668101,2.870311871275404e-11,1.668101,-0.3688610929283628,1.668101,-7.596715752555344,1.668101,-4.951562473759831e-14,1.668101,-2.602260071462754e-05,1.668101,6.697860478110547e-11
1.747528,99445.33910001632,1.747528,2.870311871078914e-11,1.747528,-0.368861092917775,1.747528,-7.596715752308855,1.747528,-4.951562473255412e-14,1.747528,-2.726168643890729e-05,1.747528,6.697860477730607e-11
1.830738,94925.39495705671,1.830738,2.870311870891341e-11,1.830738,-0.3688610929076682,1.830738,-7.596715752073544,1.830738,-4.951562472771332e-14,1.830738,-2.855977216271984e-05,1.830738,6.697860477367911e-11
1.91791,90610.88925147022,1.91791,2.870311870712279e-11,1.91791,-0.36886109289802,1.91791,-7.59671575184891,1.91791,-4.951562472312461e-14,1.91791,-2.991966721545731e-05,1.91791,6.697860477021668e-11
2.009233,86492.48448919352,2.009233,2.870311870541383e-11,2.009233,-0.3688610928888112,2.009233,-7.596715751634519,2.009233,-4.951562471870035e-14,2.009233,-3.134431469484554e-05,2.009233,6.697860476691219e-11
2.104904,82561.26757967996,2.104904,2.870311870378227e-11,2.104904,-0.3688610928800205,2.104904,-7.596715751429842,2.104904,-4.951562471450808e-14,2.104904,-3.283679783642498e-05,2.104904,6.697860476375729e-11
2.205131,78808.73054610808,2.205131,2.870311870222503e-11,2.205131,-0.3688610928716295,2.205131,-7.596715751234486,2.205131,-4.951562471050319e-14,2.205131,-3.440034668631639e-05,2.205131,6.697860476074618e-11
2.31013,75226.75211233413,2.31013,2.870311870073879e-11,2.31013,-0.3688610928636206,2.31013,-7.596715751048043,2.31013,-4.95156247066698e-14,2.31013,-3.603834509171868e-05,2.31013,6.697860475787237e-11
2.420128,71807.58012675034,2.420128,2.870311869931975e-11,2.420128,-0.3688610928559749,2.420128,-7.596715750870024,2.420128,-4.951562470302737e-14,2.420128,-3.775433802426281e-05,2.420128,6.697860475512842e-11
2.535364,68543.81478500659,2.535364,2.870311869796536e-11,2.535364,-0.3688610928486769,2.535364,-7.596715750700116,2.535364,-4.951562469954767e-14,2.535364,-3.955203925207162e-05,2.535364,6.69786047525095e-11
2.656088,65428.3926152812,2.656088,2.870311869667244e-11,2.656088,-0.3688610928417104,2.656088,-7.59671575053792,2.656088,-4.951562469623009e-14,2.656088,-4.143533937713347e-05,2.656088,6.697860475000949e-11
2.782559,62454.57119144933,2.782559,2.870311869543826e-11,2.782559,-0.3688610928350606,2.782559,-7.596715750383092,2.782559,-4.951562469303285e-14,2.782559,-4.340831425537919e-05,2.782559,6.697860474762301e-11
2.915053,59615.91454106139,2.915053,2.870311869426029e-11,2.915053,-0.368861092828713,2.915053,-7.596715750235319,2.915053,-4.951562469000748e-14,2.915053,-4.547523381768741e-05,2.915053,6.697860474534524e-11
3.053856,56906.27921654822,3.053856,2.870311869313576e-11,3.053856,-0.3688610928226541,3.053856,-7.596715750094246,3.053856,-4.951562468710736e-14,3.053856,-4.764057131091084e-05,3.053856,6.697860474317079e-11
3.199267,54319.80099951589,3.199267,2.870311869206226e-11,3.199267,-0.3688610928168702,3.199267,-7.596715749959578,3.199267,-4.951562468434078e-14,3.199267,-4.990901297891796e-05,3.199267,6.697860474109498e-11
3.351603,51850.88220934814,3.351603,2.87031186910378e-11,3.351603,-0.3688610928113499,3.351603,-7.596715749831061,3.351603,-4.951562468171229e-14,3.351603,-5.228546820460619e-05,3.351603,6.697860473911407e-11
3.511192,49494.17958865131,3.511192,2.870311869005968e-11,3.511192,-0.3688610928060798,3.511192,-7.596715749708352,3.511192,-4.951562467919942e-14,3.511192,-5.477508013483694e-05,3.511192,6.697860473722274e-11
3.67838,47244.59273932889,3.67838,2.870311868912622e-11,3.67838,-0.3688610928010497,3.67838,-7.596715749591249,3.67838,-4.95156246767979e-14,3.67838,-5.73832368112793e-05,3.67838,6.697860473541778e-11
3.853529,45097.25308424875,3.853529,2.870311868823497e-11,3.853529,-0.3688610927962478,3.853529,-7.596715749479443,3.853529,-4.951562467449006e-14,3.853529,-6.011558283126439e-05,3.853529,6.69786047336944e-11
4.037017,43047.51333062511,4.037017,2.870311868738428e-11,4.037017,-0.3688610927916642,4.037017,-7.596715749372723,4.037017,-4.95156246723027e-14,4.037017,-6.297803156387268e-05,4.037017,6.697860473204943e-11
4.229243,41090.93741230162,4.229243,2.870311868657243e-11,4.229243,-0.3688610927872896,4.229243,-7.596715749270876,4.229243,-4.951562467020839e-14,4.229243,-6.597677794770556e-05,4.229243,6.697860473047962e-11
4.430621,39223.2908891754,4.430621,2.870311868579745e-11,4.430621,-0.3688610927831135,4.430621,-7.596715749173659,4.430621,-4.951562466822946e-14,4.430621,-6.911831189803001e-05,4.430621,6.697860472898111e-11
4.641589,37440.53178298187,4.641589,2.870311868505752e-11,4.641589,-0.3688610927791268,4.641589,-7.596715749080832,4.641589,-4.951562466631813e-14,4.641589,-7.240943235231393e-05,4.641589,6.697860472755037e-11
4.862602,35738.80182960762,4.862602,2.870311868435137e-11,4.862602,-0.3688610927753218,4.862602,-7.596715748992245,4.862602,-4.9515624664498e-14,4.862602,-7.585726198454977e-05,4.862602,6.697860472618492e-11
5.094138,34114.41812899755,5.094138,2.870311868367699e-11,5.094138,-0.3688610927716888,5.094138,-7.596715748907643,5.094138,-4.951562466276602e-14,5.094138,-7.94692626202157e-05,5.094138,6.697860472488084e-11
5.336699,32563.86517458913,5.336699,2.870311868303359e-11,5.336699,-0.3688610927682218,5.336699,-7.596715748826932,5.336699,-4.951562466110583e-14,5.336699,-8.325325138522475e-05,5.336699,6.697860472363675e-11
5.59081,31083.78724501827,5.59081,2.870311868241944e-11,5.59081,-0.3688610927649124,5.59081,-7.596715748749884,5.59081,-4.951562465952304e-14,5.59081,-8.721741762382742e-05,5.59081,6.697860472244925e-11
5.857021,29670.98114163646,5.857021,2.870311868183315e-11,5.857021,-0.3688610927617532,5.857021,-7.596715748676337,5.857021,-4.951562465802043e-14,5.857021,-9.137034062206459e-05,5.857021,6.697860472131555e-11
6.135907,28322.38925611788,6.135907,2.870311868127384e-11,6.135907,-0.3688610927587387,6.135907,-7.596715748606176,6.135907,-4.95156246565758e-14,6.135907,-9.572100817513916e-05,6.135907,6.697860472023411e-11
6.428073,27035.09295315341,6.428073,2.870311868073949e-11,6.428073,-0.3688610927558596,6.428073,-7.596715748539139,6.428073,-4.951562465520288e-14,6.428073,-0.0001002788360388927,6.428073,6.697860471920085e-11
6.734151,25806.30625391451,6.734151,2.870311868022962e-11,6.734151,-0.368861092753112,6.734151,-7.596715748475174,6.734151,-4.951562465390623e-14,6.734151,-0.0001050536883074638,6.734151,6.697860471821497e-11
7.054802,24633.36980660951,7.054802,2.87031186797428e-11,7.054802,-0.3688610927504893,7.054802,-7.596715748414102,7.054802,-4.951562465265616e-14,7.054802,-0.0001100558987612628,7.054802,6.697860471727363e-11
7.390722,23513.74513109036,7.390722,2.870311867927781e-11,7.390722,-0.3688610927479847,7.390722,-7.596715748355767,7.390722,-4.951562465144108e-14,7.390722,-0.0001152962932314329,7.390722,6.697860471637442e-11
7.742637,22445.00912505005,7.742637,2.87031186788344e-11,7.742637,-0.3688610927455953,7.742637,-7.596715748300144,7.742637,-4.951562465030867e-14,7.742637,-0.0001207862130292134,7.742637,6.697860471551704e-11
8.111307999999999,21424.84881992059,8.111307999999999,2.870311867841098e-11,8.111307999999999,-0.368861092743314,8.111307999999999,-7.596715748247028,8.111307999999999,-4.951562464921064e-14,8.111307999999999,-0.0001265375394909204,8.111307999999999,6.69786047146983e-11
8.497534,20451.05637512575,8.497534,2.870311867800725e-11,8.497534,-0.3688610927411374,8.497534,-7.596715748196377,8.497534,-4.951562464815826e-14,8.497534,-0.0001325627196916389,8.497534,6.697860471391767e-11
8.902151,19521.52429985014,8.902151,2.870311867762117e-11,8.902151,-0.3688610927390581,8.902151,-7.596715748147947,8.902151,-4.951562464718502e-14,8.902151,-0.0001388747933833114,8.902151,6.69786047131711e-11
9.326033000000001,18634.24089199007,9.326033000000001,2.870311867725327e-11,9.326033000000001,-0.3688610927370748,9.326033000000001,-7.596715748101795,9.326033000000001,-4.95156246462375e-14,9.326033000000001,-0.0001454874212154734,9.326033000000001,6.697860471245975e-11
9.770099999999999,17787.28588440593,9.770099999999999,2.870311867690178e-11,9.770099999999999,-0.368861092735181,9.770099999999999,-7.5967157480577,9.770099999999999,-4.951562464533902e-14,9.770099999999999,-0.0001524149142997834,9.770099999999999,6.697860471178011e-11
10.23531,16978.82628906406,10.23531,2.870311867656607e-11,10.23531,-0.3688610927333727,10.23531,-7.596715748015584,10.23531,-4.951562464445757e-14,10.23531,-0.0001596722651822485,10.23531,6.697860471113093e-11
10.72267,16207.11243006564,10.72267,2.870311867624559e-11,10.72267,-0.3688610927316466,10.72267,-7.596715747975379,10.72267,-4.951562464363438e-14,10.72267,-0.0001672751802902422,10.72267,6.69786047105112e-11
11.23324,15470.47415698237,11.23324,2.870311867593997e-11,11.23324,-0.3688610927299994,11.23324,-7.596715747937037,11.23324,-4.95156246428565e-14,11.23324,-0.0001752401139244959,11.23324,6.697860470992024e-11
11.76812,14767.31723029983,11.76812,2.87031186756484e-11,11.76812,-0.3688610927284279,11.76812,-7.596715747900463,11.76812,-4.951562464210149e-14,11.76812,-0.0001835843038696655,11.76812,6.69786047093565e-11
12.32847,14096.11987115071,12.32847,2.870311867536999e-11,12.32847,-0.3688610927269273,12.32847,-7.596715747865537,12.32847,-4.951562464139258e-14,12.32847,-0.0001923258087004923,12.32847,6.697860470881814e-11
12.9155,13455.42946786515,12.9155,2.870311867510373e-11,12.9155,-0.3688610927254937,12.9155,-7.596715747832132,12.9155,-4.951562464069966e-14,12.9155,-0.0002014835468643584,12.9155,6.697860470830324e-11
13.53048,12843.85943221667,13.53048,2.870311867485028e-11,13.53048,-0.368861092724127,13.53048,-7.59671574780034,13.53048,-4.95156246400522e-14,13.53048,-0.0002110773376247416,13.53048,6.697860470781323e-11
14.17474,12260.08619855264,14.17474,2.870311867460804e-11,14.17474,-0.3688610927228216,14.17474,-7.596715747769949,14.17474,-4.951562463941986e-14,14.17474,-0.0002211279439542903,14.17474,6.697860470734482e-11
14.84968,11702.84635932268,14.84968,2.870311867437669e-11,14.84968,-0.3688610927215754,14.84968,-7.596715747740921,14.84968,-4.951562463883418e-14,14.84968,-0.0002316571174702136,14.84968,6.697860470689747e-11
15.55676,11170.93393079934,15.55676,2.870311867415577e-11,15.55676,-0.3688610927203856,15.55676,-7.596715747713213,15.55676,-4.951562463826627e-14,15.55676,-0.0002426876455093518,15.55676,6.697860470647024e-11
16.29751,10663.19774307696,16.29751,2.870311867394486e-11,16.29751,-0.3688610927192498,16.29751,-7.596715747686753,16.29751,-4.951562463772062e-14,16.29751,-0.0002542434004447404,16.29751,6.69786047060624e-11
17.07353,10178.53894869883,17.07353,2.870311867374428e-11,17.07353,-0.3688610927181674,17.07353,-7.596715747661592,17.07353,-4.951562463720125e-14,17.07353,-0.0002663493913504246,17.07353,6.697860470567462e-11
17.8865,9715.908644520521,17.8865,2.870311867355189e-11,17.8865,-0.3688610927171318,17.8865,-7.596715747637456,17.8865,-4.951562463671507e-14,17.8865,-0.0002790318181263555,17.8865,6.697860470530255e-11
18.73817,9274.305601665066,18.73817,2.870311867336864e-11,18.73817,-0.3688610927161444,18.73817,-7.596715747614463,18.73817,-4.951562463624638e-14,18.73817,-0.0002923181282004189,18.73817,6.69786047049482e-11
19.63041,8852.77409865291,19.63041,2.870311867319407e-11,19.63041,-0.3688610927152028,19.63041,-7.596715747592569,19.63041,-4.951562463579308e-14,19.63041,-0.0003062370759304523,19.63041,6.697860470461073e-11
20.56512,8450.401853020538,20.56512,2.870311867302675e-11,20.56512,-0.3688610927143021,20.56512,-7.596715747571579,20.56512,-4.951562463536165e-14,20.56512,-0.0003208187848346984,20.56512,6.697860470428713e-11
21.54435,8066.318046950796,21.54435,2.870311867286711e-11,21.54435,-0.3688610927134426,21.54435,-7.596715747551549,21.54435,-4.951562463494307e-14,21.54435,-0.0003360948127853787,21.54435,6.69786047039784e-11
22.5702,7699.691442640263,22.5702,2.870311867271544e-11,22.5702,-0.3688610927126241,22.5702,-7.596715747532524,22.5702,-4.951562463455584e-14,22.5702,-0.0003520982203065573,22.5702,6.69786047036852e-11
23.64489,7349.728583326132,23.64489,2.870311867257017e-11,23.64489,-0.3688610927118415,23.64489,-7.5967157475143,23.64489,-4.951562463418282e-14,23.64489,-0.0003688636421240644,23.64489,6.69786047034043e-11
24.77076,7015.672076080476,24.77076,2.870311867243122e-11,24.77076,-0.3688610927110935,24.77076,-7.596715747496862,24.77076,-4.951562463382866e-14,24.77076,-0.0003864273621222511,24.77076,6.697860470313557e-11
25.95024,6696.798952652804,25.95024,2.870311867229884e-11,25.95024,-0.3688610927103805,25.95024,-7.596715747480257,25.95024,-4.951562463349152e-14,25.95024,-0.0004048273918699362,25.95024,6.697860470287957e-11
27.18588,6392.419104815433,27.18588,2.870311867217282e-11,27.18588,-0.3688610927097007,27.18588,-7.596715747464453,27.18588,-4.951562463315373e-14,27.18588,-0.0004241035528854029,27.18588,6.697860470263595e-11
28.48036,6101.873790824517,28.48036,2.870311867205243e-11,28.48036,-0.3688610927090514,28.48036,-7.596715747449353,28.48036,-4.951562463283532e-14,28.48036,-0.0004442975628185179,28.48036,6.697860470240318e-11
29.83647,5824.534209765186,29.83647,2.870311867193696e-11,29.83647,-0.3688610927084303,29.83647,-7.596715747434864,29.83647,-4.951562463254954e-14,29.83647,-0.0004654531257364498,29.83647,6.697860470217985e-11
31.25716,5559.800140694847,31.25716,2.870311867182705e-11,31.25716,-0.3688610927078383,31.25716,-7.596715747421078,31.25716,-4.951562463227321e-14,31.25716,-0.0004876160267084026,31.25716,6.697860470196737e-11
32.74549,5307.098643638922,32.74549,2.870311867172231e-11,32.74549,-0.3688610927072734,32.74549,-7.596715747407933,32.74549,-4.951562463200214e-14,32.74549,-0.0005108342308941343,32.74549,6.697860470176481e-11
34.30469,5065.882819628908,34.30469,2.870311867162239e-11,34.30469,-0.3688610927067346,34.30469,-7.596715747395399,34.30469,-4.951562463172931e-14,34.30469,-0.0005351579873505926,34.30469,6.697860470157163e-11
35.93814,4835.630627098451,35.93814,2.870311867152657e-11,35.93814,-0.3688610927062191,35.93814,-7.596715747383379,35.93814,-4.951562463150053e-14,35.93814,-0.0005606399377814067,35.93814,6.69786047013863e-11
37.64936,4615.843752076301,37.64936,2.870311867143574e-11,37.64936,-0.3688610927057284,37.64936,-7.596715747371986,37.64936,-4.951562463126935e-14,37.64936,-0.0005873352304645196,37.64936,6.697860470121074e-11
39.44206,4406.046529729936,39.44206,2.87031186713483e-11,39.44206,-0.3688610927052585,39.44206,-7.596715747361017,39.44206,-4.951562463105152e-14,39.44206,-0.0006153016396046938,39.44206,6.697860470104161e-11
41.32012,4205.784914927935,41.32012,2.870311867126549e-11,41.32012,-0.3688610927048115,41.32012,-7.596715747350631,41.32012,-4.951562463083458e-14,41.32012,-0.0006445996903688879,41.32012,6.697860470088151e-11
43.28761,4014.625499590578,43.28761,2.87031186711862e-11,43.28761,-0.3688610927043841,43.28761,-7.596715747340679,43.28761,-4.951562463061669e-14,43.28761,-0.0006752927898754959,43.28761,6.697860470072821e-11
45.34879,3832.154574704405,45.34879,2.870311867111033e-11,45.34879,-0.3688610927039755,45.34879,-7.596715747331162,45.34879,-4.951562463041711e-14,45.34879,-0.0007074473644205618,45.34879,6.697860470058145e-11
47.5081,3657.977234969129,47.5081,2.870311867103822e-11,47.5081,-0.3688610927035867,47.5081,-7.596715747322118,47.5081,-4.95156246302406e-14,47.5081,-0.0007411330032382139,47.5081,6.69786047004421e-11
49.77024,3491.716524139698,49.77024,2.870311867096874e-11,49.77024,-0.3688610927032135,49.77024,-7.596715747313395,49.77024,-4.951562463005757e-14,49.77024,-0.0007764226091063875,49.77024,6.697860470030764e-11
52.14008,3333.012619214422,52.14008,2.87031186709034e-11,52.14008,-0.3688610927028602,52.14008,-7.596715747305207,52.14008,-4.951562462988509e-14,52.14008,-0.0008133925561235983,52.14008,6.697860470018139e-11
54.62277,3181.522051702073,54.62277,2.87031186708403e-11,54.62277,-0.3688610927025207,54.62277,-7.596715747297287,54.62277,-4.951562462974153e-14,54.62277,-0.0008521228549986472,54.62277,6.697860470005935e-11
57.22368,3036.916964284633,57.22368,2.870311867078006e-11,57.22368,-0.3688610927021969,57.22368,-7.596715747289727,57.22368,-4.951562462956295e-14,57.22368,-0.0008926973262104024,57.22368,6.697860469994279e-11
59.94843,2898.884401265189,59.94843,2.870311867072301e-11,59.94843,-0.3688610927018888,59.94843,-7.596715747282574,59.94843,-4.951562462942842e-14,59.94843,-0.0009352037814129318,59.94843,6.697860469983253e-11
62.80291,2767.125631266118,62.80291,2.870311867066806e-11,62.80291,-0.3688610927015934,62.80291,-7.596715747275681,62.80291,-4.951562462928214e-14,62.80291,-0.0009797342134783666,62.80291,6.697860469972623e-11
65.79331999999999,2641.355500712114,65.79331999999999,2.870311867061616e-11,65.79331999999999,-0.3688610927013128,65.79331999999999,-7.596715747269172,65.79331999999999,-4.951562462914228e-14,65.79331999999999,-0.001026384995588628,65.79331999999999,6.697860469962592e-11
68.92612,2521.30181669781,68.92612,2.870311867056612e-11,68.92612,-0.3688610927010439,68.92612,-7.596715747262889,68.92612,-4.951562462903106e-14,68.92612,-0.001075257089807312,68.92612,6.697860469952912e-11
72.20809,2406.704757905614,72.20809,2.870311867051885e-11,72.20809,-0.3688610927007884,72.20809,-7.596715747256964,72.20809,-4.951562462890114e-14,72.20809,-0.001126456265582609,72.20809,6.697860469943777e-11
75.64633000000001,2297.316312297693,75.64633000000001,2.870311867047341e-11,75.64633000000001,-0.3688610927005437,75.64633000000001,-7.596715747251261,75.64633000000001,-4.951562462877999e-14,75.64633000000001,-0.001180093328654669,75.64633000000001,6.697860469934991e-11
79.24829,2192.899740366176,79.24829,2.870311867043005e-11,79.24829,-0.3688610927003102,79.24829,-7.596715747245824,79.24829,-4.951562462866736e-14,79.24829,-0.001236284360862331,79.24829,6.697860469926608e-11
83.02176,2093.229062779183,83.02176,2.870311867038886e-11,83.02176,-0.3688610927000878,83.02176,-7.596715747240658,83.02176,-4.951562462856554e-14,83.02176,-0.001295150971368581,83.02176,6.697860469918643e-11
86.97490000000001,1998.088571314187,86.97490000000001,2.870311867034909e-11,86.97490000000001,-0.3688610926998743,86.97490000000001,-7.596715747235665,86.97490000000001,-4.951562462846178e-14,86.97490000000001,-0.001356820559848284,86.97490000000001,6.697860469910949e-11
91.11628,1907.272362020354,91.11628,2.870311867031122e-11,91.11628,-0.3688610926996708,91.11628,-7.596715747230912,91.11628,-4.951562462836633e-14,91.11628,-0.001421426592207672,91.11628,6.697860469903623e-11
95.45484999999999,1820.583889599174,95.45484999999999,2.87031186702753e-11,95.45484999999999,-0.3688610926994768,95.45484999999999,-7.596715747226405,95.45484999999999,-4.951562462828798e-14,95.45484999999999,-0.001489108889432593,95.45484999999999,6.69786046989668e-11
100,1737.835542039273,100,2.870311867024127e-11,100,-0.3688610926992928,100,-7.596715747222142,100,-4.9515624628184e-14,100,-0.001560013930190399,100,6.697860469890104e-11
104.7616,1658.848234584727,104.7616,2.870311867020838e-11,104.7616,-0.3688610926991157,104.7616,-7.59671574721801,104.7616,-4.951562462811737e-14,104.7616,-0.001634295167840492,104.7616,6.697860469883743e-11
109.7499,1583.451022158214,109.7499,2.870311867017731e-11,109.7499,-0.3688610926989477,109.7499,-7.596715747214115,109.7499,-4.95156246280231e-14,109.7499,-0.001712113362539422,109.7499,6.697860469877737e-11
114.9757,1511.480729399938,114.9757,2.870311867014725e-11,114.9757,-0.3688610926987861,114.9757,-7.596715747210344,114.9757,-4.951562462793812e-14,114.9757,-0.001793636929159702,114.9757,6.697860469871922e-11
120.4504,1442.781597522101,120.4504,2.87031186701188e-11,120.4504,-0.3688610926986328,120.4504,-7.596715747206776,120.4504,-4.951562462784517e-14,120.4504,-0.001879042301774694,120.4504,6.697860469866423e-11
126.1857,1377.204947214161,126.1857,2.870311867009144e-11,126.1857,-0.3688610926984858,126.1857,-7.596715747203344,126.1857,-4.951562462779781e-14,126.1857,-0.001968514315499042,126.1857,6.697860469861128e-11
132.1941,1314.608856869742,132.1941,2.870311867006557e-11,132.1941,-0.3688610926983463,132.1941,-7.596715747200099,132.1941,-4.951562462773179e-14,132.1941,-0.002062246606510447,132.1941,6.697860469856127e-11
138.4886,1254.857855438443,138.4886,2.870311867004065e-11,138.4886,-0.3688610926982123,138.4886,-7.596715747196972,138.4886,-4.95156246276555e-14,138.4886,-0.002160442031119101,138.4886,6.697860469851306e-11
145.0829,1197.822629238267,145.0829,2.870311867001719e-11,145.0829,-0.3688610926980853,145.0829,-7.596715747194032,145.0829,-4.951562462760877e-14,145.0829,-0.002263313104790951,145.0829,6.697860469846772e-11
151.9911,1143.379742093552,151.9911,2.870311866999444e-11,151.9911,-0.3688610926979632,151.9911,-7.596715747191173,151.9911,-4.951562462755535e-14,151.9911,-0.002371082462076017,151.9911,6.697860469842374e-11
159.2283,1091.411368193396,159.2283,2.870311866997258e-11,159.2283,-0.3688610926978462,159.2283,-7.596715747188431,159.2283,-4.951562462749997e-14,159.2283,-0.002483983338435859,159.2283,6.697860469838141e-11
166.8101,1041.805037091815,166.8101,2.870311866995206e-11,166.8101,-0.3688610926977354,166.8101,-7.596715747185859,166.8101,-4.951562462743979e-14,166.8101,-0.002602260075014176,166.8101,6.697860469834173e-11
174.7528,994.4533902981889,174.7528,2.870311866993285e-11,174.7528,-0.3688610926976306,174.7528,-7.596715747183447,174.7528,-4.951562462739343e-14,174.7528,-0.00272616864744214,174.7528,6.697860469830468e-11
183.0738,949.2539489309493,183.0738,2.870311866991372e-11,183.0738,-0.3688610926975287,183.0738,-7.596715747181047,183.0738,-4.951562462734824e-14,183.0738,-0.002855977219823418,183.0738,6.697860469826761e-11
191.791,906.1088919319095,191.791,2.870311866989584e-11,191.791,-0.3688610926974323,191.791,-7.596715747178806,191.791,-4.951562462729072e-14,191.791,-0.002991966725097149,191.791,6.697860469823305e-11
200.9233,864.9248443609214,200.9233,2.870311866987912e-11,200.9233,-0.3688610926973411,200.9233,-7.596715747176709,200.9233,-4.951562462725817e-14,200.9233,-0.003134431473035949,200.9233,6.697860469820078e-11
210.4904,825.612675312955,210.4904,2.870311866986245e-11,210.4904,-0.3688610926972522,210.4904,-7.596715747174615,210.4904,-4.95156246272295e-14,210.4904,-0.003283679787193918,210.4904,6.69786046981685e-11
220.5131,788.0873050202156,220.5131,2.870311866984692e-11,220.5131,-0.3688610926971686,220.5131,-7.596715747172666,220.5131,-4.951562462717291e-14,220.5131,-0.003440034672183075,220.5131,6.697860469813847e-11
231.013,752.267520721638,231.013,2.870311866983199e-11,231.013,-0.3688610926970881,231.013,-7.596715747170793,231.013,-4.951562462712543e-14,231.013,-0.00360383451272333,231.013,6.697860469810958e-11
242.0128,718.0758009014938,242.0128,2.870311866981808e-11,242.0128,-0.3688610926970124,242.0128,-7.596715747169053,242.0128,-4.951562462711146e-14,242.0128,-0.003775433805977694,242.0128,6.697860469808276e-11
253.5364,685.4381475165642,253.5364,2.87031186698042e-11,253.5364,-0.3688610926969387,253.5364,-7.59671574716731,253.5364,-4.951562462705858e-14,253.5364,-0.003955203928758626,253.5364,6.697860469805586e-11
265.6088,654.2839258489381,265.6088,2.870311866979129e-11,265.6088,-0.368861092696869,265.6088,-7.596715747165682,265.6088,-4.951562462703195e-14,265.6088,-0.004143533941264809,265.6088,6.697860469803087e-11
278.2559,624.5457116376135,278.2559,2.870311866977881e-11,278.2559,-0.3688610926968022,278.2559,-7.59671574716412,278.2559,-4.951562462699562e-14,278.2559,-0.004340831429089391,278.2559,6.697860469800671e-11
291.5053,596.1591451583381,291.5053,2.870311866976753e-11,291.5053,-0.3688610926967399,291.5053,-7.596715747162713,291.5053,-4.951562462696758e-14,291.5053,-0.004547523385320147,291.5053,6.6978604697985e-11
305.3856,569.0627919356126,305.3856,2.870311866975589e-11,305.3856,-0.3688610926966785,305.3856,-7.596715747161247,305.3856,-4.951562462693153e-14,305.3856,-0.004764057134642546,305.3856,6.697860469796246e-11
319.9267,543.1980097857137,319.9267,2.870311866974524e-11,319.9267,-0.3688610926966208,319.9267,-7.596715747159913,319.9267,-4.951562462691479e-14,319.9267,-0.004990901301443223,319.9267,6.697860469794186e-11
335.1603,518.508821902641,335.1603,2.870311866973503e-11,335.1603,-0.3688610926965657,335.1603,-7.596715747158633,335.1603,-4.951562462688099e-14,335.1603,-0.005228546824012066,335.1603,6.697860469792209e-11
351.1192,494.9417957126279,351.1192,2.870311866972513e-11,351.1192,-0.3688610926965126,351.1192,-7.596715747157385,351.1192,-4.951562462686043e-14,351.1192,-0.005477508017035128,351.1192,6.697860469790294e-11
367.838,472.4459272348532,367.838,2.870311866971617e-11,367.838,-0.3688610926964634,367.838,-7.596715747156268,367.838,-4.951562462683793e-14,367.838,-0.005738323684679325,367.838,6.69786046978857e-11
385.3529,450.9725306981263,385.3529,2.8703118669707e-11,385.3529,-0.3688610926964146,385.3529,-7.596715747155115,385.3529,-4.95156246268132e-14,385.3529,-0.006011558286677849,385.3529,6.697860469786793e-11
403.7017,430.4751331747179,403.7017,2.870311866969872e-11,403.7017,-0.3688610926963694,403.7017,-7.596715747154077,403.7017,-4.951562462678621e-14,403.7017,-0.006297803159938615,403.7017,6.697860469785196e-11
422.9243,410.9093740031662,422.9243,2.870311866969062e-11,422.9243,-0.3688610926963257,422.9243,-7.596715747153064,422.9243,-4.951562462675567e-14,422.9243,-0.006597677798321937,422.9243,6.697860469783627e-11
443.0621,392.2329087825505,443.0621,2.870311866968289e-11,443.0621,-0.368861092696284,443.0621,-7.596715747152093,443.0621,-4.95156246267432e-14,443.0621,-0.006911831193354395,443.0621,6.697860469782136e-11
464.1589,374.4053177303171,464.1589,2.870311866967544e-11,464.1589,-0.3688610926962438,464.1589,-7.596715747151159,464.1589,-4.951562462674409e-14,464.1589,-0.007240943238782777,464.1589,6.697860469780692e-11
486.2602,357.3880182054133,486.2602,2.870311866966828e-11,486.2602,-0.3688610926962056,486.2602,-7.596715747150259,486.2602,-4.951562462670158e-14,486.2602,-0.007585726202006381,486.2602,6.697860469779305e-11
509.4138,341.1441812073672,509.4138,2.870311866966131e-11,509.4138,-0.3688610926961687,509.4138,-7.59671574714938,509.4138,-4.951562462670211e-14,509.4138,-0.007946926265572963,509.4138,6.697860469777957e-11
533.6699,325.6386516706237,533.6699,2.870311866965518e-11,533.6699,-0.3688610926961349,533.6699,-7.596715747148609,533.6699,-4.951562462668638e-14,533.6699,-0.008325325142073804,533.6699,6.697860469776773e-11
559.081,310.8378723815993,559.081,2.870311866964877e-11,559.081,-0.3688610926961011,559.081,-7.596715747147809,559.081,-4.951562462666759e-14,559.081,-0.008721741765934158,559.081,6.69786046977553e-11
585.7021,296.7098113538741,585.7021,2.870311866964299e-11,585.7021,-0.3688610926960696,585.7021,-7.596715747147087,585.7021,-4.951562462665183e-14,585.7021,-0.009137034065757865,585.7021,6.697860469774417e-11
613.5907,283.2238925042387,613.5907,2.870311866963759e-11,613.5907,-0.3688610926960401,613.5907,-7.596715747146408,613.5907,-4.951562462663294e-14,613.5907,-0.009572100821065372,613.5907,6.697860469773373e-11
642.8073000000001,270.3509294796534,642.8073000000001,2.870311866963228e-11,642.8073000000001,-0.3688610926960114,642.8073000000001,-7.596715747145747,642.8073000000001,-4.951562462663191e-14,642.8073000000001,-0.01002788360744067,642.8073000000001,6.697860469772349e-11
673.4151000000001,258.0630624918726,673.4151000000001,2.870311866962718e-11,673.4151000000001,-0.368861092695984,673.4151000000001,-7.596715747145104,673.4151000000001,-4.95156246266053e-14,673.4151000000001,-0.01050536883429781,673.4151000000001,6.697860469771362e-11
705.4802,246.3336980230224,705.4802,2.870311866962225e-11,705.4802,-0.3688610926959575,705.4802,-7.596715747144486,705.4802,-4.951562462660455e-14,705.4802,-0.01100558987967771,705.4802,6.697860469770409e-11
739.0722,235.1374512716587,739.0722,2.870311866961748e-11,739.0722,-0.3688610926959321,739.0722,-7.596715747143885,739.0722,-4.951562462658564e-14,739.0722,-0.01152962932669464,739.0722,6.697860469769484e-11
774.2637,224.4500912147409,774.2637,2.870311866961289e-11,774.2637,-0.3688610926959078,774.2637,-7.596715747143307,774.2637,-4.951562462656769e-14,774.2637,-0.01207862130647277,774.2637,6.697860469768593e-11
811.1308,214.2484881666254,811.1308,2.870311866960903e-11,811.1308,-0.3688610926958859,811.1308,-7.596715747142826,811.1308,-4.951562462655455e-14,811.1308,-0.0126537539526433,811.1308,6.697860469767855e-11
849.7534000000001,204.5105637215681,849.7534000000001,2.870311866960482e-11,849.7534000000001,-0.3688610926958639,849.7534000000001,-7.596715747142298,849.7534000000001,-4.951562462655511e-14,849.7534000000001,-0.0132562719727154,849.7534000000001,6.697860469767036e-11
890.2151,195.2152429714528,890.2151,2.870311866960118e-11,890.2151,-0.3688610926958435,890.2151,-7.596715747141842,890.2151,-4.951562462653997e-14,890.2151,-0.01388747934188238,890.2151,6.697860469766337e-11
932.6033,186.3424088952517,932.6033,2.87031186695972e-11,932.6033,-0.368861092695823,932.6033,-7.596715747141342,932.6033,-4.951562462651992e-14,932.6033,-0.01454874212509889,932.6033,6.697860469765557e-11
977.01,177.872858821601,977.01,2.870311866959384e-11,977.01,-0.3688610926958044,977.01,-7.596715747140924,977.01,-4.951562462651287e-14,977.01,-0.01524149143352979,977.01,6.697860469764915e-11
1000,173.7835542019771,1000,2.870311866959207e-11,1000,-0.3688610926957951,1000,-7.596715747140699,1000,-4.951562462649857e-14,1000,-0.01560013930222697,1000,6.697860469764571e-11
1023.531,169.7882628701766,1023.531,2.870311866959023e-11,1023.531,-0.3688610926957857,1023.531,-7.596715747140464,1023.531,-4.95156246265111e-14,1023.531,-0.01596722652177638,1023.531,6.697860469764211e-11
1072.267,162.0711242820115,1072.267,2.870311866958708e-11,1072.267,-0.3688610926957687,1072.267,-7.596715747140071,1072.267,-4.951562462651744e-14,1072.267,-0.0167275180325756,1072.267,6.697860469763606e-11
1123.324,154.7047415528355,1123.324,2.870311866958419e-11,1123.324,-0.3688610926957526,1123.324,-7.596715747139708,1123.324,-4.951562462648479e-14,1123.324,-0.01752401139600093,1123.324,6.697860469763047e-11
1176.812,147.67317228752,1176.812,2.870311866958135e-11,1176.812,-0.3688610926957371,1176.812,-7.596715747139354,1176.812,-4.951562462650216e-14,1176.812,-0.01835843039051782,1176.812,6.697860469762499e-11
1232.847,140.9611986974024,1232.847,2.870311866957859e-11,1232.847,-0.368861092695722,1232.847,-7.596715747139009,1232.847,-4.951562462647274e-14,1232.847,-0.01923258087360072,1232.847,6.697860469761966e-11
1291.55,134.5542946658014,1291.55,2.870311866957599e-11,1291.55,-0.3688610926957079,1291.55,-7.596715747138684,1291.55,-4.951562462646705e-14,1291.55,-0.02014835468998703,1291.55,6.697860469761465e-11
1353.048,128.4385943104569,1353.048,2.870311866957345e-11,1353.048,-0.3688610926956943,1353.048,-7.596715747138366,1353.048,-4.951562462646779e-14,1353.048,-0.0211077337660256,1353.048,6.697860469760973e-11
1417.474,122.6008619748568,1417.474,2.870311866957102e-11,1417.474,-0.3688610926956811,1417.474,-7.596715747138056,1417.474,-4.951562462645537e-14,1417.474,-0.02211279439898049,1417.474,6.697860469760504e-11
1484.968,117.0284635835048,1484.968,2.870311866956853e-11,1484.968,-0.3688610926956682,1484.968,-7.596715747137746,1484.968,-4.95156246264587e-14,1484.968,-0.02316571175057288,1484.968,6.697860469760018e-11
1555.676,111.7093392991364,1555.676,2.870311866956634e-11,1555.676,-0.3688610926956564,1555.676,-7.59671574713747,1555.676,-4.951562462644737e-14,1555.676,-0.02426876455448639,1555.676,6.697860469759595e-11
1629.751,106.6319774226998,1629.751,2.870311866956417e-11,1629.751,-0.3688610926956449,1629.751,-7.5967157471372,1629.751,-4.951562462644919e-14,1629.751,-0.02542434004802513,1629.751,6.697860469759174e-11
1707.353,101.7853894796335,1707.353,2.870311866956201e-11,1707.353,-0.3688610926956336,1707.353,-7.596715747136923,1707.353,-4.951562462644134e-14,1707.353,-0.02663493913859418,1707.353,6.697860469758755e-11
1788.65,97.15908643850597,1788.65,2.870311866956054e-11,1788.65,-0.3688610926956246,1788.65,-7.596715747136747,1788.65,-4.951562462643526e-14,1788.65,-0.02790318181618646,1788.65,6.697860469758477e-11
1873.817,92.7430560105461,1873.817,2.87031186695585e-11,1873.817,-0.368861092695614,1873.817,-7.596715747136489,1873.817,-4.951562462643569e-14,1873.817,-0.02923181282359301,1873.817,6.697860469758084e-11
1963.041,88.52774098096567,1963.041,2.870311866955664e-11,1963.041,-0.3688610926956042,1963.041,-7.596715747136251,1963.041,-4.951562462640255e-14,1963.041,-0.03062370759659686,1963.041,6.697860469757715e-11
2056.512,84.5040185251364,2056.512,2.870311866955473e-11,2056.512,-0.3688610926955946,2056.512,-7.596715747136011,2056.512,-4.951562462642452e-14,2056.512,-0.03208187848702137,2056.512,6.697860469757345e-11
2154.435,80.66318046489052,2154.435,2.870311866955345e-11,2154.435,-0.3688610926955869,2154.435,-7.596715747135855,2154.435,-4.951562462642233e-14,2154.435,-0.03360948128208875,2154.435,6.697860469757103e-11
2257.02,76.99691442219374,2257.02,2.870311866955177e-11,2257.02,-0.3688610926955783,2257.02,-7.596715747135643,2257.02,-4.951562462641261e-14,2257.02,-0.03520982203420752,2257.02,6.697860469756778e-11
2364.489,73.4972858294273,2364.489,2.870311866955061e-11,2364.489,-0.3688610926955714,2364.489,-7.596715747135499,2364.489,-4.951562462642113e-14,2364.489,-0.03688636421595767,2364.489,6.697860469756557e-11
2477.076,70.15672075731142,2477.076,2.870311866954897e-11,2477.076,-0.3688610926955631,2477.076,-7.59671574713529,2477.076,-4.951562462638899e-14,2477.076,-0.03864273621577626,2477.076,6.697860469756233e-11
2595.024,66.96798952334574,2595.024,2.870311866954792e-11,2595.024,-0.3688610926955566,2595.024,-7.596715747135163,2595.024,-4.951562462640626e-14,2595.024,-0.0404827391905443,2595.024,6.697860469756038e-11
2718.588,63.92419104525367,2718.588,2.870311866954636e-11,2718.588,-0.3688610926955491,2718.588,-7.596715747134964,2718.588,-4.951562462640635e-14,2718.588,-0.04241035529209183,2718.588,6.697860469755729e-11
2848.036,61.01873790560236,2848.036,2.870311866954546e-11,2848.036,-0.3688610926955433,2848.036,-7.596715747134852,2848.036,-4.951562462639745e-14,2848.036,-0.04442975628540317,2848.036,6.697860469755559e-11
2983.647,58.24534209524389,2983.647,2.870311866954396e-11,2983.647,-0.3688610926955364,2983.647,-7.596715747134662,2983.647,-4.951562462641407e-14,2983.647,-0.0465453125771963,2983.647,6.697860469755264e-11
3125.716,55.5980014047549,3125.716,2.870311866954312e-11,3125.716,-0.368861092695531,3125.716,-7.596715747134557,3125.716,-4.951562462638919e-14,3125.716,-0.04876160267439109,3125.716,6.697860469755105e-11
3274.549,53.07098643438984,3274.549,2.870311866954174e-11,3274.549,-0.3688610926955245,3274.549,-7.596715747134381,3274.549,-4.951562462637154e-14,3274.549,-0.05108342309296503,3274.549,6.697860469754832e-11
3430.469,50.65882819446735,3430.469,2.870311866954096e-11,3430.469,-0.3688610926955198,3430.469,-7.596715747134289,3430.469,-4.951562462637181e-14,3430.469,-0.05351579873861081,3430.469,6.697860469754685e-11
3593.814,48.35630626932545,3593.814,2.870311866954023e-11,3593.814,-0.3688610926955153,3593.814,-7.596715747134202,3593.814,-4.951562462639847e-14,3593.814,-0.05606399378169109,3593.814,6.697860469754551e-11
3764.936,46.15843751925038,3764.936,2.870311866953895e-11,3764.936,-0.3688610926955092,3764.936,-7.596715747134032,3764.936,-4.951562462639097e-14,3764.936,-0.05873352305000387,3764.936,6.697860469754297e-11
3944.206,44.06046529592171,3944.206,2.87031186695383e-11,3944.206,-0.3688610926955051,3944.206,-7.59671574713395,3944.206,-4.951562462637384e-14,3944.206,-0.06153016396402024,3944.206,6.697860469754173e-11
4132.012,42.05784914802394,4132.012,2.870311866953764e-11,4132.012,-0.3688610926955013,4132.012,-7.596715747133876,4132.012,-4.951562462636601e-14,4132.012,-0.06445996904043989,4132.012,6.697860469754049e-11
4328.761,40.14625499476152,4328.761,2.870311866953646e-11,4328.761,-0.3688610926954959,4328.761,-7.596715747133724,4328.761,-4.951562462636588e-14,4328.761,-0.06752927899110152,4328.761,6.697860469753813e-11
4534.879,38.3215457460017,4534.879,2.870311866953584e-11,4534.879,-0.3688610926954923,4534.879,-7.596715747133644,4534.879,-4.951562462636716e-14,4534.879,-0.07074473644560747,4534.879,6.697860469753696e-11
4750.81,36.57977234874151,4750.81,2.870311866953526e-11,4750.81,-0.3688610926954887,4750.81,-7.596715747133576,4750.81,-4.951562462637734e-14,4750.81,-0.0741133003273728,4750.81,6.697860469753585e-11
4977.024,34.91716524053169,4977.024,2.870311866953426e-11,4977.024,-0.3688610926954839,4977.024,-7.596715747133441,4977.024,-4.951562462637044e-14,4977.024,-0.07764226091418983,4977.024,6.697860469753389e-11
5214.008,33.33012619135547,5214.008,2.870311866953369e-11,5214.008,-0.3688610926954808,5214.008,-7.596715747133373,5214.008,-4.951562462636494e-14,5214.008,-0.08133925561591196,5214.008,6.69786046975328e-11
5462.277,31.81522051630231,5462.277,2.870311866953316e-11,5462.277,-0.3688610926954776,5462.277,-7.59671574713331,5462.277,-4.951562462636042e-14,5462.277,-0.08521228550341592,5462.277,6.697860469753179e-11
5722.368,30.36916964219212,5722.368,2.870311866953276e-11,5722.368,-0.3688610926954748,5722.368,-7.596715747133257,5722.368,-4.951562462635996e-14,5722.368,-0.08926973262459011,5722.368,6.697860469753104e-11
5994.843,28.98884401205524,5994.843,2.870311866953172e-11,5994.843,-0.3688610926954707,5994.843,-7.596715747133129,5994.843,-4.951562462636504e-14,5994.843,-0.09352037814484526,5994.843,6.697860469752894e-11
6280.291,27.67125631211779,6280.291,2.870311866953128e-11,6280.291,-0.3688610926954681,6280.291,-7.596715747133074,6280.291,-4.951562462636312e-14,6280.291,-0.09797342135138754,6280.291,6.697860469752812e-11
6579.332,26.41355500662594,6579.332,2.870311866953085e-11,6579.332,-0.3688610926954654,6579.332,-7.596715747133016,6579.332,-4.951562462635069e-14,6579.332,-0.1026384995624142,6579.332,6.697860469752732e-11
6892.612,25.21301816652708,6892.612,2.870311866953045e-11,6892.612,-0.3688610926954629,6892.612,-7.596715747132968,6892.612,-4.951562462635452e-14,6892.612,-0.1075257089842816,6892.612,6.697860469752655e-11
7220.809,24.0670475786451,7220.809,2.870311866953008e-11,7220.809,-0.3688610926954605,7220.809,-7.596715747132921,7220.809,-4.951562462634941e-14,7220.809,-0.1126456265618119,7220.809,6.697860469752585e-11
7564.633,22.97316312260213,7564.633,2.870311866952915e-11,7564.633,-0.368861092695457,7564.633,-7.596715747132799,7564.633,-4.951562462634858e-14,7564.633,-0.1180093328690196,7564.633,6.697860469752397e-11
7924.829,21.92899740332033,7924.829,2.870311866952889e-11,7924.829,-0.3688610926954551,7924.829,-7.596715747132773,7924.829,-4.951562462636297e-14,7924.829,-0.1236284360897852,7924.829,6.69786046975235e-11
8302.175999999999,20.93229062748068,8302.175999999999,2.87031186695285e-11,8302.175999999999,-0.3688610926954529,8302.175999999999,-7.596715747132722,8302.175999999999,-4.951562462634408e-14,8302.175999999999,-0.1295150971404108,8302.175999999999,6.697860469752273e-11
8697.49,19.98088571285858,8697.49,2.870311866952825e-11,8697.49,-0.3688610926954513,8697.49,-7.596715747132694,8697.49,-4.951562462634796e-14,8697.49,-0.1356820559883791,8697.49,6.697860469752228e-11
9111.628000000001,19.07272361994556,9111.628000000001,2.870311866952791e-11,9111.628000000001,-0.3688610926954494,9111.628000000001,-7.596715747132651,9111.628000000001,-4.951562462634626e-14,9111.628000000001,-0.1421426592243166,9111.628000000001,6.697860469752162e-11
9545.485000000001,18.20583889575668,9545.485000000001,2.870311866952767e-11,9545.485000000001,-0.3688610926954477,9545.485000000001,-7.596715747132619,9545.485000000001,-4.951562462635664e-14,9545.485000000001,-0.1489108889468084,9545.485000000001,6.697860469752121e-11
10000,17.37835542017848,10000,2.870311866952741e-11,10000,-0.368861092695446,10000,-7.596715747132587,10000,-4.951562462636147e-14,10000,-0.15600139302259,10000,6.697860469752072e-11
