rds X,rds Y,kcds X,kcds Y,kcgs X,kcgs Y,kcgd X,kcgd Y,kgmp X,kgmp Y,kgds X,kgds Y,ids X,ids Y
0.0001,277599.7895460611,0.0001,-1.398330295013217e-16,0.0001,3.168493700430126e-11,0.0001,5.988791853933802e-12,0.0001,-5.951682131406427,0.0001,-0.102099605669597,0.0001,-3.528229303981201e-05
0.0001023411,276947.4004801484,0.0001023411,-1.378882936237628e-16,0.0001023411,3.155453332297858e-11,0.0001023411,5.960536198542344e-12,0.0001023411,-5.941673668900099,0.0001023411,-0.1019046819216025,0.0001023411,-3.543305262028221e-05
0.0001047371,276314.6216064905,0.0001047371,-1.360284835946655e-16,0.0001047371,3.142835254121435e-11,0.0001047371,5.933229225442872e-12,0.0001047371,-5.931957501371095,0.0001047371,-0.1017158626511312,0.0001047371,-3.558012310894176e-05
0.0001071891,275678.5665942233,0.0001071891,-1.341852599014615e-16,0.0001071891,3.130182048253498e-11,0.0001071891,5.905879787273313e-12,0.0001071891,-5.922181848334342,0.0001071891,-0.1015263103779935,0.0001071891,-3.572879707163014e-05
0.0001096986,275029.6076670566,0.0001096986,-1.323314306996587e-16,0.0001096986,3.117303246651357e-11,0.0001096986,5.878077281710449e-12,0.0001096986,-5.912198006409255,0.0001096986,-0.1013331615091043,0.0001096986,-3.588136517227298e-05
0.0001122668,274472.9448532322,0.0001122668,-1.307607582929731e-16,0.0001122668,3.106279395688051e-11,0.0001122668,5.854304894395104e-12,0.0001122668,-5.903628756309208,0.0001122668,-0.1011676450284548,0.0001122668,-3.601295989839279e-05
0.0001148951,273880.7440904386,0.0001148951,-1.291115912244187e-16,0.0001148951,3.094577333928355e-11,0.0001148951,5.829098385630265e-12,0.0001148951,-5.894503291492873,0.0001148951,-0.1009917665129742,0.0001148951,-3.615368186316379e-05
0.000117585,273298.2439783333,0.000117585,-1.275101348232164e-16,0.000117585,3.083091697902121e-11,0.000117585,5.804385437299674e-12,0.000117585,-5.885519420366544,0.000117585,-0.1008189530464877,0.000117585,-3.629284179468951e-05
0.0001203378,272724.5749257046,0.0001203378,-1.259527343619693e-16,0.0001203378,3.071804026874178e-11,0.0001203378,5.780124791946461e-12,0.0001203378,-5.87666399340119,0.0001203378,-0.1006489337563492,0.0001203378,-3.643061879170135e-05
0.0001231551,272169.947538983,0.0001231551,-1.244653089645048e-16,0.0001231551,3.060913275525846e-11,0.0001231551,5.756741810987683e-12,0.0001231551,-5.868095292012175,0.0001231551,-0.1004847162022793,0.0001231551,-3.656451524574444e-05
0.0001260383,271610.6587730105,0.0001260383,-1.229836487271763e-16,0.0001260383,3.049953301209749e-11,0.0001260383,5.73323485652323e-12,0.0001260383,-5.859446747895118,0.0001260383,-0.1003192782256001,0.0001260383,-3.670023053080561e-05
0.000128989,271039.9107264989,0.000128989,-1.214903597364755e-16,0.000128989,3.038791797482617e-11,0.000128989,5.709321103939172e-12,0.000128989,-5.8506126438281,0.000128989,-0.10015061336258,0.000128989,-3.683945027597164e-05
0.0001320088,270544.6853723367,0.0001320088,-1.202085466850688e-16,0.0001320088,3.029124844247407e-11,0.0001320088,5.68862871590522e-12,0.0001320088,-5.842942855175815,0.0001320088,-0.1000043742666138,0.0001320088,-3.696085391110202e-05
0.0001350994,270020.2199861968,0.0001350994,-1.188665773389384e-16,0.0001350994,3.018906360510759e-11,0.0001350994,5.66677704806968e-12,0.0001350994,-5.834812427199151,0.0001350994,-0.09984963678634756,0.0001350994,-3.709003335016978e-05
0.0001382622,269503.4915004086,0.0001382622,-1.175591953016186e-16,0.0001382622,3.008857310275106e-11,0.0001382622,5.645308256619229e-12,0.0001382622,-5.826795204472375,0.0001382622,-0.09969730443822988,0.0001382622,-3.721792769037496e-05
0.0001414991,268993.8187817233,0.0001414991,-1.162838699607064e-16,0.0001414991,2.998963560699288e-11,0.0001414991,5.624191116738645e-12,0.0001414991,-5.818880829996319,0.0001414991,-0.09954716849046602,0.0001414991,-3.734468392474372e-05
0.0001448118,268491.9099730357,0.0001448118,-1.150415774906097e-16,0.0001448118,2.989237978076435e-11,0.0001448118,5.603452066216463e-12,0.0001448118,-5.811080542740373,0.0001448118,-0.09939942968435513,0.0001448118,-3.747010439358151e-05
0.0001482021,268007.0461990109,0.0001482021,-1.138540597092403e-16,0.0001482021,2.979858977560432e-11,0.0001482021,5.58346992628183e-12,0.0001482021,-5.803539161297156,0.0001482021,-0.09925680812078931,0.0001482021,-3.759183126195731e-05
0.0001516717,267512.1264713206,0.0001516717,-1.126548199554938e-16,0.0001516717,2.970302163877281e-11,0.0001516717,5.563127298824696e-12,0.0001516717,-5.795834619023521,0.0001516717,-0.09911133272506459,0.0001516717,-3.77166585720932e-05
0.0001552225,267006.9752331356,0.0001552225,-1.114440690579421e-16,0.0001552225,2.960565094516952e-11,0.0001552225,5.542419978661749e-12,0.0001552225,-5.78796369348213,0.0001552225,-0.09896295561564245,0.0001552225,-3.784467113846034e-05
0.0001588565,266574.7031343862,0.0001588565,-1.104174807468943e-16,0.0001588565,2.952245722617379e-11,0.0001588565,5.524741510580474e-12,0.0001588565,-5.781224796781081,0.0001588565,-0.09883605065237852,0.0001588565,-3.795471043769641e-05
0.0001625756,266110.3947205714,0.0001625756,-1.093259184829784e-16,0.0001625756,2.943324286420859e-11,0.0001625756,5.505799643978253e-12,0.0001625756,-5.773979671780175,0.0001625756,-0.09869983067297251,0.0001625756,-3.80734080370277e-05
0.0001663817,265651.9502343558,0.0001663817,-1.082587219794416e-16,0.0001663817,2.934529676709077e-11,0.0001663817,5.487142499617453e-12,0.0001663817,-5.766820341157241,0.0001663817,-0.09856541089048808,0.0001663817,-3.819112527552146e-05
0.0001702769,265198.8461944246,0.0001702769,-1.072141771051525e-16,0.0001702769,2.925851279334286e-11,0.0001702769,5.46874689726089e-12,0.0001702769,-5.759738785259539,0.0001702769,-0.09843263313521763,0.0001702769,-3.830798130841125e-05
0.0001742633,264750.498429095,0.0001742633,-1.061904929417959e-16,0.0001742633,2.917277394837576e-11,0.0001742633,5.450587443396016e-12,0.0001742633,-5.752726008757358,0.0001742633,-0.098301321995311,0.0001742633,-3.842411338323499e-05
0.0001783431,264316.4122451759,0.0001783431,-1.052085670095461e-16,0.0001783431,2.908988829087332e-11,0.0001783431,5.433045970400822e-12,0.0001783431,-5.745931191283978,0.0001783431,-0.09817425386221094,0.0001783431,-3.853703168294047e-05
0.0001825183,263882.8402289232,0.0001825183,-1.042368844259293e-16,0.0001825183,2.900722520266948e-11,0.0001825183,5.415565141376557e-12,0.0001825183,-5.739139031138048,0.0001825183,-0.09804740186553644,0.0001825183,-3.865029030372341e-05
0.0001867914,263440.2093009137,0.0001867914,-1.032542565132982e-16,0.0001867914,2.892296349316665e-11,0.0001867914,5.397760255455374e-12,0.0001867914,-5.732199132831236,0.0001867914,-0.09791796688326335,0.0001867914,-3.876640689358857e-05
0.0001911644,263033.3261995478,0.0001911644,-1.023587148234569e-16,0.0001911644,2.884561654687656e-11,0.0001911644,5.381428262028609e-12,0.0001911644,-5.725815761072539,0.0001911644,-0.09779903608698977,0.0001911644,-3.887358990089204e-05
0.0001956398,262615.2302059355,0.0001956398,-1.01446730481583e-16,0.0001956398,2.876625218601201e-11,0.0001956398,5.364682722540681e-12,0.0001956398,-5.719251039846864,0.0001956398,-0.09767688624740475,0.0001956398,-3.898416927973793e-05
0.00020022,262201.7623268579,0.00020022,-1.005527550015831e-16,0.00020022,2.868787783076553e-11,0.00020022,5.348158140507345e-12,0.00020022,-5.712754060244833,0.00020022,-0.09755614220571161,0.00020022,-3.909397001646997e-05
0.0002049075,261792.5669315808,0.0002049075,-9.967569193398529e-17,0.0002049075,2.861042211303899e-11,0.0002049075,5.331839011686007e-12,0.0002049075,-5.706319354925664,0.0002049075,-0.0974366971503372,0.0002049075,-3.92030750905973e-05
0.0002097046,261387.2436940088,0.0002097046,-9.881438523970151e-17,0.0002097046,2.853380566622276e-11,0.0002097046,5.315708198664917e-12,0.0002097046,-5.69994073566316,0.0002097046,-0.09731843151508096,0.0002097046,-3.931158098057502e-05
0.0002146141,260985.3473770679,0.0002146141,-9.796762125216918e-17,0.0002146141,2.8457941127941e-11,0.0002146141,5.2997469358231e-12,0.0002146141,-5.693611287434129,0.0002146141,-0.09720121292326259,0.0002146141,-3.941959794910365e-05
0.0002196385,260591.8091619913,0.0002196385,-9.714536681217848e-17,0.0002196385,2.838375411879813e-11,0.0002196385,5.284149361082992e-12,0.0002196385,-5.687408957039648,0.0002196385,-0.09708647589540902,0.0002196385,-3.952578481368824e-05
0.0002247806,260206.4722437105,0.0002247806,-9.634681491482893e-17,0.0002247806,2.831120863433654e-11,0.0002247806,5.268907189359062e-12,0.0002247806,-5.681331497707596,0.0002247806,-0.09697417112702342,0.0002247806,-3.963016029881599e-05
0.000230043,259813.0151058438,0.000230043,-9.553822179151681e-17,0.000230043,2.823723273432291e-11,0.000230043,5.253375110457916e-12,0.000230043,-5.675121074786896,0.000230043,-0.09685954262486662,0.000230043,-3.97371470200825e-05
0.0002354286,259411.2888251116,0.0002354286,-9.471964302156504e-17,0.0002354286,2.816180425596217e-11,0.0002354286,5.237549078694803e-12,0.0002354286,-5.668774994769905,0.0002354286,-0.09674254848284047,0.0002354286,-3.984681420462977e-05
0.0002409404,259058.6273541051,0.0002409404,-9.400623010652746e-17,0.0002409404,2.809566815561769e-11,0.0002409404,5.223681115599198e-12,0.0002409404,-5.663201354558783,0.0002409404,-0.09663987105356567,0.0002409404,-3.994345230571217e-05
0.0002465811,258683.3259931366,0.0002465811,-9.325313044864263e-17,0.0002465811,2.802537494295113e-11,0.0002465811,5.208951096865587e-12,0.0002465811,-5.657264855365978,0.0002465811,-0.09653064030727788,0.0002465811,-4.004666702995208e-05
0.0002523539,258311.3083326618,0.0002523539,-9.251245968727477e-17,0.0002523539,2.795578399872113e-11,0.0002523539,5.194377591666551e-12,0.0002523539,-5.6513760534146,0.0002523539,-0.09642239908716546,0.0002523539,-4.014936195275139e-05
0.0002582619,257942.2969455504,0.0002582619,-9.178347013699543e-17,0.0002582619,2.788684097751305e-11,0.0002582619,5.179948936156239e-12,0.0002582619,-5.645530636930816,0.0002582619,-0.09631506497045224,0.0002582619,-4.025160620694614e-05
0.0002643081,257575.9802335203,0.0002643081,-9.10653687437046e-17,0.0002643081,2.781848545199635e-11,0.0002643081,5.165652227249597e-12,0.0002643081,-5.639723739275571,0.0002643081,-0.09620854575102702,0.0002643081,-4.035347956698745e-05
0.000270496,257212.0120832076,0.000270496,-9.03573180270585e-17,0.000270496,2.775065087997148e-11,0.000270496,5.151473318879386e-12,0.000270496,-5.633949931619359,0.000270496,-0.09610273934330081,0.000270496,-4.0455072715904e-05
0.0002768287,256853.9181197476,0.0002768287,-8.966592269381679e-17,0.0002768287,2.768399112448505e-11,0.0002768287,5.137548506340112e-12,0.0002768287,-5.628265340546962,0.0002768287,-0.09599866855933603,0.0002768287,-4.055539123359656e-05
0.0002833096,256505.2112530529,0.0002833096,-8.899757625103308e-17,0.0002833096,2.761915471129805e-11,0.0002833096,5.124012658531274e-12,0.0002833096,-5.62272601966165,0.0002833096,-0.09589735165304183,0.0002833096,-4.065342998827809e-05
0.0002899423,256149.1085892631,0.0002899423,-8.832016224747625e-17,0.0002899423,2.75530213211656e-11,0.0002899423,5.110214413542258e-12,0.0002899423,-5.617064969347165,0.0002899423,-0.09579391286964287,0.0002899423,-4.075390586917946e-05
0.0002967302,255785.471993343,0.0002967302,-8.763369761585511e-17,0.0002967302,2.748557001604077e-11,0.0002967302,5.096149890647976e-12,0.0002967302,-5.611279698956976,0.0002967302,-0.09568831293333747,0.0002967302,-4.08568827602455e-05
0.0003036771,255457.6491607583,0.0003036771,-8.701895833718676e-17,0.0003036771,2.742482873150036e-11,0.0003036771,5.083491447112362e-12,0.0003036771,-5.606061663554457,0.0003036771,-0.09559313183594081,0.0003036771,-4.095004642560231e-05
0.0003107866,255113.8713673525,0.0003107866,-8.637901596401137e-17,0.0003107866,2.736120351044801e-11,0.0003107866,5.070239778706563e-12,0.0003107866,-5.600585304173087,0.0003107866,-0.09549334245938625,0.0003107866,-4.104807847854135e-05
0.0003180626,254772.5427944423,0.0003180626,-8.574815944619058e-17,0.0003180626,2.729810295827766e-11,0.0003180626,5.057104962030542e-12,0.0003180626,-5.595144197125054,0.0003180626,-0.09539428555036568,0.0003180626,-4.114575337512645e-05
0.0003255089,254433.4644560867,0.0003255089,-8.512589423980463e-17,0.0003255089,2.723548864727548e-11,0.0003255089,5.044078808111345e-12,0.0003255089,-5.589735226912528,0.0003255089,-0.09529590229114628,0.0003255089,-4.124312287643071e-05
0.0003331295,254096.4105092334,0.0003331295,-8.45116897971675e-17,0.0003331295,2.717331738243804e-11,0.0003331295,5.031152157370327e-12,0.0003331295,-5.584354840059155,0.0003331295,-0.09519812615352533,0.0003331295,-4.1340247273216e-05
0.0003409285,253761.1278043773,0.0003409285,-8.390498011175442e-17,0.0003409285,2.711154114198445e-11,0.0003409285,5.018314869619032e-12,0.0003409285,-5.57899903648577,0.0003409285,-0.09510088277060803,0.0003409285,-4.143719564881785e-05
0.0003489101,253427.335557262,0.0003489101,-8.33051643708815e-17,0.0003489101,2.705010704038729e-11,0.0003489101,5.005555818742039e-12,0.0003489101,-5.573663362790874,0.0003489101,-0.0950040898432495,0.0003489101,-4.153404611073128e-05
0.0003570786,253101.5892351423,0.0003570786,-8.272377038583177e-17,0.0003570786,2.699021825110034e-11,0.0003570786,4.99312449431879e-12,0.0003570786,-5.56845289880942,0.0003570786,-0.09490964660785106,0.0003570786,-4.162888430827937e-05
0.0003654383,252779.3290213933,0.0003654383,-8.215246095128201e-17,0.0003654383,2.693103319422983e-11,0.0003654383,4.980845871045703e-12,0.0003654383,-5.563294741846315,0.0003654383,-0.09481622998402306,0.0003654383,-4.172302230806634e-05
0.0003739937,252450.20437296,0.0003739937,-8.157299368318864e-17,0.0003739937,2.687065232959351e-11,0.0003739937,4.968326044230418e-12,0.0003739937,-5.558022883399304,0.0003739937,-0.09472083987128128,0.0003739937,-4.181949009688082e-05
0.0003827494,252114.0855224233,0.0003827494,-8.098536410605868e-17,0.0003827494,2.680905581159784e-11,0.0003827494,4.955561305337838e-12,0.0003827494,-5.552634980975222,0.0003827494,-0.09462343905114708,0.0003827494,-4.191834826277817e-05
0.0003917101,251812.6349691559,0.0003917101,-8.046151447225924e-17,0.0003917101,2.67538676822139e-11,0.0003917101,4.94413020439165e-12,0.0003917101,-5.547800678651307,0.0003917101,-0.09453609521077011,0.0003917101,-4.200730524436789e-05
0.0004008806,251494.3547915994,0.0004008806,-7.991216160580704e-17,0.0004008806,2.669565871328238e-11,0.0004008806,4.932079843818199e-12,0.0004008806,-5.54269245021186,0.0004008806,-0.09444388962190903,0.0004008806,-4.210153148294181e-05
0.0004102658,251177.8499577181,0.0004102658,-7.936945799975945e-17,0.0004102658,2.663783417826999e-11,0.0004102658,4.920115339092656e-12,0.0004102658,-5.537609314176223,0.0004102658,-0.09435221111840487,0.0004102658,-4.21955429160452e-05
0.0004198707,250862.9681039312,0.0004198707,-7.883306044325851e-17,0.0004198707,2.658036515637413e-11,0.0004198707,4.908230579902955e-12,0.0004198707,-5.532548861488118,0.0004198707,-0.09426101488246091,0.0004198707,-4.228938138470424e-05
0.0004297005,250549.5349459413,0.0004297005,-7.830259694874951e-17,0.0004297005,2.652321885684397e-11,0.0004297005,4.896418669857165e-12,0.0004297005,-5.527508323583598,0.0004297005,-0.09417024979015245,0.0004297005,-4.238309587839148e-05
0.0004397604,250237.3538086442,0.0004397604,-7.777766688981275e-17,0.0004397604,2.646635855139818e-11,0.0004397604,4.88467191434067e-12,0.0004397604,-5.522484563655297,0.0004397604,-0.09407985827599623,0.0004397604,-4.247674278457668e-05
0.0004500558,249926.205203672,0.0004500558,-7.725784128511717e-17,0.0004500558,2.64097435156412e-11,0.0004500558,4.872981810254312e-12,0.0004500558,-5.517474068651278,0.0004500558,-0.09398977621098942,0.0004500558,-4.25703861277982e-05
0.0004605922,249617.4357258408,0.0004605922,-7.674528290981143e-17,0.0004605922,2.635361765089598e-11,0.0004605922,4.861398584503897e-12,0.0004605922,-5.512498598598262,0.0004605922,-0.0939003927805373,0.0004605922,-4.266361716773907e-05
0.0004713753,249318.9936548878,0.0004713753,-7.625291921236248e-17,0.0004713753,2.629942188615062e-11,0.0004713753,4.850219171690246e-12,0.0004713753,-5.507686595656711,0.0004713753,-0.09381400762397735,0.0004713753,-4.275401899393011e-05
0.0004824109,249014.166555537,0.0004824109,-7.575320909299205e-17,0.0004824109,2.624412094382537e-11,0.0004824109,4.838817484864937e-12,0.0004824109,-5.502768198797589,0.0004824109,-0.09372578328032632,0.0004824109,-4.284664945258458e-05
0.0004937048,248702.8323067368,0.0004937048,-7.524613342005649e-17,0.0004937048,2.618769602009241e-11,0.0004937048,4.82718998796015e-12,0.0004937048,-5.497741201316791,0.0004937048,-0.09363568448125748,0.0004937048,-4.29415660948457e-05
0.0005052631,248412.602651167,0.0005052631,-7.477617878482403e-17,0.0005052631,2.613514572317347e-11,0.0005052631,4.816365981545307e-12,0.0005052631,-5.493052632454569,0.0005052631,-0.09355169984246682,0.0005052631,-4.303033150694542e-05
0.000517092,248113.2468007719,0.000517092,-7.429449344529807e-17,0.000517092,2.608099513803178e-11,0.000517092,4.805217845965811e-12,0.000517092,-5.488213096748878,0.000517092,-0.09346508194038686,0.000517092,-4.312217493026068e-05
0.0005291979,247815.2354551552,0.0005291979,-7.381791858344372e-17,0.0005291979,2.602713952095965e-11,0.0005291979,4.794135807148205e-12,0.0005291979,-5.483392147160363,0.0005291979,-0.09337885985357251,0.0005291979,-4.321389677256524e-05
0.0005415871,247518.458110429,0.0005415871,-7.334622060854537e-17,0.0005415871,2.597355813662997e-11,0.0005415871,4.783115508472538e-12,0.0005415871,-5.47858802314838,0.0005415871,-0.09329300113680129,0.0005415871,-4.33055286836907e-05
0.0005542665,247222.7860854501,0.0005542665,-7.287914253872179e-17,0.0005542665,2.592022705532401e-11,0.0005542665,4.772151945748186e-12,0.0005542665,-5.47379866466059,0.0005542665,-0.09320746810718693,0.0005542665,-4.339710837232697e-05
0.0005672426,246928.0720079511,0.0005672426,-7.241640382773086e-17,0.0005672426,2.586711907462243e-11,0.0005672426,4.761239452558882e-12,0.0005672426,-5.469021702834543,0.0005672426,-0.09312221769533584,0.0005672426,-4.348867985607121e-05
0.0005805226,246634.1493300588,0.0005805226,-7.195770047190786e-17,0.0005805226,2.581420364676784e-11,0.0005805226,4.750371686802861e-12,0.0005805226,-5.464254451141912,0.0005805226,-0.09303720130474719,0.0005805226,-4.358029370619595e-05
0.0005941134,246340.8319337047,0.0005941134,-7.150270504899039e-17,0.0005941134,2.57614468225917e-11,0.0005941134,4.739541620664725e-12,0.0005941134,-5.459493897956821,0.0005941134,-0.09295236469695403,0.0005941134,-4.36720072683306e-05
0.0006080224,246051.9463936414,0.0006080224,-7.1057243043796e-17,0.0006080224,2.570953535660245e-11,0.0006080224,4.728890050566401e-12,0.0006080224,-5.454802315270698,0.0006080224,-0.09286881411489592,0.0006080224,-4.376261804675732e-05
0.0006222571,245768.6226748067,0.0006222571,-7.062290211398088e-17,0.0006222571,2.565866972686224e-11,0.0006222571,4.718457836067716e-12,0.0006222571,-5.450198205954794,0.0006222571,-0.09278687582533737,0.0006222571,-4.385175835683743e-05
0.000636825,245479.2247401483,0.000636825,-7.01819077272717e-17,0.000636825,2.56067614022005e-11,0.000636825,4.707816732707087e-12,0.000636825,-5.445492137074243,0.000636825,-0.09270318442807818,0.000636825,-4.394309118551019e-05
0.000651734,245183.6357517924,0.000651734,-6.973423444300536e-17,0.000651734,2.55537923955931e-11,0.000651734,4.696963351974733e-12,0.000651734,-5.44068198647687,0.000651734,-0.09261770595201756,0.000651734,-4.403667291624505e-05
0.000666992,244910.1141105898,0.000666992,-6.932222177070816e-17,0.000666992,2.550482115162509e-11,0.000666992,4.68693342205114e-12,0.000666992,-5.436228887970058,0.000666992,-0.09253861138440754,0.000666992,-4.4123535200953e-05
0.0006826072,244626.062798071,0.0006826072,-6.889690034315814e-17,0.0006826072,2.545401049722576e-11,0.0006826072,4.676531543759483e-12,0.0006826072,-5.431600954813711,0.0006826072,-0.09245647441214282,0.0006826072,-4.421401413798805e-05
0.000698588,244342.9877000943,0.000698588,-6.847550330852037e-17,0.000698588,2.540342015032366e-11,0.000698588,4.666179447343399e-12,0.000698588,-5.426985959293231,0.000698588,-0.09237462180213557,0.000698588,-4.430445991772419e-05
0.0007149429,244060.7983750392,0.0007149429,-6.805785714915992e-17,0.0007149429,2.53530334236093e-11,0.0007149429,4.655873655572031e-12,0.0007149429,-5.422382444344689,0.0007149429,-0.09229302706258476,0.0007149429,-4.439489999385046e-05
0.0007316807,243779.3886128057,0.0007316807,-6.764376883964214e-17,0.0007316807,2.530283087983589e-11,0.0007316807,4.645610135741942e-12,0.0007316807,-5.417788691325088,0.0007316807,-0.09221165915112418,0.0007316807,-4.448536724389007e-05
0.0007488104,243498.6359249454,0.0007488104,-6.723302571229237e-17,0.0007488104,2.525279025276601e-11,0.0007488104,4.635384284700193e-12,0.0007488104,-5.413202710840008,0.0007488104,-0.09213048232641845,0.0007488104,-4.457590021330109e-05
0.0007663411,243218.4010921346,0.0007663411,-6.682539539568524e-17,0.0007663411,2.520288637872394e-11,0.0007663411,4.625190916066436e-12,0.0007663411,-5.408622234474223,0.0007663411,-0.09204945601611109,0.0007663411,-4.466654334490634e-05
0.0007842822,242938.5277227432,0.0007842822,-6.642062577012372e-17,0.0007842822,2.51530911304993e-11,0.0007842822,4.615024247965718e-12,0.0007842822,-5.404044706670516,0.0007842822,-0.09196853468774245,0.0007842822,-4.475734720856501e-05
0.0008026434,242661.0952159761,0.0008026434,-6.602166384126312e-17,0.0008026434,2.510377367694526e-11,0.0008026434,4.604959552918018e-12,0.0008026434,-5.399504228648067,0.0008026434,-0.09188831928231148,0.0008026434,-4.48476342546505e-05
0.0008214344,242390.8590243617,0.0008214344,-6.563519548451417e-17,0.0008214344,2.505577693049742e-11,0.0008214344,4.595168576218711e-12,0.0008214344,-5.395078878960199,0.0008214344,-0.09181018453529302,0.0008214344,-4.493584386665927e-05
0.0008406653,242114.8182637056,0.0008406653,-6.524267496517158e-17,0.0008406653,2.500679185010873e-11,0.0008406653,4.585180356391816e-12,0.0008406653,-5.390555388339207,0.0008406653,-0.09173037097438608,0.0008406653,-4.502621901958729e-05
0.0008603464,241832.860718636,0.0008603464,-6.484407295273762e-17,0.0008603464,2.495680118422045e-11,0.0008603464,4.574991640599782e-12,0.0008603464,-5.385931707681638,0.0008603464,-0.09164884577378062,0.0008603464,-4.511881521225577e-05
0.0008804884,241544.8725903677,0.0008804884,-6.443936294547125e-17,0.0008804884,2.490578752112048e-11,0.0008804884,4.564599154680001e-12,0.0008804884,-5.381205750960425,0.0008804884,-0.09156557560411338,0.0008804884,-4.521368947347219e-05
0.0009011018,241295.9284037683,0.0009011018,-6.409115535266603e-17,0.0009011018,2.486172583675493e-11,0.0009011018,4.555626284102564e-12,0.0009011018,-5.377119411179565,0.0009011018,-0.09149359465859909,0.0009011018,-4.529594404098799e-05
0.0009221979,241024.0393136966,0.0009221979,-6.371308173232592e-17,0.0009221979,2.481364371225135e-11,0.0009221979,4.545838983211017e-12,0.0009221979,-5.372652659808248,0.0009221979,-0.09141497714140909,0.0009221979,-4.538603926270191e-05
0.0009437878,240752.8061566843,0.0009437878,-6.333801143020143e-17,0.0009437878,2.476571865914739e-11,0.0009437878,4.536087804893823e-12,0.0009437878,-5.368193840608228,0.0009437878,-0.09133654750814053,0.0009437878,-4.547618774334883e-05
0.0009658832,240482.1423317276,0.0009658832,-6.296579880981195e-17,0.0009658832,2.471793503930385e-11,0.0009658832,4.526369525565289e-12,0.0009658832,-5.363741538420348,0.0009658832,-0.09125828045617491,0.0009658832,-4.556641765926011e-05
0.0009884958999999999,240211.9468352637,0.0009884958999999999,-6.259628156698933e-17,0.0009884958999999999,2.467027472944766e-11,0.0009884958999999999,4.516680422204789e-12,0.0009884958999999999,-5.359294097001301,0.0009884958999999999,-0.09118014651863512,0.0009884958999999999,-4.565676235142925e-05
0.001011638,239942.1038005252,0.001011638,-6.222928057608358e-17,0.001011638,2.462271705031157e-11,0.001011638,4.507016258971486e-12,0.001011638,-5.354849610657754,0.001011638,-0.09110211192944852,0.001011638,-4.574726055505035e-05
0.001035322,239672.4820709847,0.001035322,-6.186459982659133e-17,0.001035322,2.45752387021529e-11,0.001035322,4.497372275146013e-12,0.001035322,-5.350405916409113,0.001035322,-0.09102413849804236,0.001035322,-4.583795662141511e-05
0.00105956,239402.9347666929,0.00105956,-6.150202634410325e-17,0.00105956,2.452781369940145e-11,0.00105956,4.487743172926683e-12,0.00105956,-5.345960585999318,0.00105956,-0.09094618348175022,0.00105956,-4.592890074612132e-05
0.001084366,239141.8904015157,0.001084366,-6.115275042610161e-17,0.001084366,2.448192282193992e-11,0.001084366,4.478429340803693e-12,0.001084366,-5.34165297701533,0.001084366,-0.09087068464448513,0.001084366,-4.601723731317091e-05
0.001109752,238877.1722403422,0.001109752,-6.080048580120055e-17,0.001109752,2.443542466586132e-11,0.001109752,4.468996153584711e-12,0.001109752,-5.337281840762251,0.001109752,-0.09079411963782748,0.001109752,-4.610708104289426e-05
0.001135733,238606.770787329,0.001135733,-6.044266061481566e-17,0.001135733,2.438796831273273e-11,0.001135733,4.459372630832499e-12,0.001135733,-5.332813769636334,0.001135733,-0.09071590668626481,0.001135733,-4.619912936033249e-05
0.001162322,238330.5762665294,0.001162322,-6.007924587765224e-17,0.001162322,2.433953700542856e-11,0.001162322,4.449555620686568e-12,0.001162322,-5.328246739971981,0.001162322,-0.09063601345263861,0.001162322,-4.629343871233951e-05
0.001189534,238083.7426245507,0.001189534,-5.975598817521216e-17,0.001189534,2.429628870691452e-11,0.001189534,4.440792436375269e-12,0.001189534,-5.324163815163556,0.001189534,-0.09056461105201663,0.001189534,-4.637796972905227e-05
0.001217383,237820.32927708,0.001217383,-5.941294888035241e-17,0.001217383,2.42501730028638e-11,0.001217383,4.431452140150551e-12,0.001217383,-5.31980316516228,0.001217383,-0.09048840717964163,0.001217383,-4.646843864614766e-05
0.001245883,237557.4141195642,0.001245883,-5.90723931809357e-17,0.001245883,2.42041824599665e-11,0.001245883,4.422140977229368e-12,0.001245883,-5.315447991572681,0.001245883,-0.09041234277979934,0.001245883,-4.655900471463062e-05
0.001275051,237294.9268493076,0.001275051,-5.873421044952046e-17,0.001275051,2.415830453179133e-11,0.001275051,4.41285637561437e-12,0.001275051,-5.311097134717866,0.001275051,-0.09033639729502972,0.001275051,-4.664969192739112e-05
0.001304902,237032.7842798443,0.001304902,-5.83982757626217e-17,0.001304902,2.411252446464199e-11,0.001304902,4.403595321201606e-12,0.001304902,-5.306749217889474,0.001304902,-0.09026054643651214,0.001304902,-4.674052903354297e-05
0.001335452,236770.8898060321,0.001335452,-5.806444965052111e-17,0.001335452,2.406682521314933e-11,0.001335452,4.394354341580877e-12,0.001335452,-5.302402637764724,0.001335452,-0.09018476202718391,0.001335452,-4.683154979320594e-05
0.001366716,236509.1330126953,0.001366716,-5.77325779527278e-17,0.001366716,2.402118738131323e-11,0.001366716,4.385129495016402e-12,0.001366716,-5.298055557170471,0.001366716,-0.09010901188616875,0.001366716,-4.69227931864497e-05
0.001398713,236247.3892176787,0.001398713,-5.74024917444317e-17,0.001398713,2.39755891524546e-11,0.001398713,4.375916357214249e-12,0.001398713,-5.293705896726383,0.001398713,-0.09003325969399713,0.001398713,-4.701430364881714e-05
0.001431459,235990.017323807,0.001431459,-5.707961340511084e-17,0.001431459,2.393078882285471e-11,0.001431459,4.366868005393456e-12,0.001431459,-5.289426283570166,0.001431459,-0.08995876713744233,0.001431459,-4.710455148597312e-05
0.001464971,235734.6787533667,0.001464971,-5.676095249381851e-17,0.001464971,2.388637799535458e-11,0.001464971,4.357901835162498e-12,0.001464971,-5.285177828500311,0.001464971,-0.08988485717632223,0.001464971,-4.719434808250262e-05
0.001499268,235473.8515539415,0.001499268,-5.643718595048475e-17,0.001499268,2.38410492222856e-11,0.001499268,4.348754005883889e-12,0.001499268,-5.280835068596923,0.001499268,-0.08980935167639573,0.001499268,-4.728634551972038e-05
0.001534368,235207.4293778897,0.001534368,-5.610828367270957e-17,0.001534368,2.37947863272424e-11,0.001534368,4.339421476540063e-12,0.001534368,-5.276396031177945,0.001534368,-0.08973221913423948,0.001534368,-4.738060002279399e-05
0.00157029,234961.1829092925,0.00157029,-5.580573467693479e-17,0.00157029,2.375206048926821e-11,0.00157029,4.330805624633067e-12,0.00157029,-5.272291426723901,0.00157029,-0.08966092312824939,0.00157029,-4.74679716245787e-05
0.001607053,234704.248474607,0.001607053,-5.549175381257414e-17,0.001607053,2.370751549826456e-11,0.001607053,4.32182650937982e-12,0.001607053,-5.268005454044643,0.001607053,-0.08958652474007425,0.001607053,-4.755939915833678e-05
0.001644676,234447.6989162376,0.001644676,-5.51798789769151e-17,0.001644676,2.366307281879254e-11,0.001644676,4.312871517168227e-12,0.001644676,-5.263723171776363,0.001644676,-0.08951223069043178,0.001644676,-4.765095898924862e-05
0.00168318,234191.4770639379,0.00168318,-5.487002535976483e-17,0.00168318,2.361872235801312e-11,0.00168318,4.303938589150518e-12,0.00168318,-5.259443628032411,0.00168318,-0.08943802423264578,0.00168318,-4.77426715818123e-05
0.001722586,233935.5139720425,0.001722586,-5.456209558624957e-17,0.001722586,2.357445201984845e-11,0.001722586,4.29502526656005e-12,0.001722586,-5.255165671317402,0.001722586,-0.08936388520361749,0.001722586,-4.78345618740412e-05
0.001762914,233679.7284790208,0.001762914,-5.425597961640352e-17,0.001762914,2.353024763678563e-11,0.001762914,4.28612867774861e-12,0.001762914,-5.25088794250767,0.001762914,-0.08928978989384553,0.001762914,-4.792665950079229e-05
0.001804186,233424.0267667086,0.001804186,-5.395155456290108e-17,0.001804186,2.348609290196678e-11,0.001804186,4.277245525309862e-12,0.001804186,-5.246608866794746,0.001804186,-0.08921571091712954,0.001804186,-4.801899902090911e-05
0.001846425,233168.301919595,0.001846425,-5.364868447965395e-17,0.001846425,2.344196930164775e-11,0.001846425,4.26837207330682e-12,0.001846425,-5.242326645596767,0.001846425,-0.08914161708005579,0.001846425,-4.811162014824013e-05
0.001889652,232912.4335613151,0.001889652,-5.334722036947202e-17,0.001889652,2.339785606134278e-11,0.001889652,4.259504137281723e-12,0.001889652,-5.238039249729031,0.001889652,-0.08906747327361021,0.001889652,-4.820456795869806e-05
0.001933892,232664.6435770337,0.001933892,-5.305673306054271e-17,0.001933892,2.335516891752445e-11,0.001933892,4.250926092884405e-12,0.001933892,-5.233884812565932,0.001933892,-0.08899566279244694,0.001933892,-4.829484389287918e-05
0.001979167,232411.5243417262,0.001979167,-5.27615393792551e-17,0.001979167,2.331159773798508e-11,0.001979167,4.242173758638316e-12,0.001979167,-5.229638117574399,0.001979167,-0.0889222988150392,0.001979167,-4.838733008953197e-05
0.002025502,232152.971086259,0.002025502,-5.246160760218203e-17,0.002025502,2.326712663396239e-11,0.002025502,4.233244148322949e-12,0.002025502,-5.225297210386318,0.002025502,-0.08884735014082457,0.002025502,-4.848208339981904e-05
0.002072922,231888.8787933786,0.002072922,-5.215690939428538e-17,0.002072922,2.322173977324311e-11,0.002072922,4.224134296036708e-12,0.002072922,-5.220860122331392,0.002072922,-0.08877078543731241,0.002072922,-4.857916176614243e-05
0.002121452,231655.4155436317,0.002121452,-5.188871785727981e-17,0.002121452,2.318164726017966e-11,0.002121452,4.216089802863794e-12,0.002121452,-5.216936516378929,0.002121452,-0.08870309595166798,0.002121452,-4.86652282410557e-05
0.002171118,231403.7685236965,0.002171118,-5.160119455207074e-17,0.002171118,2.313846498097533e-11,0.002171118,4.207428723978884e-12,0.002171118,-5.212703751029534,0.002171118,-0.08863012279562753,0.002171118,-4.875826255290057e-05
0.002221947,231152.3743264255,0.002221947,-5.131542611646482e-17,0.002221947,2.309535975669499e-11,0.002221947,4.198786361318849e-12,0.002221947,-5.20847252262812,0.002221947,-0.08855721347318707,0.002221947,-4.885147696474874e-05
0.002273966,230901.1750421959,0.002273966,-5.103133545011485e-17,0.002273966,2.30523215333185e-11,0.002273966,4.190160680884726e-12,0.002273966,-5.204241855017125,0.002273966,-0.08848435101063619,0.002273966,-4.8944893412474e-05
0.002327202,230650.1014546668,0.002327202,-5.074883415405417e-17,0.002327202,2.30093383534177e-11,0.002327202,4.181549270570507e-12,0.002327202,-5.200010578598439,0.002327202,-0.08841151514503059,0.002327202,-4.903853831036476e-05
0.002381686,230399.0726146519,0.002381686,-5.046782249737563e-17,0.002381686,2.296639629066276e-11,0.002381686,4.172949327747873e-12,0.002381686,-5.195777322507027,0.002381686,-0.08833868219770395,0.002381686,-4.91324427755214e-05
0.002437444,230147.9954008521,0.002437444,-5.01881891444891e-17,0.002437444,2.292347938242041e-11,0.002437444,4.164357646496714e-12,0.002437444,-5.19154050653098,0.002437444,-0.08826582494373122,0.002437444,-4.922664286101478e-05
0.002494508,229896.7641276238,0.002494508,-4.990981105702622e-17,0.002494508,2.288056957074639e-11,0.002494508,4.155770606545322e-12,0.002494508,-5.187298333791689,0.002494508,-0.08819291249479201,0.002494508,-4.932117977543789e-05
0.002552908,229650.697671129,0.002552908,-4.963850959483717e-17,0.002552908,2.283857423545005e-11,0.002552908,4.147369649035132e-12,0.002552908,-5.183140863695936,0.002552908,-0.08812148915667183,0.002552908,-4.941404463994912e-05
0.002612675,229403.537776708,0.002612675,-4.936737575966747e-17,0.002612675,2.279642453761887e-11,0.002612675,4.138940923987349e-12,0.002612675,-5.178962176096578,0.002612675,-0.08804973772857468,0.002612675,-4.950759416321108e-05
0.002673842,229151.0700463972,0.002673842,-4.909185267064579e-17,0.002673842,2.275340303500156e-11,0.002673842,4.130341108409981e-12,0.002673842,-5.174690750450313,0.002673842,-0.0879764336351174,0.002673842,-4.960343564530712e-05
0.00273644,228893.1918059165,0.00273644,-4.881191234481635e-17,0.00273644,2.270949433533036e-11,0.00273644,4.121567323784153e-12,0.00273644,-5.170324647457713,0.00273644,-0.08790154606251838,0.00273644,-4.970162760338625e-05
0.002800504,228658.5654374627,0.002800504,-4.855834368772737e-17,0.002800504,2.266957491584696e-11,0.002800504,4.113593354950014e-12,0.002800504,-5.166350774240799,0.002800504,-0.08783340395129521,0.002800504,-4.979122503247155e-05
0.002866068,228410.7145472125,0.002866068,-4.829188516960135e-17,0.002866068,2.262743713042735e-11,0.002866068,4.105179425106808e-12,0.002866068,-5.162149555515734,0.002866068,-0.0877614077082325,0.002866068,-4.988614523906798e-05
0.002933166,228163.0577188139,0.002933166,-4.802697265296635e-17,0.002933166,2.258536462413313e-11,0.002933166,4.096781611785467e-12,0.002933166,-5.157948908239024,0.002933166,-0.08768945635374324,0.002933166,-4.998127078986886e-05
0.003001836,227915.5451533001,0.003001836,-4.776354354257072e-17,0.003001836,2.254334884085217e-11,0.003001836,4.088398192075608e-12,0.003001836,-5.153747984993276,0.003001836,-0.08761753525147417,0.003001836,-5.007662145772727e-05
0.003072113,227668.1164700842,0.003072113,-4.750152521252291e-17,0.003072113,2.250137945660204e-11,0.003072113,4.080027093122494e-12,0.003072113,-5.149545756070889,0.003072113,-0.08754562667966122,0.003072113,-5.017222133918095e-05
0.003144035,227420.7002418201,0.003144035,-4.724083482154401e-17,0.003144035,2.245944430747389e-11,0.003144035,4.071665878394514e-12,0.003144035,-5.145341000958354,0.003144035,-0.08747370969284438,0.003144035,-5.026809909781719e-05
0.003217642,227173.2135999053,0.003217642,-4.698137914284085e-17,0.003217642,2.241752932989533e-11,0.003217642,4.063311736435381e-12,0.003217642,-5.141132300987685,0.003217642,-0.08740176000386447,0.003217642,-5.036428818430453e-05
0.003292971,226925.5618107843,0.003292971,-4.672305443792492e-17,0.003292971,2.237561849627222e-11,0.003292971,4.054961468721498e-12,0.003292971,-5.136918031459683,0.003292971,-0.08732974985712298,0.003292971,-5.046082707168973e-05
0.003370064,226680.8396137036,0.003370064,-4.646904770994539e-17,0.003370064,2.233423496162841e-11,0.003370064,4.046719226949954e-12,0.003370064,-5.132751002361541,0.003370064,-0.08725857953293889,0.003370064,-5.055650560907401e-05
0.003448962,226437.9988804224,0.003448962,-4.621823523436999e-17,0.003448962,2.229320054047616e-11,0.003448962,4.038549439164185e-12,0.003448962,-5.128613375798206,0.003448962,-0.0871879441769694,0.003448962,-5.065172663427179e-05
0.003529707,226189.9439247581,0.003529707,-4.596334000661272e-17,0.003529707,2.225131686596539e-11,0.003529707,4.03021362115859e-12,0.003529707,-5.124383917440624,0.003529707,-0.0871157784090817,0.003529707,-5.074928004835433e-05
0.003612343,225936.5739151174,0.003612343,-4.570433498716569e-17,0.003612343,2.220856892260826e-11,0.003612343,4.021708971314636e-12,0.003612343,-5.120060706913227,0.003612343,-0.08704205178164896,0.003612343,-5.084922537177004e-05
0.003696913,225702.1330118091,0.003696913,-4.546575359041654e-17,0.003696913,2.216904439799016e-11,0.003696913,4.013848240709846e-12,0.003696913,-5.116058839711378,0.003696913,-0.08697382440740688,0.003696913,-5.094197393673448e-05
0.003783463,225457.2352928442,0.003783463,-4.521781062810192e-17,0.003783463,2.212778758022842e-11,0.003783463,4.005645983250593e-12,0.003783463,-5.111875207172133,0.003783463,-0.08690253869604435,0.003783463,-5.10391413136131e-05
0.003872039,225212.4834778677,0.003872039,-4.49712448844933e-17,0.003872039,2.208658653732135e-11,0.003872039,3.997457747460144e-12,0.003872039,-5.107691332410038,0.003872039,-0.08683128208213615,0.003872039,-5.11365385083428e-05
0.003962689,224967.8332582827,0.003962689,-4.472600391317816e-17,0.003962689,2.204543373701231e-11,0.003962689,3.98928202377444e-12,0.003962689,-5.103506454103004,0.003962689,-0.08676004150342435,0.003962689,-5.123418397107118e-05
0.004055461,224723.2302501164,0.004055461,-4.448202618711449e-17,0.004055461,2.200431997700666e-11,0.004055461,3.9811169732567e-12,0.004055461,-5.099319636095302,0.004055461,-0.08668880095219796,0.004055461,-5.133210040508301e-05
0.004150405,224478.6095652883,0.004150405,-4.42392409699186e-17,0.004150405,2.196323431930012e-11,0.004150405,3.972960415144691e-12,0.004150405,-5.095129759460938,0.004150405,-0.08661754134707594,0.004150405,-5.143031500147757e-05
0.004247572,224233.895397571,0.004247572,-4.399756808566191e-17,0.004247572,2.192216402729838e-11,0.004247572,3.964809814978388e-12,0.004247572,-5.090935514786333,0.004247572,-0.08654624040881374,0.004247572,-5.152885967195005e-05
0.004347013,223989.0006257662,0.004347013,-4.375691783576116e-17,0.004347013,2.188109450614963e-11,0.004347013,3.956662273391183e-12,0.004347013,-5.086735394715832,0.004347013,-0.08647487254086424,0.004347013,-5.162777127871298e-05
0.004448783,223745.9997876732,0.004448783,-4.351930199145541e-17,0.004448783,2.184037331363389e-11,0.004448783,3.948586687472737e-12,0.004448783,-5.082565078327965,0.004448783,-0.08640404260176857,0.004448783,-5.172620992881711e-05
0.004552935,223505.9312201436,0.004552935,-4.328569388571744e-17,0.004552935,2.180017351965713e-11,0.004552935,3.940617284150944e-12,0.004552935,-5.078442474312028,0.004552935,-0.0863340535668377,0.004552935,-5.182374753825835e-05
0.004659526,223260.7114438092,0.004659526,-4.304827296145277e-17,0.004659526,2.175914191383101e-11,0.004659526,3.932485887271028e-12,0.004659526,-5.074228396892237,0.004659526,-0.08626254706207899,0.004659526,-5.19236744490456e-05
0.004768612,223010.2409894328,0.004768612,-4.280701352680397e-17,0.004768612,2.171726379672446e-11,0.004768612,3.924189761869281e-12,0.004768612,-5.069920934325413,0.004768612,-0.08618949285408369,0.004768612,-5.202605164207449e-05
0.004880252,222777.2801076021,0.004880252,-4.258362056701259e-17,0.004880252,2.167834238752391e-11,0.004880252,3.916481895368275e-12,0.004880252,-5.065912892710218,0.004880252,-0.0861215353706485,0.004880252,-5.212155198100861e-05
0.004994505,222534.6888777224,0.004994505,-4.235217452064827e-17,0.004994505,2.163784173750719e-11,0.004994505,3.908464144465978e-12,0.004994505,-5.061735885308763,0.004994505,-0.08605075143262109,0.004994505,-5.222129220195134e-05
0.005111433,222292.2023103529,0.005111433,-4.212196563391024e-17,0.005111433,2.159738888803381e-11,0.005111433,3.900458663864687e-12,0.005111433,-5.057557917270155,0.005111433,-0.08597998284563819,0.005111433,-5.232128689080789e-05
0.005231099,222049.7791607074,0.005231099,-4.189294815636029e-17,0.005231099,2.155697690411079e-11,0.005231099,3.892464070568659e-12,0.005231099,-5.053378272939733,0.005231099,-0.08590921741267878,0.005231099,-5.24215540483314e-05
0.005353567,221807.3684769294,0.005353567,-4.166506807502839e-17,0.005353567,2.151659725516949e-11,0.005353567,3.884478668102079e-12,0.005353567,-5.04919606690619,0.005353567,-0.0858384400904742,0.005353567,-5.252211591759939e-05
0.005478901,221564.9091651686,0.005478901,-4.143826290618252e-17,0.005478901,2.147623974868238e-11,0.005478901,3.876500433932349e-12,0.005478901,-5.045010235908816,0.005478901,-0.08576763285891008,0.005478901,-5.262299922794528e-05
0.00560717,221322.3295960936,0.00560717,-4.121246158911544e-17,0.00560717,2.143589247099759e-11,0.00560717,3.86852700834591e-12,0.00560717,-5.040819531427331,0.00560717,-0.08569677460225966,0.00560717,-5.272423542580598e-05
0.005738442,221079.5471925077,0.005738442,-4.098758429820206e-17,0.005738442,2.139554172534214e-11,0.005738442,3.860555682789058e-12,0.005738442,-5.036622511913396,0.005738442,-0.08562584098462724,0.005738442,-5.282586091759413e-05
0.005872787,220839.0061818923,0.005872787,-4.076586632163642e-17,0.005872787,2.135559335960322e-11,0.005872787,3.852666573902215e-12,0.005872787,-5.032461554725225,0.005872787,-0.08555554660260392,0.005872787,-5.292684980572187e-05
0.006010277,220600.2379200281,0.006010277,-4.054684798645689e-17,0.006010277,2.131596877252766e-11,0.006010277,3.844844091552951e-12,0.006010277,-5.02832856962152,0.006010277,-0.08548575453487214,0.006010277,-5.302739274069753e-05
0.006150986,220356.3525167339,0.006150986,-4.032425530429305e-17,0.006150986,2.127552510339485e-11,0.006150986,3.836862717304302e-12,0.006150986,-5.02410393634297,0.006150986,-0.08541444899560736,0.006150986,-5.313039948322834e-05
0.006294989,220107.2514369593,0.006294989,-4.009806419473694e-17,0.006294989,2.12342479166011e-11,0.006294989,3.828719774114653e-12,0.006294989,-5.019785742159797,0.006294989,-0.08534159982391055,0.006294989,-5.32359329542324e-05
0.006442364,219877.2110392196,0.006442364,-3.989009415147413e-17,0.006442364,2.119615760061714e-11,0.006442364,3.821207919570772e-12,0.006442364,-5.015796373436568,0.006442364,-0.08527431405442051,0.006442364,-5.333367936916136e-05
0.006593188,219636.4265132367,0.006593188,-3.967351384734163e-17,0.006593188,2.115631713081171e-11,0.006593188,3.813353671620936e-12,0.006593188,-5.011617281941695,0.006593188,-0.08520386613958951,0.006593188,-5.343629385992139e-05
0.006747544,219395.7093109478,0.006747544,-3.945805131608088e-17,0.006747544,2.111651743244112e-11,0.006747544,3.805510160781965e-12,0.006747544,-5.007436559049235,0.006747544,-0.08513342096913876,0.006747544,-5.353918857347809e-05
0.006905514,219155.0189946517,0.006905514,-3.924366478901088e-17,0.006905514,2.107675178231766e-11,0.006905514,3.797676053259953e-12,0.006905514,-5.003253496230527,0.006905514,-0.08506296654827952,0.006905514,-5.364238197376443e-05
0.007067181,218914.3056262586,0.007067181,-3.903030485141128e-17,0.007067181,2.103701190937133e-11,0.007067181,3.789849712368531e-12,0.007067181,-4.99906721743223,0.007067181,-0.08499248808708881,0.007067181,-5.374589683262928e-05
0.007232634,218673.5093592643,0.007232634,-3.881791429812707e-17,0.007232634,2.099728793314186e-11,0.007232634,3.782029186938974e-12,0.007232634,-4.994876671390753,0.007232634,-0.08492196787713142,0.007232634,-5.384976047043393e-05
0.00740196,218432.5600304521,0.00740196,-3.860642798231162e-17,0.00740196,2.095756830253392e-11,0.00740196,3.774212199806191e-12,0.00740196,-4.99068062390988,0.00740196,-0.08485138516772518,0.00740196,-5.395400500099709e-05
0.00757525,218191.3767817453,0.00757525,-3.839577267528032e-17,0.00757525,2.091783973985478e-11,0.00757525,3.766396137358671e-12,0.00757525,-4.986477650630421,0.00757525,-0.08478071605074863,0.00757525,-5.405866756785675e-05
0.007752597,217953.8461898935,0.007752597,-3.818930231886577e-17,0.007752597,2.087874185550103e-11,0.007752597,3.758706745689319e-12,0.007752597,-4.982335689864241,0.007752597,-0.08471110032306869,0.007752597,-5.416205573913434e-05
0.007934096999999999,217714.9624780666,0.007934096999999999,-3.798266819241872e-17,0.007934096999999999,2.083945018458e-11,0.007934096999999999,3.750981870710201e-12,0.007934096999999999,-4.978167244169724,0.007934096999999999,-0.08464106977739069,0.007934096999999999,-5.426634596276388e-05
0.008119845000000001,217470.9681174477,0.008119845000000001,-3.777267122799005e-17,0.008119845000000001,2.079934779787361e-11,0.008119845000000001,3.743100348554108e-12,0.008119845000000001,-4.973906451808952,0.008119845000000001,-0.08456952108870425,0.008119845000000001,-5.437319347369158e-05
0.008309942000000001,217221.7651000042,0.008309942000000001,-3.755928921210815e-17,0.008309942000000001,2.07584204751871e-11,0.008309942000000001,3.735059552008764e-12,0.008309942000000001,-4.969551389542286,0.008309942000000001,-0.08449642402799756,0.008309942000000001,-5.448266365597897e-05
0.008504489,216996.6796061579,0.008504489,-3.736736566468036e-17,0.008504489,2.072148160696649e-11,0.008504489,3.727804570329062e-12,0.008504489,-4.965616542835028,0.008504489,-0.08443039110249645,0.008504489,-5.458183226360613e-05
0.008703591,216757.311614184,0.008703591,-3.716430644877852e-17,0.008703591,2.068222676555235e-11,0.008703591,3.720097395984864e-12,0.008703591,-4.96142834021412,0.008703591,-0.08436014547521593,0.008703591,-5.468760750211109e-05
0.008907355,216517.9744960707,0.008907355,-3.696226010003186e-17,0.008907355,2.064300606079301e-11,0.008907355,3.712399528815642e-12,0.008907355,-4.957237833242674,0.008907355,-0.0842898902214938,0.008907355,-5.479369098271071e-05
0.009115888000000001,216278.6264286327,0.009115888000000001,-3.676118662321119e-17,0.009115888000000001,2.060381261803168e-11,0.009115888000000001,3.704709612335244e-12,0.009115888000000001,-4.953044282057491,0.009115888000000001,-0.08421961289926803,0.009115888000000001,-5.490010263180849e-05
0.009329304,216039.2161715167,0.009329304,-3.65610389224359e-17,0.009329304,2.056463804256537e-11,0.009329304,3.697025993859307e-12,0.009329304,-4.948846779256176,0.009329304,-0.08414929828502694,0.009329304,-5.500686681751042e-05
0.009547715999999999,215799.6826672142,0.009547715999999999,-3.636176260953175e-17,0.009547715999999999,2.05254723599354e-11,0.009547715999999999,3.689346713298175e-12,0.009547715999999999,-4.944644242286298,0.009547715999999999,-0.08407892825207593,0.009547715999999999,-5.511401259592504e-05
0.009771241999999999,215559.9546517258,0.009771241999999999,-3.616329594176523e-17,0.009771241999999999,2.048630395826107e-11,0.009771241999999999,3.681669492373537e-12,0.009771241999999999,-4.940435405989121,0.009771241999999999,-0.08400848165164168,0.009771241999999999,-5.522157395709234e-05
0.01,215320.4841246558,0.01,-3.596600645105092e-17,0.01,2.044720666848823e-11,0.01,3.674008791281646e-12,0.01,-4.936228220786951,0.01,-0.08393809126347281,0.01,-5.532934935717737e-05
