kgmp X,kgmp Y,rds X,rds Y,kcgd X,kcgd Y,ids X,ids Y,kgds X,kgds Y,kcgs X,kcgs Y,kcds X,kcds Y
1,-17.80525148223441,1,3978828.145591957,1,4.398633153118181e-10,1,-8.799817674538541e-07,1,-0.2856085106877779,1,7.227893919002274e-10,1,-4.236756935645762e-13
1.047616,-17.80525148115227,1.047616,3797984.264905982,1.047616,4.398633151949776e-10,1.047616,-9.218827619875957e-07,1.047616,-0.2856085106744161,1.047616,7.227893917681926e-10,1.047616,-4.23675693494834e-13
1.097499,-17.80525148011923,1.097499,3625360.017770722,1.097499,4.398633150834397e-10,1.097499,-9.657789039187086e-07,1.097499,-0.2856085106616612,1.097499,7.227893916421487e-10,1.097499,-4.23675693428025e-13
1.149757,-17.80525147913325,1.149757,3460581.809149488,1.149757,4.398633149769819e-10,1.149757,-1.011765193692411e-06,1.149757,-0.2856085106494868,1.149757,7.227893915218468e-10,1.149757,-4.236756933644486e-13
1.204504,-17.80525147819197,1.204504,3303293.024476897,1.204504,4.398633148753508e-10,1.204504,-1.059941155271715e-06,1.204504,-0.2856085106378649,1.204504,7.22789391406998e-10,1.204504,-4.236756933037245e-13
1.261857,-17.80525147729351,1.261857,3153153.257870654,1.261857,4.398633147783425e-10,1.261857,-1.110411051527981e-06,1.261857,-0.2856085106267715,1.261857,7.22789391297374e-10,1.261857,-4.2367569324567e-13
1.321941,-17.80525147643583,1.321941,3009837.575421535,1.321941,4.398633146857383e-10,1.321941,-1.163284109887719e-06,1.321941,-0.285608510616182,1.321941,7.227893911927262e-10,1.321941,-4.236756931904089e-13
1.384886,-17.80525147561721,1.384886,2873035.811968507,1.384886,4.398633145973503e-10,1.384886,-1.218674758723523e-06,1.384886,-0.2856085106060743,1.384886,7.227893910928433e-10,1.384886,-4.23675693137638e-13
1.450829,-17.80525147483573,1.450829,2742451.899835984,1.450829,4.398633145129727e-10,1.450829,-1.276702875001179e-06,1.450829,-0.2856085105964256,1.450829,7.227893909974923e-10,1.450829,-4.236756930870048e-13
1.519911,-17.80525147408979,1.519911,2617803.228081711,1.519911,4.398633144324325e-10,1.519911,-1.337494043718348e-06,1.519911,-0.2856085105872155,1.519911,7.227893909064778e-10,1.519911,-4.236756930390177e-13
1.592283,-17.80525147337778,1.592283,2498820.030867133,1.592283,4.398633143555553e-10,1.592283,-1.401179829696946e-06,1.592283,-0.2856085105784241,1.592283,7.227893908196025e-10,1.592283,-4.236756929930276e-13
1.668101,-17.80525147269815,1.668101,2385244.80362772,1.668101,4.39863314282176e-10,1.668101,-1.467898062316906e-06,1.668101,-0.2856085105700325,1.668101,7.227893907366805e-10,1.668101,-4.23675692949234e-13
1.747528,-17.8052514720494,1.747528,2276831.745779051,1.747528,4.398633142121291e-10,1.747528,-1.537793133807864e-06,1.747528,-0.2856085105620224,1.747528,7.227893906575241e-10,1.747528,-4.236756929071455e-13
1.830738,-17.80525147143013,1.830738,2173346.228752866,1.830738,4.398633141452643e-10,1.830738,-1.611016311744166e-06,1.830738,-0.2856085105543761,1.830738,7.227893905819635e-10,1.830738,-4.236756928673717e-13
1.91791,-17.80525147083893,1.91791,2074564.288211672,1.91791,4.39863314081432e-10,1.91791,-1.687726066419577e-06,1.91791,-0.285608510547077,1.91791,7.227893905098295e-10,1.91791,-4.236756928292364e-13
2.009233,-17.80525147027464,2.009233,1980272.139343012,2.009233,4.398633140205052e-10,2.009233,-1.768088413810153e-06,2.009233,-0.2856085105401099,2.009233,7.22789390440979e-10,2.009233,-4.236756927927608e-13
2.104904,-17.805251469736,2.104904,1890265.714184234,2.104904,4.39863313962349e-10,2.104904,-1.852277274867665e-06,2.104904,-0.2856085105334594,2.104904,7.227893903752593e-10,2.104904,-4.236756927580723e-13
2.205131,-17.80525146922194,2.205131,1804350.219976721,2.205131,4.398633139068443e-10,2.205131,-1.940474851920898e-06,2.205131,-0.2856085105271119,2.205131,7.227893903125368e-10,2.205131,-4.236756927248188e-13
2.31013,-17.80525146873124,2.31013,1722339.717593465,2.31013,4.39863313853863e-10,2.31013,-2.032872022999752e-06,2.31013,-0.2856085105210527,2.31013,7.227893902526656e-10,2.31013,-4.236756926931087e-13
2.420128,-17.80525146826275,2.420128,1644056.719127892,2.420128,4.398633138032788e-10,2.420128,-2.129668754935207e-06,2.420128,-0.2856085105152684,2.420128,7.227893901955026e-10,2.420128,-4.236756926629428e-13
2.535364,-17.80525146781557,2.535364,1569331.803772902,2.535364,4.39863313754996e-10,2.535364,-2.231074536129338e-06,2.535364,-0.2856085105097471,2.535364,7.227893901409405e-10,2.535364,-4.236756926341338e-13
2.656088,-17.80525146738875,2.656088,1498003.251158633,2.656088,4.398633137089121e-10,2.656088,-2.337308829932225e-06,2.656088,-0.2856085105044768,2.656088,7.227893900888635e-10,2.656088,-4.236756926065621e-13
2.782559,-17.80525146698128,2.782559,1429916.691355672,2.782559,4.398633136649156e-10,2.782559,-2.44860154960666e-06,2.782559,-0.2856085104994459,2.782559,7.22789390039145e-10,2.782559,-4.236756925802756e-13
2.915053,-17.80525146659235,2.915053,1364924.770786328,2.915053,4.398633136229241e-10,2.915053,-2.565193555908368e-06,2.915053,-0.2856085104946439,2.915053,7.227893899916927e-10,2.915053,-4.236756925551234e-13
3.053856,-17.80525146622112,3.053856,1302886.833320451,3.053856,4.398633135828408e-10,3.053856,-2.687337178359395e-06,3.053856,-0.2856085104900601,3.053856,7.227893899463963e-10,3.053856,-4.236756925312749e-13
3.199267,-17.80525146586678,3.199267,1243668.615866199,3.199267,4.398633135445834e-10,3.199267,-2.81529676134186e-06,3.199267,-0.285608510485685,3.199267,7.227893899031636e-10,3.199267,-4.236756925082705e-13
3.351603,-17.8052514655285,3.351603,1187141.957796504,3.351603,4.398633135080592e-10,3.351603,-2.949349236194721e-06,3.351603,-0.2856085104815083,3.351603,7.227893898618897e-10,3.351603,-4.236756924865891e-13
3.511192,-17.80525146520552,3.511192,1133184.523582675,3.511192,4.398633134731864e-10,3.511192,-3.089784720551082e-06,3.511192,-0.2856085104775211,3.511192,7.227893898224812e-10,3.511192,-4.23675692465756e-13
3.67838,-17.80525146489733,3.67838,1081679.538034721,3.67838,4.398633134399105e-10,3.67838,-3.23690714621336e-06,3.67838,-0.2856085104737158,3.67838,7.227893897848779e-10,3.67838,-4.236756924457215e-13
3.853529,-17.8052514646031,3.853529,1032515.533575223,3.853529,4.398633134081422e-10,3.853529,-3.391034916925833e-06,3.853529,-0.285608510470083,3.853529,7.227893897489778e-10,3.853529,-4.236756924268542e-13
4.037017,-17.80525146432234,4.037017,985586.1090003131,4.037017,4.39863313377827e-10,4.037017,-3.55250159746649e-06,4.037017,-0.2856085104666158,4.037017,7.227893897147208e-10,4.037017,-4.23675692408798e-13
4.229243,-17.80525146405421,4.229243,940789.6992050149,4.229243,4.398633133488781e-10,4.229243,-3.721656635551639e-06,4.229243,-0.2856085104633056,4.229243,7.227893896820069e-10,4.229243,-4.236756923913385e-13
4.430621,-17.80525146379837,4.430621,898029.3553752527,4.430621,4.398633133212534e-10,4.430621,-3.898866118113304e-06,4.430621,-0.2856085104601463,4.430621,7.227893896507896e-10,4.430621,-4.236756923746725e-13
4.641589,-17.80525146355404,4.641589,857212.5351701336,4.641589,4.398633132948734e-10,4.641589,-4.084513563588714e-06,4.641589,-0.2856085104571303,4.641589,7.227893896209785e-10,4.641589,-4.23675692359168e-13
4.862602,-17.80525146332089,4.862602,818250.9024410881,4.862602,4.39863313269699e-10,4.862602,-4.279000751933851e-06,4.862602,-0.2856085104542516,4.862602,7.227893895925302e-10,4.862602,-4.236756923441312e-13
5.094138,-17.80525146309832,5.094138,781060.1360538189,5.094138,4.39863313245669e-10,5.094138,-4.482748594159978e-06,5.094138,-0.2856085104515034,5.094138,7.22789389565375e-10,5.094138,-4.236756923296438e-13
5.336699,-17.80525146288606,5.336699,745559.7473997826,5.336699,4.398633132227501e-10,5.336699,-4.696198043272772e-06,5.336699,-0.2856085104488814,5.336699,7.227893895394765e-10,5.336699,-4.236756923159656e-13
5.59081,-17.80525146268311,5.59081,711672.9062018311,5.59081,4.398633132008379e-10,5.59081,-4.91981104858801e-06,5.59081,-0.2856085104463766,5.59081,7.227893895147137e-10,5.59081,-4.236756923027737e-13
5.857021,-17.80525146248954,5.857021,679326.274237677,5.857021,4.39863313179938e-10,5.857021,-5.154071555484693e-06,5.857021,-0.2856085104439868,5.857021,7.227893894910955e-10,5.857021,-4.23675692290329e-13
6.135907,-17.80525146230478,6.135907,648449.8466203373,6.135907,4.39863313159989e-10,6.135907,-5.399486552766135e-06,6.135907,-0.2856085104417053,6.135907,7.227893894685525e-10,6.135907,-4.236756922785361e-13
6.428073,-17.80525146212842,6.428073,618976.8002930245,6.428073,4.398633131409476e-10,6.428073,-5.656587169889001e-06,6.428073,-0.2856085104395277,6.428073,7.22789389447035e-10,6.428073,-4.236756922671173e-13
6.734151,-17.80525146196005,6.734151,590843.3494100303,6.734151,4.398633131227696e-10,6.734151,-5.925929826438887e-06,6.734151,-0.285608510437449,6.734151,7.227893894264928e-10,6.734151,-4.23675692256195e-13
7.054802,-17.80525146179933,7.054802,563988.6072907955,7.054802,4.398633131054149e-10,7.054802,-6.208097436338803e-06,7.054802,-0.2856085104354645,7.054802,7.22789389406881e-10,7.054802,-4.236756922459325e-13
7.390722,-17.80525146164597,7.390722,538354.4546483873,7.390722,4.398633130888564e-10,7.390722,-6.503700669396853e-06,7.390722,-0.2856085104335709,7.390722,7.227893893881692e-10,7.390722,-4.236756922359223e-13
7.742637,-17.80525146149948,7.742637,513885.4138071429,7.742637,4.398633130730397e-10,7.742637,-6.813379272924199e-06,7.742637,-0.2856085104317626,7.742637,7.227893893702955e-10,7.742637,-4.236756922265843e-13
8.111307999999999,-17.80525146135973,8.111307999999999,490528.5286374365,8.111307999999999,4.398633130579513e-10,8.111307999999999,-7.137803456281184e-06,8.111307999999999,-0.2856085104300368,8.111307999999999,7.22789389353245e-10,8.111307999999999,-4.236756922175103e-13
8.497534,-17.80525146122643,8.497534,468233.2499474469,8.497534,4.398633130435579e-10,8.497534,-7.477675341351732e-06,8.497534,-0.2856085104283901,8.497534,7.2278938933698e-10,8.497534,-4.236756922090149e-13
8.902151,-17.80525146109908,8.902151,446951.3260841288,8.902151,4.398633130298079e-10,8.902151,-7.833730482082161e-06,8.902151,-0.2856085104268176,8.902151,7.227893893214419e-10,8.902151,-4.236756922007052e-13
9.326033000000001,-17.80525146097738,9.326033000000001,426636.6985065646,9.326033000000001,4.398633130166682e-10,9.326033000000001,-8.206739456373362e-06,9.326033000000001,-0.2856085104253162,9.326033000000001,7.227893893065927e-10,9.326033000000001,-4.2367569219274e-13
9.770099999999999,-17.80525146086135,9.770099999999999,407245.4021056428,9.770099999999999,4.398633130041408e-10,9.770099999999999,-8.597509533772442e-06,9.770099999999999,-0.2856085104238832,9.770099999999999,7.227893892924359e-10,9.770099999999999,-4.236756921851909e-13
10.23531,-17.8052514607506,10.23531,388735.4700542799,10.23531,4.398633129921827e-10,10.23531,-9.006886422574527e-06,10.23531,-0.2856085104225157,10.23531,7.227893892789228e-10,10.23531,-4.236756921781975e-13
10.72267,-17.80525146064493,10.72267,371066.8429824731,10.72267,4.398633129807722e-10,10.72267,-9.43575610011159e-06,10.72267,-0.2856085104212105,10.72267,7.227893892660289e-10,10.72267,-4.236756921713046e-13
11.23324,-17.80525146054399,11.23324,354201.2822804155,11.23324,4.398633129698748e-10,11.23324,-9.885046730193302e-06,11.23324,-0.2856085104199645,11.23324,7.227893892537137e-10,11.23324,-4.236756921647054e-13
11.76812,-17.80525146044761,11.76812,338102.287342135,11.76812,4.398633129594687e-10,11.76812,-1.035573067184791e-05,11.76812,-0.2856085104187747,11.76812,7.227893892419546e-10,11.76812,-4.236756921585378e-13
12.32847,-17.80525146035568,12.32847,322735.01657056,12.32847,4.398633129495431e-10,12.32847,-1.084882658371006e-05,12.32847,-0.2856085104176394,12.32847,7.227893892307382e-10,12.32847,-4.236756921527153e-13
12.9155,-17.80525146026778,12.9155,308066.2119729429,12.9155,4.398633129400524e-10,12.9155,-1.136540162861356e-05,12.9155,-0.2856085104165548,12.9155,7.227893892200123e-10,12.9155,-4.236756921470176e-13
13.53048,-17.80525146018406,13.53048,294064.127183689,13.53048,4.398633129310112e-10,13.53048,-1.190657378315195e-05,13.53048,-0.2856085104155208,13.53048,7.227893892097959e-10,13.53048,-4.236756921416151e-13
14.17474,-17.80525146010409,14.17474,280698.4587584772,14.17474,4.398633129223776e-10,14.17474,-1.247351425721763e-05,14.17474,-0.2856085104145332,14.17474,7.227893892000394e-10,14.17474,-4.236756921365018e-13
14.84968,-17.8052514600278,14.84968,267940.2805913244,14.84968,4.398633129141415e-10,14.84968,-1.306745002874271e-05,14.84968,-0.2856085104135909,14.84968,7.227893891907327e-10,14.84968,-4.23675692131583e-13
15.55676,-17.80525145995486,15.55676,255761.9813123936,15.55676,4.398633129062657e-10,15.55676,-1.368966649913813e-05,15.55676,-0.2856085104126907,15.55676,7.227893891818319e-10,15.55676,-4.236756921267697e-13
16.29751,-17.80525145988539,16.29751,244137.2045312529,16.29751,4.398633128987643e-10,16.29751,-1.434151027516897e-05,16.29751,-0.2856085104118322,16.29751,7.227893891733559e-10,16.29751,-4.236756921222998e-13
17.07353,-17.80525145981902,17.07353,233040.791796063,17.07353,4.39863312891598e-10,17.07353,-1.502439208329702e-05,17.07353,-0.2856085104110127,17.07353,7.22789389165258e-10,17.07353,-4.23675692118111e-13
17.8865,-17.80525145975547,17.8865,222448.7281454602,17.8865,4.398633128847356e-10,17.8865,-1.573978982278618e-05,17.8865,-0.2856085104102291,17.8865,7.227893891575018e-10,17.8865,-4.236756921141104e-13
18.73817,-17.80525145969503,18.73817,212338.0901351664,18.73817,4.398633128782113e-10,18.73817,-1.64892517641842e-05,18.73817,-0.2856085104094825,18.73817,7.227893891501295e-10,18.73817,-4.236756921100449e-13
19.63041,-17.80525145963719,19.63041,202686.9962267857,19.63041,4.398633128719656e-10,19.63041,-1.727439990010981e-05,19.63041,-0.2856085104087689,19.63041,7.227893891430712e-10,19.63041,-4.236756921062916e-13
20.56512,-17.80525145958209,20.56512,193474.5594316489,20.56512,4.398633128660172e-10,20.56512,-1.809693345557834e-05,20.56512,-0.2856085104080883,20.56512,7.227893891363493e-10,20.56512,-4.236756921027869e-13
21.54435,-17.80525145952945,21.54435,184680.8421069363,21.54435,4.398633128603327e-10,21.54435,-1.895863256548553e-05,21.54435,-0.2856085104074385,21.54435,7.227893891299253e-10,21.54435,-4.236756920993951e-13
22.5702,-17.80525145947932,22.5702,176286.8128064837,22.5702,4.398633128549211e-10,22.5702,-1.986136212718843e-05,22.5702,-0.2856085104068187,22.5702,7.227893891238109e-10,22.5702,-4.236756920961626e-13
23.64489,-17.8052514594313,23.64489,168274.3050927059,23.64489,4.398633128497368e-10,23.64489,-2.080707583653827e-05,23.64489,-0.2856085104062265,23.64489,7.22789389117952e-10,23.64489,-4.236756920931746e-13
24.77076,-17.80525145938549,24.77076,160625.9782206678,24.77076,4.398633128447901e-10,24.77076,-2.179782041608216e-05,24.77076,-0.2856085104056612,24.77076,7.227893891123617e-10,24.77076,-4.236756920899974e-13
25.95024,-17.8052514593418,25.95024,153325.2796090454,25.95024,4.398633128400726e-10,25.95024,-2.283574004460317e-05,25.95024,-0.2856085104051216,25.95024,7.227893891070304e-10,25.95024,-4.236756920874665e-13
27.18588,-17.80525145930017,27.18588,146356.4090168857,27.18588,4.398633128355776e-10,27.18588,-2.392308099757083e-05,27.18588,-0.2856085104046072,27.18588,7.227893891019514e-10,27.18588,-4.236756920846825e-13
28.48036,-17.80525145926033,28.48036,139704.2843485644,28.48036,4.398633128312757e-10,28.48036,-2.506219650855376e-05,28.48036,-0.2856085104041153,28.48036,7.227893890970894e-10,28.48036,-4.236756920820214e-13
29.83647,-17.80525145922242,29.83647,133354.5090129947,29.83647,4.398633128271823e-10,29.83647,-2.625555186210579e-05,29.83647,-0.2856085104036467,29.83647,7.227893890924644e-10,29.83647,-4.236756920794124e-13
31.25716,-17.80525145918616,31.25716,127293.340766362,31.25716,4.398633128232675e-10,31.25716,-2.750572972916323e-05,31.25716,-0.2856085104031988,31.25716,7.227893890880406e-10,31.25716,-4.236756920772563e-13
32.74549,-17.80525145915154,32.74549,121507.6619710495,32.74549,4.398633128195291e-10,32.74549,-2.881543575648166e-05,32.74549,-0.2856085104027716,32.74549,7.22789389083816e-10,32.74549,-4.236756920749072e-13
34.30469,-17.80525145911848,34.30469,115984.9512063146,34.30469,4.398633128159594e-10,34.30469,-3.018750442222411e-05,34.30469,-0.2856085104023633,34.30469,7.227893890797821e-10,34.30469,-4.236756920727883e-13
35.93814,-17.80525145908689,35.93814,110713.2561693123,35.93814,4.398633128125497e-10,35.93814,-3.162490517036516e-05,35.93814,-0.2856085104019737,35.93814,7.227893890759288e-10,35.93814,-4.236756920708798e-13
37.64936,-17.80525145905677,37.64936,105681.16780781,37.64936,4.398633128092964e-10,37.64936,-3.313074883718927e-05,37.64936,-0.2856085104016018,37.64936,7.227893890722523e-10,37.64936,-4.236756920689385e-13
39.44206,-17.80525145902805,39.44206,100877.7956286077,39.44206,4.398633128061956e-10,39.44206,-3.470829438379233e-05,39.44206,-0.2856085104012471,39.44206,7.227893890687482e-10,39.44206,-4.23675692067013e-13
41.32012,-17.80525145900051,41.32012,96292.74412822451,41.32012,4.398633128032226e-10,41.32012,-3.6360955949158e-05,41.32012,-0.2856085104009077,41.32012,7.227893890653882e-10,41.32012,-4.23675692065258e-13
43.28761,-17.80525145897444,43.28761,91916.09029486854,43.28761,4.398633128004087e-10,43.28761,-3.809231023906314e-05,43.28761,-0.2856085104005848,43.28761,7.22789389062209e-10,43.28761,-4.236756920635708e-13
45.34879,-17.80525145894932,45.34879,87738.36213293156,45.34879,4.39863312797695e-10,45.34879,-3.990610426683011e-05,45.34879,-0.2856085104002754,45.34879,7.227893890591418e-10,45.34879,-4.236756920620359e-13
47.5081,-17.80525145892559,47.5081,83750.51816364477,47.5081,4.398633127951338e-10,47.5081,-4.180626346263184e-05,47.5081,-0.2856085103999818,47.5081,7.22789389056248e-10,47.5081,-4.236756920604741e-13
49.77024,-17.80525145890266,49.77024,79943.92785738251,49.77024,4.398633127926572e-10,49.77024,-4.379690016896504e-05,49.77024,-0.2856085103996995,49.77024,7.227893890534487e-10,49.77024,-4.236756920589601e-13
52.14008,-17.80525145888108,52.14008,76310.35295543259,52.14008,4.398633127903271e-10,52.14008,-4.588232254059759e-05,52.14008,-0.2856085103994322,52.14008,7.227893890508165e-10,52.14008,-4.236756920576092e-13
54.62277,-17.80525145886022,54.62277,72841.92964063537,54.62277,4.398633127880755e-10,54.62277,-4.806704386834271e-05,54.62277,-0.2856085103991752,54.62277,7.227893890482714e-10,54.62277,-4.236756920562894e-13
57.22368,-17.80525145884046,57.22368,69531.15151847388,57.22368,4.398633127859421e-10,57.22368,-5.035579234674233e-05,57.22368,-0.2856085103989309,57.22368,7.227893890458608e-10,57.22368,-4.236756920549018e-13
59.94843,-17.80525145882158,59.94843,66370.85337163818,59.94843,4.398633127839036e-10,59.94843,-5.275352130688734e-05,59.94843,-0.2856085103986974,59.94843,7.227893890435573e-10,59.94843,-4.236756920536785e-13
62.80291,-17.80525145880351,62.80291,63354.19565300556,62.80291,4.398633127819522e-10,62.80291,-5.526541993645594e-05,62.80291,-0.2856085103984745,62.80291,7.22789389041352e-10,62.80291,-4.236756920525788e-13
65.79331999999999,-17.80525145878629,65.79331999999999,60474.64968342774,65.79331999999999,4.398633127800927e-10,65.79331999999999,-5.789692451020238e-05,65.79331999999999,-0.2856085103982618,65.79331999999999,7.227893890392507e-10,65.79331999999999,-4.236756920515057e-13
68.92612,-17.80525145876978,68.92612,57725.98352229737,68.92612,4.398633127783098e-10,68.92612,-6.065373015519822e-05,68.92612,-0.2856085103980585,68.92612,7.227893890372359e-10,68.92612,-4.23675692050248e-13
72.20809,-17.80525145875405,72.20809,55102.24848032855,72.20809,4.398633127766125e-10,72.20809,-6.354180317627476e-05,72.20809,-0.2856085103978645,72.20809,7.227893890353177e-10,72.20809,-4.236756920493865e-13
75.64633000000001,-17.80525145873904,75.64633000000001,52597.76624534233,75.64633000000001,4.398633127749905e-10,75.64633000000001,-6.65673939683616e-05,75.64633000000001,-0.2856085103976791,75.64633000000001,7.227893890334843e-10,75.64633000000001,-4.236756920483501e-13
79.24829,-17.80525145872475,79.24829,50207.11659321342,79.24829,4.398633127734489e-10,79.24829,-6.973705054364608e-05,79.24829,-0.2856085103975027,79.24829,7.227893890317427e-10,79.24829,-4.236756920475638e-13
83.02176,-17.80525145871111,83.02176,47925.12565736677,83.02176,4.398633127719761e-10,83.02176,-7.305763270284766e-05,83.02176,-0.2856085103973343,83.02176,7.227893890300784e-10,83.02176,-4.236756920465793e-13
86.97490000000001,-17.80525145869812,86.97490000000001,45746.85473144953,86.97490000000001,4.398633127705735e-10,86.97490000000001,-7.653632688125904e-05,86.97490000000001,-0.2856085103971734,86.97490000000001,7.227893890284937e-10,86.97490000000001,-4.236756920458216e-13
91.11628,-17.80525145868559,91.11628,43667.58958093281,91.11628,4.398633127692211e-10,91.11628,-8.018066170170297e-05,91.11628,-0.2856085103970193,91.11628,7.227893890269646e-10,91.11628,-4.236756920450533e-13
95.45484999999999,-17.80525145867387,95.45484999999999,41682.83024052786,95.45484999999999,4.398633127679546e-10,95.45484999999999,-8.399852426803518e-05,95.45484999999999,-0.2856085103968735,95.45484999999999,7.227893890255341e-10,95.45484999999999,-4.236756920442342e-13
100,-17.80525145866253,100,39788.28127530622,100,4.398633127667305e-10,100,-8.799817723451387e-05,100,-0.2856085103967335,100,7.227893890241507e-10,100,-4.236756920433793e-13
104.7616,-17.80525145865158,104.7616,37979.84248449037,104.7616,4.398633127655493e-10,104.7616,-9.218827668789145e-05,104.7616,-0.2856085103965992,104.7616,7.227893890228155e-10,104.7616,-4.2367569204282e-13
109.7499,-17.80525145864121,109.7499,36253.60002775735,109.7499,4.398633127644285e-10,109.7499,-9.657789088100363e-05,109.7499,-0.2856085103964714,109.7499,7.227893890215489e-10,109.7499,-4.236756920420403e-13
114.9757,-17.80525145863135,114.9757,34605.81795486547,114.9757,4.398633127633639e-10,114.9757,-0.000101176519858376,114.9757,-0.2856085103963496,114.9757,7.227893890203457e-10,114.9757,-4.236756920415509e-13
120.4504,-17.80525145862202,120.4504,33032.93012027794,120.4504,4.398633127623577e-10,120.4504,-0.0001059941160163043,120.4504,-0.2856085103962338,120.4504,7.22789389019209e-10,120.4504,-4.236756920408509e-13
126.1857,-17.80525145861305,126.1857,31531.53246527495,126.1857,4.398633127613882e-10,126.1857,-0.0001110411056419309,126.1857,-0.285608510396123,126.1857,7.227893890181139e-10,126.1857,-4.236756920404265e-13
132.1941,-17.80525145860454,132.1941,30098.37565086167,132.1941,4.398633127604698e-10,132.1941,-0.0001163284114779007,132.1941,-0.2856085103960176,132.1941,7.227893890170762e-10,132.1941,-4.236756920396581e-13
138.4886,-17.80525145859633,138.4886,28730.35802551249,138.4886,4.398633127595823e-10,138.4886,-0.0001218674763614836,138.4886,-0.2856085103959163,138.4886,7.227893890160729e-10,138.4886,-4.236756920391033e-13
145.0829,-17.8052514585884,145.0829,27424.51891255304,145.0829,4.398633127587263e-10,145.0829,-0.0001276702879892506,145.0829,-0.2856085103958192,145.0829,7.227893890151051e-10,145.0829,-4.236756920385445e-13
151.9911,-17.8052514585809,151.9911,26178.03220263288,151.9911,4.398633127579176e-10,151.9911,-0.0001337494048609689,151.9911,-0.2856085103957269,151.9911,7.22789389014191e-10,151.9911,-4.236756920382416e-13
159.2283,-17.8052514585739,159.2283,24988.20023743347,159.2283,4.398633127571604e-10,159.2283,-0.0001401179834588244,159.2283,-0.2856085103956397,159.2283,7.227893890133361e-10,159.2283,-4.236756920378359e-13
166.8101,-17.80525145856709,166.8101,23852.4479713677,166.8101,4.39863312756426e-10,166.8101,-0.0001467898067208219,166.8101,-0.2856085103955557,166.8101,7.227893890125059e-10,166.8101,-4.23675692037201e-13
174.7528,-17.80525145856053,174.7528,22768.31739864685,174.7528,4.398633127557178e-10,174.7528,-0.0001537793138699217,174.7528,-0.2856085103954751,174.7528,7.227893890117053e-10,174.7528,-4.236756920369069e-13
183.0738,-17.80525145855437,183.0738,21733.46223363944,183.0738,4.398633127550532e-10,183.0738,-0.0001611016316635496,183.0738,-0.2856085103953989,183.0738,7.227893890109542e-10,183.0738,-4.236756920364388e-13
191.791,-17.80525145854846,191.791,20745.64283301514,191.791,4.398633127544142e-10,191.791,-0.0001687726071310883,191.791,-0.2856085103953259,191.791,7.227893890102326e-10,191.791,-4.236756920360378e-13
200.9233,-17.80525145854287,200.9233,19802.72134869097,200.9233,4.398633127538116e-10,200.9233,-0.0001768088418701422,200.9233,-0.2856085103952566,200.9233,7.227893890095517e-10,200.9233,-4.236756920358173e-13
210.4904,-17.80525145853753,210.4904,18902.65710107788,210.4904,4.398633127532333e-10,210.4904,-0.0001852277279758914,210.4904,-0.2856085103951902,210.4904,7.227893890088984e-10,210.4904,-4.236756920352671e-13
220.5131,-17.80525145853235,220.5131,18043.50216262371,220.5131,4.398633127526747e-10,220.5131,-0.00019404748568122,220.5131,-0.2856085103951265,220.5131,7.227893890082672e-10,220.5131,-4.236756920349521e-13
231.013,-17.80525145852735,231.013,17223.39714209034,231.013,4.398633127521354e-10,231.013,-0.0002032872027891122,231.013,-0.2856085103950655,231.013,7.227893890076571e-10,231.013,-4.236756920346272e-13
242.0128,-17.8052514585227,242.0128,16440.5671604415,242.0128,4.398633127516338e-10,242.0128,-0.0002129668759826542,242.0128,-0.2856085103950079,242.0128,7.227893890070907e-10,242.0128,-4.236756920344381e-13
253.5364,-17.80525145851823,253.5364,15693.31800963112,253.5364,4.398633127511504e-10,253.5364,-0.0002231074541020671,253.5364,-0.2856085103949526,253.5364,7.227893890065442e-10,253.5364,-4.236756920341477e-13
265.6088,-17.80525145851388,265.6088,14980.0324859842,265.6088,4.398633127506811e-10,265.6088,-0.000233730883482362,265.6088,-0.2856085103948994,265.6088,7.227893890060133e-10,265.6088,-4.236756920338391e-13
278.2559,-17.8052514585099,278.2559,14299.16689022941,278.2559,4.398633127502509e-10,278.2559,-0.0002448601554497982,278.2559,-0.2856085103948497,278.2559,7.227893890055278e-10,278.2559,-4.236756920336053e-13
291.5053,-17.80525145850604,291.5053,13649.24768660836,291.5053,4.398633127498342e-10,291.5053,-0.0002565193560799679,291.5053,-0.2856085103948018,291.5053,7.227893890050568e-10,291.5053,-4.236756920333529e-13
305.3856,-17.80525145850232,305.3856,13028.86831383777,305.3856,4.398633127494323e-10,305.3856,-0.0002687337183250717,305.3856,-0.2856085103947558,305.3856,7.227893890046025e-10,305.3856,-4.236756920330863e-13
319.9267,-17.80525145849868,319.9267,12436.68614101537,319.9267,4.398633127490403e-10,319.9267,-0.0002815296766233272,319.9267,-0.2856085103947117,319.9267,7.227893890041592e-10,319.9267,-4.236756920328215e-13
335.1603,-17.80525145849541,335.1603,11871.41956188639,335.1603,4.39863312748687e-10,335.1603,-0.0002949349241086054,335.1603,-0.2856085103946705,335.1603,7.227893890037607e-10,335.1603,-4.236756920326945e-13
351.1192,-17.80525145849225,351.1192,11331.8452211769,351.1192,4.398633127483448e-10,351.1192,-0.0003089784725442292,351.1192,-0.285608510394631,351.1192,7.227893890033746e-10,351.1192,-4.23675692032449e-13
367.838,-17.80525145848899,367.838,10816.79536699832,367.838,4.398633127479936e-10,367.838,-0.000323690715110473,367.838,-0.285608510394592,367.838,7.227893890029766e-10,367.838,-4.236756920323187e-13
385.3529,-17.8052514584862,385.3529,10325.15532358966,385.3529,4.398633127476933e-10,385.3529,-0.0003391034921817046,385.3529,-0.2856085103945566,385.3529,7.227893890026381e-10,385.3529,-4.236756920320632e-13
403.7017,-17.80525145848333,403.7017,9855.861078920778,403.7017,4.398633127473833e-10,403.7017,-0.000355250160235781,403.7017,-0.2856085103945215,403.7017,7.227893890022875e-10,403.7017,-4.236756920318773e-13
422.9243,-17.80525145848062,422.9243,9407.89698195229,422.9243,4.39863312747089e-10,422.9243,-0.0003721656640442968,422.9243,-0.2856085103944884,422.9243,7.227893890019545e-10,422.9243,-4.236756920317371e-13
443.0621,-17.8052514584781,443.0621,8980.293544551763,443.0621,4.398633127468179e-10,443.0621,-0.0003898866123004621,443.0621,-0.2856085103944569,443.0621,7.227893890016483e-10,443.0621,-4.236756920316165e-13
464.1589,-17.80525145847571,464.1589,8572.125343318188,464.1589,4.398633127465602e-10,464.1589,-0.0004084513568479906,464.1589,-0.2856085103944271,464.1589,7.227893890013576e-10,464.1589,-4.236756920313908e-13
486.2602,-17.80525145847319,486.2602,8182.509016772146,486.2602,4.398633127462876e-10,486.2602,-0.0004279000756825228,486.2602,-0.2856085103943972,486.2602,7.227893890010485e-10,486.2602,-4.236756920311191e-13
509.4138,-17.80525145847117,509.4138,7810.601353578403,509.4138,4.398633127460685e-10,509.4138,-0.000448274859905114,509.4138,-0.2856085103943706,509.4138,7.227893890008018e-10,509.4138,-4.236756920310725e-13
533.6699,-17.80525145846901,533.6699,7455.597467655977,533.6699,4.398633127458352e-10,533.6699,-0.0004696198048164172,533.6699,-0.2856085103943444,533.6699,7.227893890005383e-10,533.6699,-4.236756920309974e-13
559.081,-17.80525145846692,559.081,7116.729056240033,559.081,4.398633127456106e-10,559.081,-0.0004919811053479277,559.081,-0.285608510394319,559.081,7.227893890002841e-10,559.081,-4.236756920308788e-13
585.7021,-17.80525145846488,585.7021,6793.262737111659,585.7021,4.398633127453907e-10,585.7021,-0.0005154071560376093,585.7021,-0.2856085103942946,585.7021,7.227893890000348e-10,585.7021,-4.236756920307178e-13
613.5907,-17.80525145846313,613.5907,6484.498461406105,613.5907,4.398633127452009e-10,613.5907,-0.0005399486557657433,613.5907,-0.2856085103942724,613.5907,7.227893889998211e-10,613.5907,-4.236756920306137e-13
642.8073000000001,-17.80525145846145,642.8073000000001,6189.767998559246,642.8073000000001,4.398633127450192e-10,642.8073000000001,-0.000565658717478021,642.8073000000001,-0.2856085103942509,642.8073000000001,7.227893889996161e-10,642.8073000000001,-4.236756920304775e-13
673.4151000000001,-17.80525145845962,673.4151000000001,5908.43349011743,673.4151000000001,4.39863312744822e-10,673.4151000000001,-0.0005925929831330295,673.4151000000001,-0.2856085103942294,673.4151000000001,7.227893889993924e-10,673.4151000000001,-4.236756920302765e-13
705.4802,-17.80525145845805,705.4802,5639.886069278992,705.4802,4.398633127446526e-10,705.4802,-0.0006208097441230113,705.4802,-0.2856085103942096,705.4802,7.22789388999201e-10,705.4802,-4.236756920302988e-13
739.0722,-17.80525145845653,739.0722,5383.54454317725,739.0722,4.398633127444869e-10,739.0722,-0.0006503700674288227,739.0722,-0.2856085103941907,739.0722,7.227893889990139e-10,739.0722,-4.236756920301247e-13
774.2637,-17.80525145845503,774.2637,5138.854135058614,774.2637,4.398633127443268e-10,774.2637,-0.0006813379277815495,774.2637,-0.2856085103941725,774.2637,7.227893889988328e-10,774.2637,-4.236756920300327e-13
811.1308,-17.8052514584536,811.1308,4905.285283629125,811.1308,4.398633127441724e-10,811.1308,-0.0007137803461172594,811.1308,-0.2856085103941551,811.1308,7.22789388998658e-10,811.1308,-4.23675692030094e-13
849.7534000000001,-17.80525145845241,849.7534000000001,4682.332496973132,849.7534000000001,4.398633127440434e-10,849.7534000000001,-0.0007477675346243099,849.7534000000001,-0.2856085103941394,849.7534000000001,7.227893889985132e-10,849.7534000000001,-4.236756920300188e-13
890.2151,-17.80525145845108,890.2151,4469.513258562105,890.2151,4.398633127439001e-10,890.2151,-0.0007833730486973634,890.2151,-0.2856085103941235,890.2151,7.227893889983514e-10,890.2151,-4.236756920298161e-13
932.6033,-17.80525145844982,932.6033,4266.366982989017,932.6033,4.398633127437636e-10,932.6033,-0.0008206739461264682,932.6033,-0.2856085103941081,932.6033,7.227893889981964e-10,932.6033,-4.236756920295826e-13
977.01,-17.80525145844873,977.01,4072.454019164336,977.01,4.398633127436471e-10,977.01,-0.0008597509538663628,977.01,-0.2856085103940942,977.01,7.227893889980653e-10,977.01,-4.236756920296222e-13
1000,-17.80525145844812,1000,3978.828127366305,1000,4.398633127435807e-10,1000,-0.0008799817723896338,1000,-0.2856085103940871,1000,7.227893889979898e-10,1000,-4.236756920295572e-13
1023.531,-17.80525145844755,1023.531,3887.354698818701,1023.531,4.398633127435186e-10,1023.531,-0.000900688642746595,1023.531,-0.2856085103940801,1023.531,7.227893889979195e-10,1023.531,-4.236756920295074e-13
1072.267,-17.80525145844653,1072.267,3710.66842825379,1072.267,4.39863312743409e-10,1072.267,-0.0009435756105003038,1072.267,-0.2856085103940672,1072.267,7.227893889977959e-10,1072.267,-4.236756920295506e-13
1123.324,-17.80525145844561,1123.324,3542.012821372838,1123.324,4.398633127433093e-10,1123.324,-0.0009885046735084544,1123.324,-0.2856085103940555,1123.324,7.22789388997684e-10,1123.324,-4.236756920294616e-13
1176.812,-17.80525145844453,1176.812,3381.022872117157,1176.812,4.398633127431926e-10,1176.812,-0.001035573067673926,1176.812,-0.2856085103940428,1176.812,7.227893889975516e-10,1176.812,-4.236756920293564e-13
1232.847,-17.80525145844364,1232.847,3227.350164517237,1232.847,4.398633127430963e-10,1232.847,-0.001084882658860153,1232.847,-0.2856085103940315,1232.847,7.227893889974425e-10,1232.847,-4.236756920293017e-13
1291.55,-17.80525145844278,1291.55,3080.662118646736,1291.55,4.398633127430045e-10,1291.55,-0.001136540163350462,1291.55,-0.2856085103940209,1291.55,7.227893889973391e-10,1291.55,-4.236756920292126e-13
1353.048,-17.80525145844198,1353.048,2940.641270850363,1353.048,4.398633127429164e-10,1353.048,-0.001190657378804309,1353.048,-0.2856085103940108,1353.048,7.227893889972398e-10,1353.048,-4.236756920292684e-13
1417.474,-17.80525145844119,1417.474,2806.98458668589,1417.474,4.39863312742833e-10,1417.474,-0.001247351426210874,1417.474,-0.285608510394001,1417.474,7.227893889971456e-10,1417.474,-4.236756920291935e-13
1484.968,-17.80525145844041,1484.968,2679.402805094162,1484.968,4.398633127427479e-10,1484.968,-0.00130674500336341,1484.968,-0.2856085103939914,1484.968,7.227893889970492e-10,1484.968,-4.23675692029215e-13
1555.676,-17.80525145843966,1555.676,2557.619812377668,1555.676,4.398633127426681e-10,1555.676,-0.001368966650402925,1555.676,-0.2856085103939823,1555.676,7.227893889969587e-10,1555.676,-4.236756920290033e-13
1629.751,-17.80525145843897,1629.751,2441.372044632504,1629.751,4.398633127425921e-10,1629.751,-0.001434151028006042,1629.751,-0.2856085103939737,1629.751,7.227893889968734e-10,1629.751,-4.236756920291444e-13
1707.353,-17.80525145843831,1707.353,2330.407917341002,1707.353,4.39863312742521e-10,1707.353,-0.001502439208818859,1707.353,-0.2856085103939655,1707.353,7.227893889967929e-10,1707.353,-4.236756920289664e-13
1788.65,-17.80525145843763,1788.65,2224.487280890082,1788.65,4.398633127424476e-10,1788.65,-0.001573978982767727,1788.65,-0.2856085103939574,1788.65,7.227893889967094e-10,1788.65,-4.236756920288841e-13
1873.817,-17.80525145843701,1873.817,2123.380900837249,1873.817,4.398633127423801e-10,1873.817,-0.001648925176907568,1873.817,-0.2856085103939499,1873.817,7.22789388996633e-10,1873.817,-4.236756920289234e-13
1963.041,-17.80525145843655,1963.041,2026.869961799234,1963.041,4.398633127423303e-10,1963.041,-0.001727439990500042,1963.041,-0.2856085103939434,1963.041,7.227893889965776e-10,1963.041,-4.236756920288443e-13
2056.512,-17.80525145843593,2056.512,1934.745593889458,2056.512,4.398633127422643e-10,2056.512,-0.001809693346046935,2056.512,-0.2856085103939362,2056.512,7.227893889965025e-10,2056.512,-4.236756920287695e-13
2154.435,-17.80525145843537,2154.435,1846.808420680269,2154.435,4.398633127422045e-10,2154.435,-0.001895863257037654,2154.435,-0.2856085103939296,2154.435,7.227893889964348e-10,2154.435,-4.236756920287005e-13
2257.02,-17.80525145843478,2257.02,1762.868127710217,2257.02,4.398633127421397e-10,2257.02,-0.001986136213208054,2257.02,-0.2856085103939229,2257.02,7.227893889963611e-10,2257.02,-4.236756920287799e-13
2364.489,-17.80525145843443,2364.489,1682.743050604025,2364.489,4.398633127421023e-10,2364.489,-0.002080707584142931,2364.489,-0.2856085103939176,2364.489,7.227893889963193e-10,2364.489,-4.236756920287893e-13
2477.076,-17.80525145843391,2477.076,1606.259781912336,2477.076,4.398633127420462e-10,2477.076,-0.002179782042097328,2477.076,-0.2856085103939116,2477.076,7.227893889962555e-10,2477.076,-4.236756920286782e-13
2595.024,-17.80525145843357,2595.024,1533.252795822295,2595.024,4.398633127420095e-10,2595.024,-0.002283574004949371,2595.024,-0.2856085103939068,2595.024,7.227893889962148e-10,2595.024,-4.236756920286799e-13
2718.588,-17.80525145843306,2718.588,1463.564089924468,2718.588,4.398633127419546e-10,2718.588,-0.002392308100246231,2718.588,-0.2856085103939012,2718.588,7.227893889961524e-10,2718.588,-4.236756920287681e-13
2848.036,-17.80525145843275,2848.036,1397.042843263006,2848.036,4.398633127419217e-10,2848.036,-0.002506219651344445,2848.036,-0.2856085103938967,2848.036,7.227893889961158e-10,2848.036,-4.236756920286275e-13
2983.647,-17.80525145843231,2983.647,1333.54508992704,2983.647,4.398633127418724e-10,2983.647,-0.002625555186699751,2983.647,-0.2856085103938916,2983.647,7.227893889960596e-10,2983.647,-4.236756920284963e-13
3125.716,-17.80525145843202,3125.716,1272.933407478759,3125.716,4.398633127418429e-10,3125.716,-0.002750572973405446,3125.716,-0.2856085103938875,3125.716,7.227893889960271e-10,3125.716,-4.23675692028667e-13
3274.549,-17.80525145843158,3274.549,1215.07661954203,3274.549,4.398633127417947e-10,3274.549,-0.002881543576137359,3274.549,-0.2856085103938827,3274.549,7.227893889959713e-10,3274.549,-4.236756920285575e-13
3430.469,-17.80525145843133,3430.469,1159.84951190967,3430.469,4.398633127417675e-10,3430.469,-0.003018750442711539,3430.469,-0.2856085103938791,3430.469,7.227893889959412e-10,3430.469,-4.236756920285385e-13
3593.814,-17.80525145843093,3593.814,1107.13256155327,3593.814,4.398633127417242e-10,3593.814,-0.003162490517525678,3593.814,-0.2856085103938748,3593.814,7.227893889958919e-10,3593.814,-4.236756920284608e-13
3764.936,-17.80525145843069,3764.936,1056.811677950689,3764.936,4.398633127416978e-10,3764.936,-0.003313074884208029,3764.936,-0.2856085103938715,3764.936,7.227893889958623e-10,3764.936,-4.236756920284991e-13
3944.206,-17.80525145843047,3944.206,1008.777956169993,3944.206,4.398633127416742e-10,3944.206,-0.003470829438868306,3944.206,-0.2856085103938683,3944.206,7.22789388995836e-10,3944.206,-4.236756920285055e-13
4132.012,-17.80525145843008,4132.012,962.9274411764698,4132.012,4.398633127416322e-10,4132.012,-0.003636095595404888,4132.012,-0.2856085103938643,4132.012,7.22789388995788e-10,4132.012,-4.236756920284439e-13
4328.761,-17.80525145842986,4328.761,919.1609028522931,4328.761,4.398633127416094e-10,4328.761,-0.003809231024395463,4328.761,-0.2856085103938611,4328.761,7.227893889957625e-10,4328.761,-4.236756920283644e-13
4534.879,-17.80525145842951,4534.879,877.3836212414905,4534.879,4.398633127415705e-10,4534.879,-0.00399061042717214,4534.879,-0.2856085103938575,4534.879,7.227893889957181e-10,4534.879,-4.236756920283688e-13
4750.81,-17.80525145842933,4750.81,837.5051815564083,4750.81,4.398633127415508e-10,4750.81,-0.004180626346752403,4750.81,-0.2856085103938549,4750.81,7.227893889956961e-10,4750.81,-4.236756920283272e-13
4977.024,-17.80525145842914,4977.024,799.4392785009296,4977.024,4.398633127415305e-10,4977.024,-0.004379690017385525,4977.024,-0.2856085103938523,4977.024,7.227893889956735e-10,4977.024,-4.236756920284153e-13
5214.008,-17.80525145842897,5214.008,763.1035294878903,5214.008,4.39863312741513e-10,5214.008,-0.004588232254548887,5214.008,-0.2856085103938499,5214.008,7.227893889956538e-10,5214.008,-4.236756920283125e-13
5462.277,-17.80525145842864,5462.277,728.4192963458154,5462.277,4.398633127414771e-10,5462.277,-0.004806704387323431,5462.277,-0.2856085103938465,5462.277,7.227893889956126e-10,5462.277,-4.236756920283908e-13
5722.368,-17.8052514584285,5722.368,695.311515129578,5722.368,4.398633127414616e-10,5722.368,-0.005035579235163394,5722.368,-0.2856085103938447,5722.368,7.227893889955953e-10,5722.368,-4.236756920284199e-13
5994.843,-17.80525145842834,5994.843,663.708533666123,5994.843,4.398633127414458e-10,5994.843,-0.005275352131177882,5994.843,-0.2856085103938423,5994.843,7.227893889955778e-10,5994.843,-4.236756920282427e-13
6280.291,-17.80525145842819,6280.291,633.5419564842684,6280.291,4.398633127414291e-10,6280.291,-0.005526541994134679,6280.291,-0.2856085103938402,6280.291,7.227893889955589e-10,6280.291,-4.236756920282047e-13
6579.332,-17.8052514584279,6579.332,604.74649679254,6579.332,4.398633127413968e-10,6579.332,-0.005789692451509509,6579.332,-0.2856085103938375,6579.332,7.227893889955218e-10,6579.332,-4.236756920283108e-13
6892.612,-17.80525145842777,6892.612,577.2598351849564,6892.612,4.398633127413832e-10,6892.612,-0.006065373016008956,6892.612,-0.2856085103938356,6892.612,7.227893889955067e-10,6892.612,-4.236756920283131e-13
7220.809,-17.80525145842765,7220.809,551.0224847686525,7220.809,4.398633127413697e-10,7220.809,-0.006354180318116524,7220.809,-0.2856085103938338,7220.809,7.227893889954918e-10,7220.809,-4.236756920283358e-13
7564.633,-17.80525145842753,7564.633,525.9776624218757,7564.633,4.39863312741358e-10,7564.633,-0.006656739397325081,7564.633,-0.2856085103938323,7564.633,7.227893889954786e-10,7564.633,-4.23675692028362e-13
7924.829,-17.80525145842726,7924.829,502.071165903371,7924.829,4.398633127413282e-10,7924.829,-0.006973705054853804,7924.829,-0.28560851039383,7924.829,7.22789388995444e-10,7924.829,-4.236756920283245e-13
8302.175999999999,-17.80525145842715,8302.175999999999,479.2512565474613,8302.175999999999,4.398633127413164e-10,8302.175999999999,-0.007305763270773937,8302.175999999999,-0.2856085103938284,8302.175999999999,7.227893889954309e-10,8302.175999999999,-4.236756920282553e-13
8697.49,-17.80525145842706,8697.49,457.4685472906164,8697.49,4.398633127413067e-10,8697.49,-0.007653632688615086,8697.49,-0.285608510393827,8697.49,7.227893889954201e-10,8697.49,-4.236756920282153e-13
9111.628000000001,-17.80525145842695,9111.628000000001,436.6758957875804,9111.628000000001,4.398633127412946e-10,9111.628000000001,-0.008018066170659284,9111.628000000001,-0.2856085103938254,9111.628000000001,7.227893889954065e-10,9111.628000000001,-4.236756920281266e-13
9545.485000000001,-17.80525145842686,9545.485000000001,416.8283023854518,9545.485000000001,4.398633127412852e-10,9545.485000000001,-0.008399852427292747,9545.485000000001,-0.2856085103938242,9545.485000000001,7.22789388995396e-10,9545.485000000001,-4.236756920281437e-13
10000,-17.80525145842677,10000,397.882812734999,10000,4.398633127412755e-10,10000,-0.00879981772394056,10000,-0.285608510393823,10000,7.227893889953855e-10,10000,-4.23675692028127e-13
