kgmp X,kgmp Y,kgds X,kgds Y,ids X,ids Y,kcds X,kcds Y,kcgd X,kcgd Y,rds X,rds Y,kcgs X,kcgs Y
1,-15.64580324196974,1,-0.2709746844214629,1,-1.455427812277949e-06,1,-3.381754512271403e-13,1,2.657751438762793e-10,1,2535599.229164066,1,4.965482822646325e-10
1.043729,-15.64580324110368,1.043729,-0.2709746844102485,1.043729,-1.519072349933133e-06,1.043729,-3.381754511690958e-13,1.043729,2.657751438187958e-10,1.043729,2429365.289435414,1.043729,4.965482821900693e-10
1.08937,-15.64580324027399,1.08937,-0.2709746843995045,1.08937,-1.585500005458646e-06,1.08937,-3.381754511136011e-13,1.08937,2.657751437637251e-10,1.08937,2327582.230532648,1.08937,4.965482821186363e-10
1.137008,-15.64580323947915,1.137008,-0.2709746843892111,1.137008,-1.654832482073093e-06,1.137008,-3.381754510603852e-13,1.137008,2.65775143710968e-10,1.137008,2230063.574007211,1.137008,4.965482820502045e-10
1.186728,-15.64580323871751,1.186728,-0.2709746843793482,1.186728,-1.727196804966476e-06,1.186728,-3.381754510095098e-13,1.186728,2.657751436604144e-10,1.186728,2136630.654293675,1.186728,4.965482819846306e-10
1.238622,-15.6458032379878,1.238622,-0.2709746843698986,1.238622,-1.802725554024921e-06,1.238622,-3.381754509604977e-13,1.238622,2.657751436119809e-10,1.238622,2047112.291373856,1.238622,4.965482819218065e-10
1.292786,-15.64580323728864,1.292786,-0.2709746843608453,1.292786,-1.881557106732756e-06,1.292786,-3.381754509137958e-13,1.292786,2.657751435655743e-10,1.292786,1961344.477154695,1.292786,4.965482818616118e-10
1.349319,-15.64580323661881,1.349319,-0.270974684352171,1.349319,-1.963835891696031e-06,1.349319,-3.381754508689981e-13,1.349319,2.65775143521115e-10,1.349319,1879170.07498649,1.349319,4.965482818039429e-10
1.408323,-15.64580323597702,1.408323,-0.2709746843438603,1.408323,-2.049712653252731e-06,1.408323,-3.38175450826032e-13,1.408323,2.657751434785163e-10,1.408323,1800438.531770017,1.408323,4.965482817486874e-10
1.469908,-15.64580323536204,1.469908,-0.2709746843358974,1.469908,-2.139344727653937e-06,1.469908,-3.381754507848011e-13,1.469908,2.657751434376982e-10,1.469908,1725005.602125746,1.469908,4.965482816957412e-10
1.534186,-15.64580323477296,1.534186,-0.2709746843282687,1.534186,-2.23289633132206e-06,1.534186,-3.381754507454318e-13,1.534186,2.657751433985981e-10,1.534186,1652733.08411954,1.534186,4.965482816450239e-10
1.601274,-15.64580323420851,1.601274,-0.2709746843209593,1.601274,-2.330538861714812e-06,1.601274,-3.381754507076988e-13,1.601274,2.657751433611325e-10,1.601274,1583488.56606033,1.601274,4.965482815964267e-10
1.671296,-15.64580323366768,1.671296,-0.2709746843139561,1.671296,-2.43245121134508e-06,1.671296,-3.381754506713796e-13,1.671296,2.657751433252357e-10,1.671296,1517145.18390663,1.671296,4.965482815498642e-10
1.744381,-15.64580323314947,1.744381,-0.270974684307246,1.744381,-2.538820095533033e-06,1.744381,-3.381754506367598e-13,1.744381,2.657751432908401e-10,1.744381,1453581.388836696,1.744381,4.965482815052488e-10
1.820661,-15.64580323265303,1.820661,-0.2709746843008176,1.820661,-2.649840394490213e-06,1.820661,-3.381754506034057e-13,1.820661,2.657751432578896e-10,1.820661,1392680.724556975,1.820661,4.965482814625079e-10
1.900277,-15.64580323217741,1.900277,-0.2709746842946584,1.900277,-2.765715510363069e-06,1.900277,-3.381754505717742e-13,1.900277,2.657751432263203e-10,1.900277,1334331.613940437,1.900277,4.965482814215591e-10
1.983374,-15.64580323172177,1.983374,-0.2709746842887574,1.983374,-2.886657739889268e-06,1.983374,-3.381754505412519e-13,1.983374,2.657751431960771e-10,1.983374,1278427.154604334,1.983374,4.965482813823304e-10
2.070105,-15.64580323128506,2.070105,-0.270974684283103,2.070105,-3.012888663350285e-06,2.070105,-3.381754505120173e-13,2.070105,2.657751431670904e-10,2.070105,1224864.923052476,2.070105,4.965482813447311e-10
2.160629,-15.64580323086674,2.160629,-0.2709746842776861,2.160629,-3.144639550531909e-06,2.160629,-3.381754504838858e-13,2.160629,2.657751431393246e-10,2.160629,1173546.78702358,2.160629,4.965482813087153e-10
2.255111,-15.64580323046595,2.255111,-0.2709746842724959,2.255111,-3.282151784437988e-06,2.255111,-3.381754504571494e-13,2.255111,2.657751431127234e-10,2.255111,1124378.725701314,2.255111,4.965482812742107e-10
2.353725,-15.64580323008202,2.353725,-0.2709746842675238,2.353725,-3.425677303531987e-06,2.353725,-3.381754504314738e-13,2.353725,2.657751430872398e-10,2.353725,1077270.657457283,2.353725,4.965482812411558e-10
2.456652,-15.64580322971405,2.456652,-0.2709746842627591,2.456652,-3.575479063317863e-06,2.456652,-3.381754504068259e-13,2.456652,2.657751430628166e-10,2.456652,1032136.274810906,2.456652,4.965482812094757e-10
2.564079,-15.6458032293616,2.564079,-0.2709746842581947,2.564079,-3.731831518104859e-06,2.564079,-3.381754503832023e-13,2.564079,2.657751430394228e-10,2.564079,988892.8863041326,2.564079,4.965482811791314e-10
2.676204,-15.64580322902386,2.676204,-0.2709746842538212,2.676204,-3.895021123840311e-06,2.676204,-3.381754503605351e-13,2.676204,2.657751430170054e-10,2.676204,947461.2650009104,2.676204,4.965482811500532e-10
2.793232,-15.64580322870014,2.793232,-0.2709746842496301,2.793232,-4.065346862930197e-06,2.793232,-3.381754503389387e-13,2.793232,2.65775142995518e-10,2.793232,907765.5033342359,2.793232,4.965482811221811e-10
2.915377,-15.64580322839027,2.915377,-0.2709746842456163,2.915377,-4.243120792009136e-06,2.915377,-3.381754503182608e-13,2.915377,2.657751429749505e-10,2.915377,869732.8740347596,2.915377,4.965482810955031e-10
3.042864,-15.64580322809321,3.042864,-0.2709746842417698,3.042864,-4.428668613666174e-06,3.042864,-3.381754502983099e-13,3.042864,2.657751429552336e-10,3.042864,833293.6968856057,3.042864,4.965482810699281e-10
3.175925,-15.6458032278086,3.175925,-0.2709746842380843,3.175925,-4.622330273168266e-06,3.175925,-3.381754502793195e-13,3.175925,2.657751429363434e-10,3.175925,798381.2110604213,3.175925,4.965482810454253e-10
3.314806,-15.64580322753594,3.314806,-0.2709746842345534,3.314806,-4.824460581280598e-06,3.314806,-3.381754502611028e-13,3.314806,2.657751429182451e-10,3.314806,764931.4528095587,3.314806,4.965482810219495e-10
3.459759,-15.64580322727467,3.459759,-0.2709746842311704,3.459759,-5.035429864321086e-06,3.459759,-3.381754502435264e-13,3.459759,2.657751429009038e-10,3.459759,732883.1382710666,3.459759,4.965482809994558e-10
3.611051,-15.64580322702428,3.611051,-0.2709746842279288,3.611051,-5.255624642641513e-06,3.611051,-3.381754502268125e-13,3.611051,2.657751428842842e-10,3.611051,702177.551191484,3.611051,4.965482809778979e-10
3.768959,-15.64580322678442,3.768959,-0.270974684224823,3.768959,-5.485448338777625e-06,3.768959,-3.381754502107149e-13,3.768959,2.657751428683638e-10,3.768959,672758.4353508463,3.768959,4.965482809572468e-10
3.933773,-15.64580322655478,3.933773,-0.2709746842218485,3.933773,-5.725322016566461e-06,3.933773,-3.381754501952592e-13,3.933773,2.657751428531212e-10,3.933773,644571.8914946911,3.933773,4.96548280937476e-10
4.105793,-15.64580322633462,4.105793,-0.2709746842189976,4.105793,-5.975685152585176e-06,4.105793,-3.381754501805293e-13,4.105793,2.657751428385091e-10,4.105793,617566.2785842643,4.105793,4.965482809185223e-10
4.285335,-15.64580322612371,4.285335,-0.2709746842162664,4.285335,-6.23699644132213e-06,4.285335,-3.38175450166636e-13,4.285335,2.657751428245091e-10,4.285335,591692.1191842417,4.285335,4.965482809003628e-10
4.472729,-15.64580322592161,4.472729,-0.2709746842136496,4.472729,-6.50973463555958e-06,4.472729,-3.381754501529377e-13,4.472729,2.657751428110961e-10,4.472729,566902.0088142005,4.472729,4.965482808829643e-10
4.668318,-15.64580322572801,4.668318,-0.2709746842111422,4.668318,-6.794399423504441e-06,4.668318,-3.381754501401176e-13,4.668318,2.657751427982455e-10,4.668318,543150.5290980982,4.668318,4.96548280866296e-10
4.872459,-15.64580322554253,4.872459,-0.2709746842087402,4.872459,-7.09151234427539e-06,4.872459,-3.381754501275656e-13,4.872459,2.657751427859344e-10,4.872459,520394.1645525044,4.872459,4.965482808503269e-10
5.085527,-15.64580322536479,5.085527,-0.2709746842064388,5.085527,-7.401617743423601e-06,5.085527,-3.381754501156882e-13,5.085527,2.657751427741369e-10,5.085527,498591.2228611429,5.085527,4.965482808350241e-10
5.307913,-15.64580322519456,5.307913,-0.2709746842042339,5.307913,-7.725283770236823e-06,5.307913,-3.381754501043442e-13,5.307913,2.657751427628376e-10,5.307913,477701.7584897342,5.307913,4.965482808203679e-10
5.540023,-15.64580322503133,5.540023,-0.270974684202121,5.540023,-8.063103418656147e-06,5.540023,-3.381754500934002e-13,5.540023,2.657751427520035e-10,5.540023,457687.4995010514,5.540023,4.965482808063146e-10
5.782283,-15.64580322487499,5.782283,-0.2709746842000966,5.782283,-8.415695613708753e-06,5.782283,-3.381754500829742e-13,5.782283,2.657751427416266e-10,5.782283,438511.7774363453,5.782283,4.965482807928543e-10
6.035137,-15.64580322472529,6.035137,-0.2709746841981577,6.035137,-8.783706345451847e-06,6.035137,-3.381754500728855e-13,6.035137,2.657751427316905e-10,6.035137,420139.4601343821,6.035137,4.965482807799663e-10
6.299048,-15.64580322458178,6.299048,-0.2709746841962992,6.299048,-9.167809852502009e-06,6.299048,-3.381754500633478e-13,6.299048,2.657751427221652e-10,6.299048,402536.8873652245,6.299048,4.965482807676107e-10
6.5745,-15.64580322444433,6.5745,-0.2709746841945191,6.5745,-9.568709857317987e-06,6.5745,-3.381754500541578e-13,6.5745,2.657751427130412e-10,6.5745,385671.8091608033,6.5745,4.96548280755776e-10
6.861997,-15.64580322431261,6.861997,-0.2709746841928136,6.861997,-9.987140855503354e-06,6.861997,-3.381754500453174e-13,6.861997,2.657751427042985e-10,6.861997,369513.3267291713,6.861997,4.965482807444355e-10
7.162066,-15.64580322418641,7.162066,-0.2709746841911793,7.162066,-1.042386946148764e-05,7.162066,-3.381754500368871e-13,7.162066,2.657751426959224e-10,7.162066,354031.8358443307,7.162066,4.96548280733571e-10
7.475256,-15.64580322406548,7.475256,-0.2709746841896135,7.475256,-1.087969581305377e-05,7.475256,-3.38175450028682e-13,7.475256,2.657751426878959e-10,7.475256,339198.9726078208,7.475256,4.965482807231591e-10
7.802142,-15.64580322394962,7.802142,-0.2709746841881131,7.802142,-1.135545503728362e-05,7.802142,-3.381754500210382e-13,7.802142,2.657751426802055e-10,7.802142,324987.5614827562,7.802142,4.965482807131837e-10
8.143323000000001,-15.64580322383859,8.143323000000001,-0.2709746841866758,8.143323000000001,-1.185201878060851e-05,8.143323000000001,-3.381754500135843e-13,8.143323000000001,2.65775142672836e-10,8.143323000000001,311371.5655050612,8.143323000000001,4.965482807036248e-10
8.499423,-15.64580322373231,8.499423,-0.2709746841852991,8.499423,-1.237029680576675e-05,8.499423,-3.381754500063745e-13,8.499423,2.657751426657817e-10,8.499423,298326.0385807263,8.499423,4.965482806944747e-10
8.871095,-15.64580322363041,8.871095,-0.2709746841839796,8.871095,-1.291123865859639e-05,8.871095,-3.381754499995261e-13,8.871095,2.657751426590186e-10,8.871095,285827.0797816208,8.871095,4.965482806857021e-10
9.25902,-15.64580322353282,9.25902,-0.2709746841827156,9.25902,-1.347583540771236e-05,9.25902,-3.381754499930739e-13,9.25902,2.657751426525407e-10,9.25902,273851.7895562412,9.25902,4.965482806772997e-10
9.663909,-15.64580322343923,9.663909,-0.2709746841815042,9.663909,-1.406512146026137e-05,9.663909,-3.381754499868311e-13,9.663909,2.657751426463297e-10,9.663909,262378.2277750278,9.663909,4.965482806692429e-10
10.0865,-15.64580322334961,10.0865,-0.2709746841803438,10.0865,-1.468017645707513e-05,10.0865,-3.381754499809168e-13,10.0865,2.657751426403809e-10,10.0865,251385.3735335114,10.0865,4.965482806615265e-10
10.52758,-15.64580322326377,10.52758,-0.270974684179232,10.52758,-1.532212725069943e-05,10.52758,-3.381754499749852e-13,10.52758,2.657751426346826e-10,10.52758,240853.0866395443,10.52758,4.965482806541355e-10
10.98794,-15.64580322318152,10.98794,-0.2709746841781668,10.98794,-1.599214996991928e-05,10.98794,-3.381754499694797e-13,10.98794,2.65775142629224e-10,10.98794,230762.0707141209,10.98794,4.965482806470548e-10
11.46843,-15.64580322310272,11.46843,-0.2709746841771465,11.46843,-1.669147217456407e-05,11.46843,-3.381754499643954e-13,11.46843,2.65775142623994e-10,11.46843,221093.8378381605,11.46843,4.965482806402711e-10
11.96993,-15.6458032230272,11.96993,-0.2709746841761685,11.96993,-1.742137510454057e-05,11.96993,-3.381754499592535e-13,11.96993,2.657751426189808e-10,11.96993,211830.6746804804,11.96993,4.965482806337684e-10
12.49337,-15.64580322295484,12.49337,-0.2709746841752317,12.49337,-1.818319602721326e-05,12.49337,-3.381754499543973e-13,12.49337,2.657751426141786e-10,12.49337,202955.6100449135,12.49337,4.96548280627539e-10
13.03969,-15.64580322288552,13.03969,-0.270974684174334,13.03969,-1.897833068743541e-05,13.03969,-3.381754499498404e-13,13.03969,2.657751426095772e-10,13.03969,194452.3837770807,13.03969,4.965482806215709e-10
13.60991,-15.64580322281911,13.60991,-0.2709746841734741,13.60991,-1.98082358647157e-05,13.60991,-3.381754499453537e-13,13.60991,2.657751426051692e-10,13.60991,186305.4169739015,13.60991,4.965482806158529e-10
14.20505,-15.64580322275545,14.20505,-0.27097468417265,14.20505,-2.067443204220897e-05,14.20505,-3.381754499410946e-13,14.20505,2.657751426009437e-10,14.20505,178499.7834412177,14.20505,4.965482806103717e-10
14.82623,-15.64580322269455,14.82623,-0.2709746841718608,14.82623,-2.15785061924176e-05,14.82623,-3.381754499370478e-13,14.82623,2.657751425969009e-10,14.82623,171021.1823472735,14.82623,4.965482806051282e-10
15.47457,-15.64580322263617,15.47457,-0.2709746841711045,15.47457,-2.252211468471234e-05,15.47457,-3.381754499330654e-13,15.47457,2.657751425930264e-10,15.47457,163855.9120219068,15.47457,4.965482806001027e-10
16.15126,-15.64580322258018,16.15126,-0.2709746841703799,16.15126,-2.350698631999311e-05,16.15126,-3.38175449929381e-13,16.15126,2.657751425893104e-10,16.15126,156990.8448535002,16.15126,4.965482805952824e-10
16.85754,-15.64580322252657,16.85754,-0.2709746841696856,16.85754,-2.453492549805325e-05,16.85754,-3.381754499257786e-13,16.85754,2.657751425857519e-10,16.85754,150413.4032376687,16.85754,4.965482805906664e-10
17.5947,-15.64580322247513,17.5947,-0.27097468416902,17.5947,-2.560781552345289e-05,17.5947,-3.381754499224478e-13,17.5947,2.657751425823375e-10,17.5947,144111.5365336055,17.5947,4.965482805862374e-10
18.3641,-15.645803222426,18.3641,-0.2709746841683831,18.3641,-2.672762205594892e-05,18.3641,-3.381754499190246e-13,18.3641,2.657751425790767e-10,18.3641,138073.6989859221,18.3641,4.965482805820082e-10
19.16715,-15.6458032223788,19.16715,-0.2709746841677722,19.16715,-2.789639671181902e-05,19.16715,-3.381754499158208e-13,19.16715,2.657751425759437e-10,19.16715,132288.828571447,19.16715,4.965482805779442e-10
20.00531,-15.64580322233359,20.00531,-0.270974684167187,20.00531,-2.911628082265594e-05,20.00531,-3.381754499127863e-13,20.00531,2.657751425729424e-10,20.00531,126746.3267323386,20.00531,4.965482805740509e-10
20.88012,-15.64580322229035,20.88012,-0.2709746841666267,20.88012,-3.038950935853949e-05,20.88012,-3.381754499099213e-13,20.88012,2.657751425700726e-10,20.88012,121436.0389582763,20.88012,4.965482805703287e-10
21.79319,-15.64580322224881,21.79319,-0.2709746841660893,21.79319,-3.17184150227655e-05,21.79319,-3.381754499072296e-13,21.79319,2.657751425673158e-10,21.79319,116348.236182202,21.79319,4.965482805667525e-10
22.74619,-15.64580322220915,22.74619,-0.270974684165575,22.74619,-3.310543252562381e-05,22.74619,-3.381754499044752e-13,22.74619,2.657751425646834e-10,22.74619,111473.5969555585,22.74619,4.965482805633382e-10
23.74086,-15.64580322217106,23.74086,-0.270974684165082,23.74086,-3.455310304507976e-05,23.74086,-3.381754499020148e-13,23.74086,2.657751425621552e-10,23.74086,106803.1903702796,23.74086,4.965482805600588e-10
24.77902,-15.64580322213467,24.77902,-0.2709746841646101,24.77902,-3.606407888250114e-05,24.77902,-3.38175449899611e-13,24.77902,2.657751425597397e-10,24.77902,102328.459696349,24.77902,4.96548280556926e-10
25.86259,-15.64580322209959,25.86259,-0.2709746841641568,25.86259,-3.764112832199202e-05,25.86259,-3.381754498971868e-13,25.86259,2.657751425574113e-10,25.86259,98041.20670484836,25.86259,4.965482805539053e-10
26.99353,-15.64580322206608,26.99353,-0.2709746841637229,26.99353,-3.9287140702202e-05,26.99353,-3.381754498949034e-13,26.99353,2.657751425551876e-10,26.99353,93933.57664787266,26.99353,4.965482805510207e-10
28.17394,-15.64580322203415,28.17394,-0.2709746841633085,28.17394,-4.100513170994014e-05,28.17394,-3.381754498928187e-13,28.17394,2.657751425530675e-10,28.17394,89998.04386769232,28.17394,4.965482805482712e-10
29.40596,-15.64580322200338,29.40596,-0.2709746841629103,29.40596,-4.279824890526647e-05,29.40596,-3.381754498907154e-13,29.40596,2.657751425510254e-10,29.40596,86227.39800887047,29.40596,4.965482805456225e-10
30.69185,-15.64580322197389,30.69185,-0.2709746841625288,30.69185,-4.466977748818119e-05,30.69185,-3.381754498887003e-13,30.69185,2.657751425490684e-10,30.69185,82614.73080806639,30.69185,4.96548280543084e-10
32.03398,-15.64580322194567,32.03398,-0.2709746841621634,32.03398,-4.662314631749976e-05,32.03398,-3.381754498869154e-13,32.03398,2.657751425471945e-10,32.03398,79153.42343727933,32.03398,4.965482805406531e-10
33.4348,-15.64580322191865,33.4348,-0.2709746841618134,33.4348,-4.86619341929226e-05,33.4348,-3.381754498850333e-13,33.4348,2.657751425454015e-10,33.4348,75837.13437738334,33.4348,4.965482805383272e-10
34.89687,-15.64580322189282,34.89687,-0.2709746841614784,34.89687,-5.078987641181232e-05,34.89687,-3.381754498833851e-13,34.89687,2.657751425436871e-10,34.89687,72659.78779972653,34.89687,4.965482805361039e-10
36.42288,-15.64580322186789,36.42288,-0.2709746841611563,36.42288,-5.30108716126988e-05,36.42288,-3.381754498816856e-13,36.42288,2.657751425420322e-10,36.42288,69615.56243449825,36.42288,4.965482805339568e-10
38.01562,-15.64580322184413,38.01562,-0.2709746841608487,38.01562,-5.532898891802931e-05,38.01562,-3.381754498801467e-13,38.01562,2.657751425404557e-10,38.01562,66698.88090549689,38.01562,4.965482805319121e-10
39.67801,-15.64580322182138,39.67801,-0.2709746841605537,39.67801,-5.774847538928897e-05,39.67801,-3.381754498786029e-13,39.67801,2.657751425389448e-10,39.67801,63904.39951170889,39.67801,4.965482805299522e-10
41.41309,-15.64580322179953,41.41309,-0.2709746841602709,41.41309,-6.027376380810543e-05,41.41309,-3.381754498771049e-13,41.41309,2.657751425374944e-10,41.41309,61226.99843703458,41.41309,4.965482805280708e-10
43.22405,-15.64580322177866,43.22405,-0.2709746841600005,43.22405,-6.290948079762207e-05,43.22405,-3.381754498756828e-13,43.22405,2.657751425361094e-10,43.22405,58661.77237018685,43.22405,4.965482805262746e-10
45.1142,-15.64580322175853,45.1142,-0.2709746841597405,45.1142,-6.566045529901823e-05,45.1142,-3.381754498743241e-13,45.1142,2.657751425347738e-10,45.1142,56204.02151758254,45.1142,4.965482805245416e-10
47.087,-15.64580322173936,47.087,-0.270974684159492,47.087,-6.853172741868094e-05,47.087,-3.381754498731476e-13,47.087,2.657751425335014e-10,47.087,53849.2429927823,47.087,4.965482805228914e-10
49.14607,-15.64580322172097,49.14607,-0.2709746841592539,49.14607,-7.152855766228196e-05,49.14607,-3.381754498719144e-13,49.14607,2.657751425322808e-10,49.14607,51593.1225666655,49.14607,4.96548280521308e-10
51.29518,-15.64580322170333,51.29518,-0.2709746841590255,51.29518,-7.465643657262954e-05,51.29518,-3.381754498706345e-13,51.29518,2.657751425311097e-10,51.29518,49431.52676326621,51.29518,4.965482805197887e-10
53.53827,-15.6458032216865,53.53827,-0.2709746841588074,53.53827,-7.792109478898393e-05,53.53827,-3.381754498695225e-13,53.53827,2.657751425299921e-10,53.53827,47360.49528676182,53.53827,4.965482805183395e-10
55.87946,-15.6458032216703,55.87946,-0.2709746841585978,55.87946,-8.132851354626368e-05,55.87946,-3.381754498684376e-13,55.87946,2.657751425289181e-10,55.87946,45376.23376574537,55.87946,4.965482805169464e-10
58.32301,-15.64580322165484,58.32301,-0.2709746841583972,58.32301,-8.488493563335757e-05,58.32301,-3.381754498674736e-13,58.32301,2.657751425278913e-10,58.32301,43475.10680149891,58.32301,4.965482805156147e-10
60.87343,-15.64580322164,60.87343,-0.270974684158205,60.87343,-8.859687683065025e-05,60.87343,-3.381754498664191e-13,60.87343,2.657751425269065e-10,60.87343,41653.63130751472,60.87343,4.965482805143372e-10
63.53537,-15.64580322162571,63.53537,-0.2709746841580206,63.53537,-9.247113784768845e-05,63.53537,-3.381754498655369e-13,63.53537,2.657751425259582e-10,63.53537,39908.47012807641,63.53537,4.965482805131067e-10
66.31371,-15.64580322161214,66.31371,-0.2709746841578443,66.31371,-9.651481678287052e-05,66.31371,-3.381754498645428e-13,66.31371,2.657751425250569e-10,66.31371,38236.42592420153,66.31371,4.96548280511938e-10
69.21355,-15.64580322159905,69.21355,-0.2709746841576749,69.21355,-0.0001007353221280043,69.21355,-3.381754498637189e-13,69.21355,2.657751425241879e-10,69.21355,36634.43531573812,69.21355,4.965482805108107e-10
72.24019,-15.64580322158654,72.24019,-0.2709746841575131,72.24019,-0.000105140386341513,72.24019,-3.381754498628725e-13,72.24019,2.657751425233582e-10,72.24019,35099.56326890092,72.24019,4.965482805097344e-10
75.39919,-15.64580322157452,75.39919,-0.2709746841573576,75.39919,-0.0001097380800152148,75.39919,-3.381754498619774e-13,75.39919,2.657751425225598e-10,75.39919,33628.99771894205,75.39919,4.965482805086986e-10
78.69633,-15.64580322156311,78.69633,-0.2709746841572093,78.69633,-0.000114536826660576,78.69633,-3.381754498613576e-13,78.69633,2.657751425218032e-10,78.69633,32220.04441812426,78.69633,4.965482805077177e-10
82.13764999999999,-15.64580322155205,82.13764999999999,-0.2709746841570665,82.13764999999999,-0.0001195454181415873,82.13764999999999,-3.381754498605256e-13,82.13764999999999,2.657751425210687e-10,82.13764999999999,30870.12199953901,82.13764999999999,4.965482805067649e-10
85.72945,-15.64580322154153,85.72945,-0.2709746841569301,85.72945,-0.0001247730307824579,85.72945,-3.381754498597518e-13,85.72945,2.6577514252037e-10,85.72945,29576.75724774813,85.72945,4.965482805058583e-10
89.47832,-15.64580322153142,89.47832,-0.2709746841567992,89.47832,-0.0001302292421797363,89.47832,-3.381754498591519e-13,89.47832,2.657751425196993e-10,89.47832,28337.58056755833,89.47832,4.965482805049884e-10
93.39113,-15.64580322152175,93.39113,-0.2709746841566739,93.39113,-0.000135924048749572,93.39113,-3.381754498586176e-13,93.39113,2.657751425190575e-10,93.39113,27150.32164264951,93.39113,4.96548280504156e-10
97.47504000000001,-15.64580322151251,97.47504000000001,-0.2709746841565541,97.47504000000001,-0.0001418678840423205,97.47504000000001,-3.381754498579505e-13,97.47504000000001,2.657751425184443e-10,97.47504000000001,26012.80527608917,97.47504000000001,4.965482805033607e-10
101.7375,-15.64580322150354,101.7375,-0.2709746841564385,101.7375,-0.0001480716378580311,101.7375,-3.38175449857289e-13,101.7375,2.65775142517849e-10,101.7375,24922.94740511711,101.7375,4.965482805025882e-10
106.1864,-15.64580322149519,106.1864,-0.2709746841563291,106.1864,-0.0001545466761978086,106.1864,-3.38175449856738e-13,106.1864,2.657751425172948e-10,106.1864,23878.75128290255,106.1864,4.9654828050187e-10
110.8299,-15.64580322148694,110.8299,-0.2709746841562231,110.8299,-0.0001613048620877001,110.8299,-3.38175449856156e-13,110.8299,2.657751425167475e-10,110.8299,22878.30382026402,110.8299,4.965482805011597e-10
115.6763,-15.64580322147908,115.6763,-0.2709746841561217,115.6763,-0.0001683585773130891,115.6763,-3.381754498556453e-13,115.6763,2.657751425162253e-10,115.6763,21919.77208067475,115.6763,4.965482805004821e-10
120.7348,-15.64580322147169,120.7348,-0.2709746841560252,120.7348,-0.0001757207451036002,120.7348,-3.381754498551361e-13,120.7348,2.65775142515735e-10,120.7348,21001.39992210445,120.7348,4.965482804998467e-10
126.0144,-15.64580322146448,126.0144,-0.2709746841559321,126.0144,-0.0001834048538099781,126.0144,-3.38175449854685e-13,126.0144,2.65775142515257e-10,126.0144,20121.50477956096,126.0144,4.965482804992265e-10
131.5249,-15.64580322145753,131.5249,-0.2709746841558427,131.5249,-0.0001914249816162911,131.5249,-3.381754498542469e-13,131.5249,2.657751425147947e-10,131.5249,19278.47458243822,131.5249,4.965482804986262e-10
137.2764,-15.64580322145094,137.2764,-0.2709746841557575,137.2764,-0.0001997958223328126,137.2764,-3.381754498537533e-13,137.2764,2.657751425143575e-10,137.2764,18470.76480101384,137.2764,4.965482804980593e-10
143.2793,-15.64580322144465,143.2793,-0.2709746841556758,143.2793,-0.0002085327123168189,143.2793,-3.381754498533374e-13,143.2793,2.657751425139402e-10,143.2793,17696.89561668834,143.2793,4.965482804975181e-10
149.5448,-15.64580322143872,149.5448,-0.2709746841555982,149.5448,-0.000217651658570557,149.5448,-3.381754498528163e-13,149.5448,2.657751425135466e-10,149.5448,16955.44921078732,149.5448,4.96548280497008e-10
156.0843,-15.6458032214329,156.0843,-0.2709746841555229,156.0843,-0.0002271693680679779,156.0843,-3.381754498525492e-13,156.0843,2.657751425131606e-10,156.0843,16245.06716694928,156.0843,4.965482804965074e-10
162.9097,-15.64580322142726,162.9097,-0.2709746841554507,162.9097,-0.0002371032783638227,162.9097,-3.381754498521476e-13,162.9097,2.657751425127857e-10,162.9097,15564.44798235142,162.9097,4.965482804960205e-10
170.0336,-15.64580322142197,170.0336,-0.270974684155382,170.0336,-0.0002474715895412674,170.0336,-3.38175449851818e-13,170.0336,2.657751425124342e-10,170.0336,14912.34468320353,170.0336,4.965482804955648e-10
177.469,-15.64580322141697,177.469,-0.2709746841553165,177.469,-0.0002582932975566184,177.469,-3.381754498515233e-13,177.469,2.657751425121033e-10,177.469,14287.56254014527,177.469,4.965482804951358e-10
185.2295,-15.645803221412,185.2295,-0.2709746841552527,185.2295,-0.0002695882290421324,185.2295,-3.381754498511673e-13,185.2295,2.657751425117736e-10,185.2295,13688.95687936233,185.2295,4.96548280494708e-10
193.3295,-15.64580322140737,193.3295,-0.2709746841551925,193.3295,-0.0002813770776306602,193.3295,-3.381754498508711e-13,193.3295,2.657751425114655e-10,193.3295,13115.43098541337,193.3295,4.965482804943081e-10
201.7836,-15.64580322140287,201.7836,-0.2709746841551345,201.7836,-0.0002936814418688662,201.7836,-3.381754498504834e-13,201.7836,2.657751425111668e-10,201.7836,12565.93409191594,201.7836,4.965482804939209e-10
210.6074,-15.64580322139864,210.6074,-0.2709746841550792,210.6074,-0.0003065238647882392,210.6074,-3.381754498502788e-13,210.6074,2.657751425108868e-10,210.6074,12039.45945642195,210.6074,4.96548280493558e-10
219.8171,-15.64580322139441,219.8171,-0.2709746841550252,219.8171,-0.0003199278752066095,219.8171,-3.381754498500217e-13,219.8171,2.657751425106053e-10,219.8171,11535.04251594599,219.8171,4.965482804931924e-10
229.4295,-15.64580322139047,229.4295,-0.2709746841549744,229.4295,-0.0003339180308356041,229.4295,-3.381754498496914e-13,229.4295,2.657751425103442e-10,229.4295,11051.75911977649,229.4295,4.965482804928535e-10
239.4622,-15.64580322138673,239.4622,-0.2709746841549256,239.4622,-0.0003485199632733329,239.4622,-3.381754498494476e-13,239.4622,2.657751425100955e-10,239.4622,10588.72383632043,239.4622,4.965482804925311e-10
249.9337,-15.64580322138313,249.9337,-0.2709746841548789,249.9337,-0.0003637604249644179,249.9337,-3.38175449849304e-13,249.9337,2.657751425098561e-10,249.9337,10145.08833089108,249.9337,4.965482804922205e-10
260.863,-15.6458032213797,260.863,-0.2709746841548343,260.863,-0.0003796673382136001,260.863,-3.381754498489013e-13,260.863,2.657751425096294e-10,260.863,9720.039811459637,260.863,4.965482804919269e-10
272.2704,-15.64580322137628,272.2704,-0.2709746841547906,272.2704,-0.0003962698463426868,272.2704,-3.381754498487835e-13,272.2704,2.657751425094022e-10,272.2704,9312.799539524702,272.2704,4.965482804916316e-10
284.1765,-15.64580322137321,284.1765,-0.27097468415475,284.1765,-0.0004135983670844479,284.1765,-3.381754498485637e-13,284.1765,2.657751425091981e-10,284.1765,8922.621403374049,284.1765,4.965482804913671e-10
296.6033,-15.64580322137007,296.6033,-0.2709746841547102,296.6033,-0.0004316846483115739,296.6033,-3.381754498483426e-13,296.6033,2.657751425089899e-10,296.6033,8548.790551118265,296.6033,4.965482804910968e-10
309.5735,-15.64580322136723,309.5735,-0.2709746841546727,309.5735,-0.0004505618262023375,309.5735,-3.38175449848207e-13,309.5735,2.65775142508801e-10,309.5735,8190.622081001672,309.5735,4.965482804908523e-10
323.1108,-15.64580322136447,323.1108,-0.2709746841546366,323.1108,-0.0004702644859500758,323.1108,-3.381754498480629e-13,323.1108,2.657751425086184e-10,323.1108,7847.459786579704,323.1108,4.965482804906153e-10
337.2402,-15.64580322136181,337.2402,-0.270974684154602,337.2402,-0.0004908287251272178,337.2402,-3.381754498477433e-13,337.2402,2.657751425084413e-10,337.2402,7518.674954473698,337.2402,4.965482804903859e-10
351.9874,-15.64580322135923,351.9874,-0.2709746841545687,351.9874,-0.0005122922198202749,351.9874,-3.38175449847663e-13,351.9874,2.657751425082703e-10,351.9874,7203.665212494152,351.9874,4.965482804901639e-10
367.3795,-15.64580322135674,367.3795,-0.2709746841545368,367.3795,-0.0005346942936568278,367.3795,-3.381754498474547e-13,367.3795,2.657751425081053e-10,367.3795,6901.853426024553,367.3795,4.9654828048995e-10
383.4446,-15.6458032213543,383.4446,-0.2709746841545058,383.4446,-0.0005580759898510122,383.4446,-3.381754498473372e-13,383.4446,2.657751425079428e-10,383.4446,6612.686640643306,383.4446,4.965482804897388e-10
400.2123,-15.64580322135211,400.2123,-0.270974684154477,400.2123,-0.0005824801463994247,400.2123,-3.381754498472477e-13,400.2123,2.657751425077982e-10,400.2123,6335.635069047246,400.2123,4.965482804895513e-10
417.7132,-15.6458032213499,417.7132,-0.2709746841544486,417.7132,-0.0006079514745654537,417.7132,-3.381754498470961e-13,417.7132,2.657751425076513e-10,417.7132,6070.191120418181,417.7132,4.965482804893608e-10
435.9795,-15.64580322134777,435.9795,-0.2709746841544216,435.9795,-0.0006345366407953985,435.9795,-3.381754498468691e-13,435.9795,2.6577514250751e-10,435.9795,5815.868470458682,435.9795,4.965482804891771e-10
455.0445,-15.64580322134579,455.0445,-0.2709746841543958,455.0445,-0.0006622843522169052,455.0445,-3.381754498467349e-13,455.0445,2.657751425073783e-10,455.0445,5572.20117038857,455.0445,4.965482804890064e-10
474.9431,-15.64580322134405,474.9431,-0.2709746841543719,474.9431,-0.0006912454458761051,474.9431,-3.381754498466439e-13,474.9431,2.657751425072623e-10,474.9431,5338.742793272369,474.9431,4.965482804888566e-10
495.712,-15.64580322134209,495.712,-0.2709746841543477,495.712,-0.0007214729818771068,495.712,-3.381754498465e-13,495.712,2.65775142507133e-10,495.712,5115.065616112479,495.712,4.965482804886885e-10
517.389,-15.64580322134039,517.389,-0.2709746841543254,517.389,-0.0007530223405940665,517.389,-3.381754498463867e-13,517.389,2.657751425070194e-10,517.389,4900.759836212373,517.389,4.965482804885412e-10
540.0139,-15.64580322133878,540.0139,-0.270974684154304,540.0139,-0.0007859513241347395,540.0139,-3.381754498462374e-13,540.0139,2.657751425069135e-10,540.0139,4695.432820368485,540.0139,4.965482804884042e-10
563.6283,-15.64580322133711,563.6283,-0.2709746841542828,563.6283,-0.0008203202622406124,563.6283,-3.38175449846129e-13,563.6283,2.657751425068017e-10,563.6283,4498.708385520982,563.6283,4.96548280488259e-10
588.2752,-15.64580322133562,588.2752,-0.2709746841542633,588.2752,-0.0008561921228179146,588.2752,-3.381754498459704e-13,588.2752,2.657751425067033e-10,588.2752,4310.226109543068,588.2752,4.965482804881315e-10
614,-15.64580322133409,614,-0.2709746841542439,614,-0.0008936326273023797,614,-3.381754498459819e-13,614,2.657751425066019e-10,614,4129.640670904493,614,4.965482804879997e-10
640.8496,-15.64580322133263,640.8496,-0.2709746841542255,640.8496,-0.0009327103710684033,640.8496,-3.381754498458136e-13,640.8496,2.657751425065053e-10,640.8496,3956.621216003128,640.8496,4.96548280487874e-10
668.8733999999999,-15.6458032213313,668.8733999999999,-0.2709746841542078,668.8733999999999,-0.0009734969491038581,668.8733999999999,-3.381754498457566e-13,668.8733999999999,2.657751425064165e-10,668.8733999999999,3790.850753002128,668.8733999999999,4.96548280487759e-10
698.1226,-15.64580322133,698.1226,-0.2709746841541912,698.1226,-0.001016067087180497,698.1226,-3.381754498456913e-13,698.1226,2.657751425063304e-10,698.1226,3632.025571063788,698.1226,4.965482804876475e-10
728.6509,-15.64580322132882,728.6509,-0.2709746841541755,728.6509,-0.001060498778760208,728.6509,-3.38175449845606e-13,728.6509,2.657751425062518e-10,728.6509,3479.85468391616,728.6509,4.965482804875456e-10
760.5141,-15.64580322132767,760.5141,-0.2709746841541602,760.5141,-0.001106873427888225,760.5141,-3.381754498455802e-13,760.5141,2.657751425061758e-10,760.5141,3334.059296731939,760.5141,4.965482804874473e-10
793.7707,-15.64580322132649,793.7707,-0.2709746841541453,793.7707,-0.001155275998334806,793.7707,-3.381754498454065e-13,793.7707,2.657751425060978e-10,793.7707,3194.372295343915,793.7707,4.965482804873458e-10
828.4816,-15.64580322132536,828.4816,-0.2709746841541309,828.4816,-0.001205795169258729,828.4816,-3.381754498454317e-13,828.4816,2.657751425060219e-10,828.4816,3060.537756860787,828.4816,4.965482804872473e-10
864.7103,-15.64580322132439,864.7103,-0.2709746841541178,864.7103,-0.001258523497677877,864.7103,-3.381754498453701e-13,864.7103,2.657751425059581e-10,864.7103,2932.31048078645,864.7103,4.965482804871649e-10
902.5232999999999,-15.64580322132331,902.5232999999999,-0.2709746841541043,902.5232999999999,-0.001313557588044666,902.5232999999999,-3.3817544984521e-13,902.5232999999999,2.657751425058865e-10,902.5232999999999,2809.455539783732,902.5232999999999,4.965482804870714e-10
941.9899,-15.64580322132242,941.9899,-0.2709746841540924,941.9899,-0.001370998269236342,941.9899,-3.381754498452646e-13,941.9899,2.657751425058277e-10,941.9899,2691.747849260803,941.9899,4.965482804869958e-10
983.1822,-15.64580322132143,983.1822,-0.27097468415408,983.1822,-0.001430950779285654,983.1822,-3.38175449845052e-13,983.1822,2.657751425057614e-10,983.1822,2578.971754989122,983.1822,4.965482804869093e-10
1000,-15.64580322132108,1000,-0.2709746841540757,1000,-0.001455427819450264,1000,-3.381754498451039e-13,1000,2.657751425057386e-10,1000,2535.599219170721,1000,4.965482804868797e-10
1026.176,-15.6458032213206,1026.176,-0.270974684154069,1026.176,-0.001493524958188812,1026.176,-3.38175449845115e-13,1026.176,2.65775142505706e-10,1026.176,2470.920638000472,1026.176,4.965482804868376e-10
1071.05,-15.6458032213198,1071.05,-0.2709746841540583,1071.05,-0.001558835449145508,1071.05,-3.38175449845006e-13,1071.05,2.657751425056536e-10,1071.05,2367.396536036303,1071.05,4.965482804867701e-10
1117.886,-15.64580322131886,1117.886,-0.2709746841540472,1117.886,-0.001627001908598553,1117.886,-3.38175449844934e-13,1117.886,2.657751425055911e-10,1117.886,2268.20978085797,1117.886,4.965482804866881e-10
1166.77,-15.64580322131813,1166.77,-0.2709746841540375,1166.77,-0.001698149225458181,1166.77,-3.381754498448537e-13,1166.77,2.657751425055423e-10,1166.77,2173.178650752702,1166.77,4.965482804866251e-10
1217.792,-15.64580322131739,1217.792,-0.2709746841540276,1217.792,-0.001772407749913546,1217.792,-3.381754498448294e-13,1217.792,2.657751425054933e-10,1217.792,2082.12903759764,1217.792,4.965482804865617e-10
1271.045,-15.64580322131671,1271.045,-0.2709746841540186,1271.045,-0.001849913532249192,1271.045,-3.381754498447846e-13,1271.045,2.657751425054479e-10,1271.045,1994.89412787381,1271.045,4.96548280486503e-10
1326.626,-15.64580322131603,1326.626,-0.2709746841540097,1326.626,-0.001930808572105155,1326.626,-3.381754498447528e-13,1326.626,2.657751425054028e-10,1326.626,1911.314097044183,1326.626,4.965482804864443e-10
1384.638,-15.64580322131538,1384.638,-0.2709746841540013,1384.638,-0.002015241078636807,1384.638,-3.38175449844657e-13,1384.638,2.657751425053598e-10,1384.638,1831.235816736515,1384.638,4.965482804863884e-10
1445.187,-15.64580322131474,1445.187,-0.2709746841539932,1445.187,-0.00210336574205146,1445.187,-3.381754498446352e-13,1445.187,2.657751425053169e-10,1445.187,1754.51257419418,1445.187,4.965482804863329e-10
1508.384,-15.64580322131413,1508.384,-0.2709746841539853,1508.384,-0.002195344017018694,1508.384,-3.381754498445971e-13,1508.384,2.65775142505277e-10,1508.384,1681.003803481448,1508.384,4.96548280486281e-10
1574.344,-15.64580322131354,1574.344,-0.2709746841539779,1574.344,-0.002291344418474364,1574.344,-3.38175449844544e-13,1574.344,2.657751425052378e-10,1574.344,1610.574827950098,1574.344,4.9654828048623e-10
1643.189,-15.64580322131303,1643.189,-0.2709746841539709,1643.189,-0.002391542830359414,1643.189,-3.381754498445404e-13,1643.189,2.657751425052039e-10,1643.189,1543.096613496255,1643.189,4.965482804861864e-10
1715.044,-15.64580322131256,1715.044,-0.2709746841539645,1715.044,-0.002496122827859994,1715.044,-3.381754498445393e-13,1715.044,2.657751425051728e-10,1715.044,1478.445532154695,1715.044,4.965482804861464e-10
1790.041,-15.64580322131201,1790.041,-0.2709746841539578,1790.041,-0.00260527601373862,1790.041,-3.381754498444662e-13,1790.041,2.657751425051358e-10,1790.041,1416.503135598011,1790.041,4.965482804860983e-10
1868.318,-15.64580322131149,1868.318,-0.2709746841539513,1868.318,-0.002719202369372509,1868.318,-3.381754498444657e-13,1868.318,2.657751425051021e-10,1868.318,1357.15593812561,1868.318,4.965482804860541e-10
1950.018,-15.64580322131097,1950.018,-0.2709746841539449,1950.018,-0.002838110621143157,1950.018,-3.381754498444332e-13,1950.018,2.657751425050671e-10,1950.018,1300.295208744462,1950.018,4.965482804860085e-10
2035.291,-15.64580322131056,2035.291,-0.2709746841539393,2035.291,-0.002962218622847157,2035.291,-3.38175449844381e-13,2035.291,2.6577514250504e-10,2035.291,1245.816771961368,2035.291,4.965482804859736e-10
2124.292,-15.64580322131016,2124.292,-0.270974684153934,2124.292,-0.003091753754830074,2124.292,-3.381754498442946e-13,2124.292,2.657751425050135e-10,2124.292,1193.620816921169,2124.292,4.965482804859393e-10
2217.185,-15.64580322130984,2217.185,-0.2709746841539291,2217.185,-0.003226953340573524,2217.185,-3.381754498443404e-13,2217.185,2.657751425049921e-10,2217.185,1143.611714541724,2217.185,4.965482804859119e-10
2314.141,-15.6458032213094,2314.141,-0.2709746841539237,2314.141,-0.00336806508149974,2314.141,-3.381754498442865e-13,2314.141,2.65775142504963e-10,2314.141,1095.697842310174,2314.141,4.965482804858739e-10
2415.336,-15.64580322130896,2415.336,-0.2709746841539187,2415.336,-0.00351534751078916,2415.336,-3.381754498442802e-13,2415.336,2.65775142504934e-10,2415.336,1049.791416419914,2415.336,4.965482804858362e-10
2520.957,-15.64580322130868,2520.957,-0.2709746841539143,2520.957,-0.003669070467043463,2520.957,-3.381754498442398e-13,2520.957,2.657751425049152e-10,2520.957,1005.808330940382,2520.957,4.965482804858121e-10
2631.196,-15.64580322130826,2631.196,-0.2709746841539096,2631.196,-0.003829515588661921,2631.196,-3.381754498441924e-13,2631.196,2.657751425048877e-10,2631.196,963.6680037250248,2631.196,4.965482804857761e-10
2746.256,-15.64580322130792,2746.256,-0.2709746841539055,2746.256,-0.003996976829834946,2746.256,-3.381754498442084e-13,2746.256,2.657751425048651e-10,2746.256,923.2932287756462,2746.256,4.965482804857466e-10
2866.347,-15.64580322130761,2866.347,-0.2709746841539011,2866.347,-0.004171760999103142,2866.347,-3.381754498442123e-13,2866.347,2.657751425048443e-10,2866.347,884.6100347918258,2866.347,4.965482804857197e-10
2991.69,-15.64580322130736,2991.69,-0.2709746841538975,2991.69,-0.00435418832146605,2991.69,-3.381754498442113e-13,2991.69,2.657751425048282e-10,2991.69,847.5475496469373,2991.69,4.965482804856992e-10
3122.514,-15.64580322130699,3122.514,-0.2709746841538934,3122.514,-0.004544593025072116,3122.514,-3.381754498440737e-13,3122.514,2.657751425048034e-10,3122.514,812.0378705420727,3122.514,4.965482804856665e-10
3259.058,-15.64580322130677,3259.058,-0.2709746841538901,3259.058,-0.004743323953562788,3259.058,-3.381754498441146e-13,3259.058,2.657751425047891e-10,3259.058,778.0159396003423,3259.058,4.965482804856483e-10
3401.574,-15.64580322130658,3401.574,-0.2709746841538871,3401.574,-0.004950745205195885,3401.574,-3.381754498440958e-13,3401.574,2.657751425047756e-10,3401.574,745.4194246730552,3401.574,4.965482804856311e-10
3550.322,-15.64580322130625,3550.322,-0.2709746841538833,3550.322,-0.005167236799915603,3550.322,-3.381754498439749e-13,3550.322,2.65775142504754e-10,3550.322,714.188605140049,3550.322,4.965482804856026e-10
3705.574,-15.64580322130604,3705.574,-0.2709746841538804,3705.574,-0.00539319537559292,3705.574,-3.381754498441209e-13,3705.574,2.657751425047407e-10,3705.574,684.2662624945939,3705.574,4.965482804855856e-10
3867.615,-15.64580322130571,3867.615,-0.2709746841538769,3867.615,-0.005629034914713587,3867.615,-3.381754498439697e-13,3867.615,2.657751425047177e-10,3867.615,655.5975755122696,3867.615,4.965482804855553e-10
4036.743,-15.64580322130554,4036.743,-0.2709746841538743,4036.743,-0.005875187502840966,4036.743,-3.381754498440669e-13,4036.743,2.657751425047071e-10,4036.743,628.1300198122497,4036.743,4.965482804855419e-10
4213.266,-15.64580322130531,4213.266,-0.2709746841538714,4213.266,-0.006132104120248749,4213.266,-3.381754498440192e-13,4213.266,2.657751425046912e-10,4213.266,601.8132716263333,4213.266,4.965482804855212e-10
4397.508,-15.64580322130515,4397.508,-0.2709746841538689,4397.508,-0.006400255468168144,4397.508,-3.381754498440389e-13,4397.508,2.657751425046806e-10,4397.508,576.5991156000681,4397.508,4.965482804855076e-10
4589.807,-15.6458032213049,4589.807,-0.270974684153866,4589.807,-0.006680132831168461,4589.807,-3.381754498440633e-13,4589.807,2.657751425046645e-10,4589.807,552.4413564564979,4589.807,4.965482804854865e-10
4790.515,-15.64580322130476,4790.515,-0.2709746841538639,4790.515,-0.006972248977246806,4790.515,-3.381754498440144e-13,4790.515,2.65775142504655e-10,4790.515,529.295734361106,4790.515,4.965482804854745e-10
5000,-15.64580322130461,5000,-0.2709746841538617,5000,-0.007277139097279913,5000,-3.381754498440033e-13,5000,2.657751425046451e-10,5000,507.1198438325522,5000,4.965482804854616e-10
