kcgd X,kcgd Y,ids X,ids Y,kcds X,kcds Y,rds X,rds Y,kcgs X,kcgs Y,kgmp X,kgmp Y,kgds X,kgds Y
1,5.360734317702726e-11,1,-7.773138896848162e-06,1,-9.669673337945982e-14,1,396936.822520423,1,1.26123748185104e-10,1,-9.168244375148339,1,-0.3241023522582832
1.043729,5.360734317702726e-11,1.043729,-8.113051206208612e-06,1.043729,-9.669673337945064e-14,1.043729,380306.3701069261,1.043729,1.26123748185104e-10,1.043729,-9.168244375148339,1.043729,-0.3241023522582832
1.08937,5.360734317702726e-11,1.08937,-8.467827572366215e-06,1.08937,-9.669673337944479e-14,1.08937,364372.6833543248,1.08937,1.26123748185104e-10,1.08937,-9.168244375148339,1.08937,-0.3241023522582832
1.137008,5.360734317702726e-11,1.137008,-8.838117987034652e-06,1.137008,-9.669673337945523e-14,1.137008,349106.5698886464,1.137008,1.26123748185104e-10,1.137008,-9.168244375148339,1.137008,-0.3241023522582832
1.186728,5.360734317702726e-11,1.186728,-9.224600865475365e-06,1.186728,-9.66967333794694e-14,1.186728,334480.0604081005,1.186728,1.26123748185104e-10,1.186728,-9.168244375148339,1.186728,-0.3241023522582832
1.238622,5.360734317702726e-11,1.238622,-9.627984289433426e-06,1.238622,-9.669673337945483e-14,1.238622,320466.357440056,1.238622,1.26123748185104e-10,1.238622,-9.168244375148339,1.238622,-0.3241023522582832
1.292786,5.360734317702725e-11,1.292786,-1.004900730442608e-05,1.292786,-9.669673337945288e-14,1.292786,307039.7862449393,1.292786,1.26123748185104e-10,1.292786,-9.168244375148339,1.292786,-0.3241023522582831
1.349319,5.360734317702726e-11,1.349319,-1.048844127376025e-05,1.349319,-9.6696733379447e-14,1.349319,294175.7477771187,1.349319,1.26123748185104e-10,1.349319,-9.16824437514834,1.349319,-0.3241023522582832
1.408323,5.360734317702726e-11,1.408323,-1.094709129176017e-05,1.408323,-9.669673337945457e-14,1.408323,281850.6736165814,1.408323,1.26123748185104e-10,1.408323,-9.168244375148339,1.408323,-0.3241023522582832
1.469908,5.360734317702726e-11,1.469908,-1.142579765879434e-05,1.469908,-9.669673337943822e-14,1.469908,270041.9827888319,1.469908,1.26123748185104e-10,1.469908,-9.168244375148339,1.469908,-0.3241023522582832
1.534186,5.360734317702726e-11,1.534186,-1.192543742080365e-05,1.534186,-9.669673337944642e-14,1.534186,258728.0403939169,1.534186,1.26123748185104e-10,1.534186,-9.168244375148339,1.534186,-0.3241023522582832
1.601274,5.360734317702726e-11,1.601274,-1.244692597615194e-05,1.601274,-9.669673337945953e-14,1.601274,247888.1179687633,1.601274,1.26123748185104e-10,1.601274,-9.168244375148339,1.601274,-0.3241023522582832
1.671296,5.360734317702725e-11,1.671296,-1.299121875274287e-05,1.671296,-9.669673337946248e-14,1.671296,237502.3555102079,1.671296,1.26123748185104e-10,1.671296,-9.168244375148339,1.671296,-0.3241023522582832
1.744381,5.360734317702726e-11,1.744381,-1.355931295847522e-05,1.744381,-9.669673337945074e-14,1.744381,227551.7250891583,1.744381,1.26123748185104e-10,1.744381,-9.168244375148339,1.744381,-0.3241023522582832
1.820661,5.360734317702726e-11,1.820661,-1.415224940824398e-05,1.820661,-9.669673337944974e-14,1.820661,218017.9959892085,1.820661,1.26123748185104e-10,1.820661,-9.16824437514834,1.820661,-0.3241023522582832
1.900277,5.360734317702726e-11,1.900277,-1.477111443083502e-05,1.900277,-9.669673337946114e-14,1.900277,208883.7013058325,1.900277,1.26123748185104e-10,1.900277,-9.168244375148339,1.900277,-0.3241023522582832
1.983374,5.360734317702727e-11,1.983374,-1.541704185920621e-05,1.983374,-9.669673337943222e-14,1.983374,200132.1059449779,1.983374,1.26123748185104e-10,1.983374,-9.168244375148339,1.983374,-0.3241023522582832
2.070105,5.360734317702726e-11,2.070105,-1.609121510780134e-05,2.070105,-9.669673337947094e-14,2.070105,191747.175962425,2.070105,1.26123748185104e-10,2.070105,-9.16824437514834,2.070105,-0.3241023522582832
2.160629,5.360734317702726e-11,2.160629,-1.679486934070417e-05,2.160629,-9.669673337947232e-14,2.160629,183713.5491877218,2.160629,1.26123748185104e-10,2.160629,-9.168244375148339,2.160629,-0.3241023522582832
2.255111,5.360734317702726e-11,2.255111,-1.752929373460262e-05,2.255111,-9.669673337945605e-14,2.255111,176016.5070789009,2.255111,1.26123748185104e-10,2.255111,-9.168244375148339,2.255111,-0.3241023522582832
2.353725,5.360734317702726e-11,2.353725,-1.829583384071125e-05,2.353725,-9.669673337945813e-14,2.353725,168641.9477563899,2.353725,1.26123748185104e-10,2.353725,-9.168244375148339,2.353725,-0.3241023522582832
2.456652,5.360734317702726e-11,2.456652,-1.90958940499779e-05,2.456652,-9.669673337944677e-14,2.456652,161576.3601667232,2.456652,1.26123748185104e-10,2.456652,-9.168244375148339,2.456652,-0.3241023522582832
2.564079,5.360734317702726e-11,2.564079,-1.993094016609236e-05,2.564079,-9.669673337945808e-14,2.564079,154806.7993287115,2.564079,1.26123748185104e-10,2.564079,-9.16824437514834,2.564079,-0.3241023522582832
2.676204,5.360734317702726e-11,2.676204,-2.080250209100899e-05,2.676204,-9.669673337943554e-14,2.676204,148320.8626167316,2.676204,1.26123748185104e-10,2.676204,-9.168244375148339,2.676204,-0.3241023522582832
2.793232,5.360734317702726e-11,2.793232,-2.171217662790662e-05,2.793232,-9.669673337944775e-14,2.793232,142106.6670376612,2.793232,1.26123748185104e-10,2.793232,-9.168244375148339,2.793232,-0.3241023522582832
2.915377,5.360734317702726e-11,2.915377,-2.266163040671747e-05,2.915377,-9.669673337945175e-14,2.915377,136152.8274598554,2.915377,1.26123748185104e-10,2.915377,-9.168244375148339,2.915377,-0.3241023522582831
3.042864,5.360734317702726e-11,3.042864,-2.365260293758838e-05,3.042864,-9.669673337947347e-14,3.042864,130448.4357542514,3.042864,1.26123748185104e-10,3.042864,-9.168244375148339,3.042864,-0.3241023522582832
3.175925,5.360734317702726e-11,3.175925,-2.468690979786607e-05,3.175925,-9.66967333794503e-14,3.175925,124983.0408094058,3.175925,1.26123748185104e-10,3.175925,-9.168244375148339,3.175925,-0.3241023522582832
3.314806,5.360734317702727e-11,3.314806,-2.576644595844709e-05,3.314806,-9.669673337944271e-14,3.314806,119746.6293838365,3.314806,1.26123748185104e-10,3.314806,-9.168244375148339,3.314806,-0.3241023522582832
3.459759,5.360734317702726e-11,3.459759,-2.689318925558523e-05,3.459759,-9.669673337945697e-14,3.459759,114729.6077605978,3.459759,1.26123748185104e-10,3.459759,-9.16824437514834,3.459759,-0.3241023522582832
3.611051,5.360734317702726e-11,3.611051,-2.80692040145188e-05,3.611051,-9.669673337945301e-14,3.611051,109922.7841704691,3.611051,1.26123748185104e-10,3.611051,-9.16824437514834,3.611051,-0.3241023522582832
3.768959,5.360734317702726e-11,3.768959,-2.929664483155532e-05,3.768959,-9.66967333794523e-14,3.768959,105317.3519515618,3.768959,1.26123748185104e-10,3.768959,-9.168244375148339,3.768959,-0.3241023522582832
3.933773,5.360734317702726e-11,3.933773,-3.057776052154317e-05,3.933773,-9.66967333794542e-14,3.933773,100904.8734144871,3.933773,1.26123748185104e-10,3.933773,-9.168244375148339,3.933773,-0.3241023522582832
4.105793,5.360734317702726e-11,4.105793,-3.191489823796347e-05,4.105793,-9.669673337945852e-14,4.105793,96677.26438352265,4.105793,1.26123748185104e-10,4.105793,-9.168244375148339,4.105793,-0.3241023522582832
4.285335,5.360734317702726e-11,4.285335,-3.331050777318855e-05,4.285335,-9.669673337945905e-14,4.285335,92626.77938546088,4.285335,1.26123748185104e-10,4.285335,-9.168244375148339,4.285335,-0.3241023522582832
4.472729,5.360734317702726e-11,4.472729,-3.476714604678809e-05,4.472729,-9.669673337944409e-14,4.472729,88745.99745899648,4.472729,1.26123748185104e-10,4.472729,-9.168244375148339,4.472729,-0.3241023522582832
4.668318,5.360734317702726e-11,4.668318,-3.628748179010389e-05,4.668318,-9.669673337945266e-14,4.668318,85027.80855866002,4.668318,1.26123748185104e-10,4.668318,-9.16824437514834,4.668318,-0.3241023522582832
4.872459,5.360734317702726e-11,4.872459,-3.787430043567719e-05,4.872459,-9.669673337944907e-14,4.872459,81465.40052838466,4.872459,1.26123748185104e-10,4.872459,-9.168244375148339,4.872459,-0.3241023522582832
5.085527,5.360734317702727e-11,5.085527,-3.953050922048659e-05,5.085527,-9.669673337945372e-14,5.085527,78052.24662084015,5.085527,1.26123748185104e-10,5.085527,-9.16824437514834,5.085527,-0.3241023522582832
5.307913,5.360734317702726e-11,5.307913,-4.125914251234493e-05,5.307913,-9.669673337944354e-14,5.307913,74782.09353967149,5.307913,1.26123748185104e-10,5.307913,-9.168244375148339,5.307913,-0.3241023522582832
5.540023,5.360734317702726e-11,5.540023,-4.306336736921591e-05,5.540023,-9.669673337946042e-14,5.540023,71648.94998272856,5.540023,1.26123748185104e-10,5.540023,-9.168244375148339,5.540023,-0.3241023522582832
5.782283,5.360734317702726e-11,5.782283,-4.494648934163346e-05,5.782283,-9.669673337944526e-14,5.782283,68647.0756653023,5.782283,1.26123748185104e-10,5.782283,-9.168244375148339,5.782283,-0.3241023522582832
6.035137,5.360734317702726e-11,6.035137,-4.691195852885657e-05,6.035137,-9.669673337943477e-14,6.035137,65770.97080325245,6.035137,1.26123748185104e-10,6.035137,-9.16824437514834,6.035137,-0.3241023522582832
6.299048,5.360734317702726e-11,6.299048,-4.896337589985344e-05,6.299048,-9.669673337945483e-14,6.299048,63015.3660367616,6.299048,1.26123748185104e-10,6.299048,-9.168244375148339,6.299048,-0.3241023522582832
6.5745,5.360734317702726e-11,6.5745,-5.110449989069738e-05,6.5745,-9.669673337945412e-14,6.5745,60375.21277625228,6.5745,1.26123748185104e-10,6.5745,-9.168244375148339,6.5745,-0.3241023522582832
6.861997,5.360734317702726e-11,6.861997,-5.333925329046005e-05,6.861997,-9.669673337945185e-14,6.861997,57845.67395278216,6.861997,1.26123748185104e-10,6.861997,-9.16824437514834,6.861997,-0.3241023522582832
7.162066,5.360734317702727e-11,7.162066,-5.567173042821904e-05,7.162066,-9.669673337946612e-14,7.162066,55422.11515596894,7.162066,1.26123748185104e-10,7.162066,-9.168244375148339,7.162066,-0.3241023522582832
7.475256,5.360734317702726e-11,7.475256,-5.810620467434663e-05,7.475256,-9.669673337945023e-14,7.475256,53100.0961432095,7.475256,1.26123748185104e-10,7.475256,-9.168244375148339,7.475256,-0.3241023522582832
7.802142,5.360734317702726e-11,7.802142,-6.064713626982317e-05,7.802142,-9.669673337945589e-14,7.802142,50875.36270463726,7.802142,1.26123748185104e-10,7.802142,-9.168244375148339,7.802142,-0.3241023522582832
8.143323000000001,5.360734317702725e-11,8.143323000000001,-6.329918049791915e-05,8.143323000000001,-9.669673337946184e-14,8.143323000000001,48743.83886891307,8.143323000000001,1.26123748185104e-10,8.143323000000001,-9.168244375148339,8.143323000000001,-0.3241023522582832
8.499423,5.360734317702725e-11,8.499423,-6.60671962132175e-05,8.499423,-9.669673337943761e-14,8.499423,46701.61943557001,8.499423,1.26123748185104e-10,8.499423,-9.168244375148339,8.499423,-0.3241023522582832
8.871095,5.360734317702726e-11,8.871095,-6.895625474360243e-05,8.871095,-9.669673337944854e-14,8.871095,44744.96282023024,8.871095,1.261237481851041e-10,8.871095,-9.168244375148339,8.871095,-0.3241023522582832
9.25902,5.360734317702726e-11,9.25902,-7.197164918152382e-05,9.25902,-9.669673337945238e-14,9.25902,42870.28419958583,9.25902,1.261237481851041e-10,9.25902,-9.16824437514834,9.25902,-0.3241023522582832
9.663909,5.360734317702726e-11,9.663909,-7.511890408156079e-05,9.663909,-9.669673337944089e-14,9.663909,41074.14894358384,9.663909,1.26123748185104e-10,9.663909,-9.168244375148339,9.663909,-0.3241023522582832
10.0865,5.360734317702726e-11,10.0865,-7.840378558205025e-05,10.0865,-9.669673337944701e-14,10.0865,39353.26632278324,10.0865,1.26123748185104e-10,10.0865,-9.168244375148339,10.0865,-0.3241023522582832
10.52758,5.360734317702726e-11,10.52758,-8.183231196932507e-05,10.52758,-9.669673337945914e-14,10.52758,37704.48347935468,10.52758,1.26123748185104e-10,10.52758,-9.168244375148339,10.52758,-0.3241023522582832
10.98794,5.360734317702726e-11,10.98794,-8.541076470391823e-05,10.98794,-9.669673337944063e-14,10.98794,36124.77965067641,10.98794,1.26123748185104e-10,10.98794,-9.16824437514834,10.98794,-0.3241023522582832
11.46843,5.360734317702726e-11,11.46843,-8.914569992893057e-05,11.46843,-9.669673337946244e-14,11.46843,34611.26063494502,11.46843,1.26123748185104e-10,11.46843,-9.16824437514834,11.46843,-0.3241023522582832
11.96993,5.360734317702726e-11,11.96993,-9.304396048165123e-05,11.96993,-9.669673337946101e-14,11.96993,33161.15348865961,11.96993,1.26123748185104e-10,11.96993,-9.168244375148339,11.96993,-0.3241023522582832
12.49337,5.360734317702726e-11,12.49337,-9.711268843043209e-05,12.49337,-9.669673337945181e-14,12.49337,31771.80144626635,12.49337,1.26123748185104e-10,12.49337,-9.168244375148339,12.49337,-0.3241023522582832
13.03969,5.360734317702726e-11,13.03969,-0.0001013593381597939,13.03969,-9.669673337945666e-14,13.03969,30440.65905265269,13.03969,1.26123748185104e-10,13.03969,-9.168244375148339,13.03969,-0.3241023522582832
13.60991,5.360734317702726e-11,13.60991,-0.0001057916900277264,13.60991,-9.669673337945372e-14,13.60991,29165.2874995774,13.60991,1.26123748185104e-10,13.60991,-9.168244375148339,13.60991,-0.3241023522582831
14.20505,5.360734317702726e-11,14.20505,-0.0001104178646202134,14.20505,-9.669673337945397e-14,14.20505,27943.35015748878,14.20505,1.26123748185104e-10,14.20505,-9.16824437514834,14.20505,-0.3241023522582832
14.82623,5.360734317702726e-11,14.82623,-0.0001152463376290938,14.82623,-9.669673337943387e-14,14.82623,26772.60829454678,14.82623,1.26123748185104e-10,14.82623,-9.16824437514834,14.82623,-0.3241023522582832
15.47457,5.360734317702727e-11,15.47457,-0.0001202859553805178,15.47457,-9.669673337945142e-14,15.47457,25650.91697500499,15.47457,1.26123748185104e-10,15.47457,-9.168244375148339,15.47457,-0.3241023522582832
16.15126,5.360734317702726e-11,16.15126,-0.0001255459510424505,16.15126,-9.66967333794755e-14,16.15126,24576.22112943764,16.15126,1.26123748185104e-10,16.15126,-9.16824437514834,16.15126,-0.3241023522582832
16.85754,5.360734317702726e-11,16.85754,-0.0001310359615409116,16.85754,-9.669673337946563e-14,16.85754,23546.55178961302,16.85754,1.26123748185104e-10,16.85754,-9.16824437514834,16.85754,-0.3241023522582832
17.5947,5.360734317702726e-11,17.5947,-0.0001367660452159508,17.5947,-9.669673337945297e-14,17.5947,22560.02248111336,17.5947,1.26123748185104e-10,17.5947,-9.16824437514834,17.5947,-0.3241023522582832
18.3641,5.360734317702726e-11,18.3641,-0.0001427467002496982,18.3641,-9.669673337945216e-14,18.3641,21614.82576709397,18.3641,1.26123748185104e-10,18.3641,-9.168244375148339,18.3641,-0.3241023522582832
19.16715,5.360734317702725e-11,19.16715,-0.0001489888839002612,19.16715,-9.669673337945977e-14,19.16715,20709.2299368477,19.16715,1.26123748185104e-10,19.16715,-9.168244375148337,19.16715,-0.3241023522582832
20.00531,5.360734317702726e-11,20.00531,-0.0001555040325767007,20.00531,-9.66967333794446e-14,20.00531,19841.57583310872,20.00531,1.26123748185104e-10,20.00531,-9.168244375148339,20.00531,-0.3241023522582832
20.88012,5.360734317702725e-11,20.88012,-0.0001623040827918642,20.88012,-9.669673337945423e-14,20.88012,19010.27381228317,20.88012,1.26123748185104e-10,20.88012,-9.168244375148339,20.88012,-0.3241023522582832
21.79319,5.360734317702726e-11,21.79319,-0.0001694014930314761,21.79319,-9.669673337945408e-14,21.79319,18213.80083203585,21.79319,1.26123748185104e-10,21.79319,-9.16824437514834,21.79319,-0.3241023522582832
22.74619,5.360734317702726e-11,22.74619,-0.0001768092665795323,22.74619,-9.66967333794465e-14,22.74619,17450.69766089958,22.74619,1.26123748185104e-10,22.74619,-9.168244375148339,22.74619,-0.3241023522582832
23.74086,5.360734317702725e-11,23.74086,-0.0001845409753418379,23.74086,-9.66967333794589e-14,23.74086,16719.56620479238,23.74086,1.26123748185104e-10,23.74086,-9.168244375148339,23.74086,-0.3241023522582832
24.77902,5.360734317702726e-11,24.77902,-0.0001926107847113208,24.77902,-9.66967333794443e-14,24.77902,16019.06694554611,24.77902,1.26123748185104e-10,24.77902,-9.16824437514834,24.77902,-0.3241023522582832
25.86259,5.360734317702726e-11,25.86259,-0.0002010334795206859,25.86259,-9.669673337946082e-14,25.86259,15347.91648675279,25.86259,1.26123748185104e-10,25.86259,-9.168244375148339,25.86259,-0.3241023522582832
26.99353,5.360734317702726e-11,26.99353,-0.0002098244911299542,26.99353,-9.669673337946058e-14,26.99353,14704.88520243261,26.99353,1.26123748185104e-10,26.99353,-9.168244375148339,26.99353,-0.3241023522582832
28.17394,5.360734317702726e-11,28.17394,-0.0002189999256985155,28.17394,-9.66967333794548e-14,28.17394,14088.79498421552,28.17394,1.26123748185104e-10,28.17394,-9.16824437514834,28.17394,-0.3241023522582832
29.40596,5.360734317702726e-11,29.40596,-0.0002285765936934919,29.40596,-9.669673337945192e-14,29.40596,13498.51708290929,29.40596,1.26123748185104e-10,29.40596,-9.16824437514834,29.40596,-0.3241023522582832
30.69185,5.360734317702726e-11,30.69185,-0.0002385720406884777,30.69185,-9.669673337945396e-14,30.69185,12932.97004049911,30.69185,1.26123748185104e-10,30.69185,-9.168244375148339,30.69185,-0.3241023522582832
32.03398,5.360734317702726e-11,32.03398,-0.000249004579509074,32.03398,-9.669673337944299e-14,32.03398,12391.11770879049,32.03398,1.26123748185104e-10,32.03398,-9.16824437514834,32.03398,-0.3241023522582832
33.4348,5.360734317702726e-11,33.4348,-0.0002598933237841294,33.4348,-9.669673337946514e-14,33.4348,11871.96735106449,33.4348,1.26123748185104e-10,33.4348,-9.168244375148339,33.4348,-0.3241023522582832
34.89687,5.360734317702726e-11,34.89687,-0.0002712582229641315,34.89687,-9.669673337943945e-14,34.89687,11374.56782326855,34.89687,1.26123748185104e-10,34.89687,-9.168244375148339,34.89687,-0.3241023522582832
36.42288,5.360734317702725e-11,36.42288,-0.0002831200988709339,36.42288,-9.669673337944845e-14,36.42288,10898.00783140931,36.42288,1.26123748185104e-10,36.42288,-9.16824437514834,36.42288,-0.3241023522582832
38.01562,5.360734317702726e-11,38.01562,-0.0002955006838457636,38.01562,-9.669673337946249e-14,38.01562,10441.41426195569,38.01562,1.26123748185104e-10,38.01562,-9.168244375148339,38.01562,-0.3241023522582832
39.67801,5.360734317702726e-11,39.67801,-0.0003084226605654055,39.67801,-9.669673337944922e-14,39.67801,10003.95058219304,39.67801,1.26123748185104e-10,39.67801,-9.16824437514834,39.67801,-0.3241023522582832
41.41309,5.360734317702726e-11,41.41309,-0.0003219097035995128,41.41309,-9.669673337945211e-14,41.41309,9584.815307597597,41.41309,1.26123748185104e-10,41.41309,-9.168244375148339,41.41309,-0.3241023522582832
43.22405,5.360734317702726e-11,43.22405,-0.0003359865227851858,43.22405,-9.669673337943711e-14,43.22405,9183.240533423139,43.22405,1.26123748185104e-10,43.22405,-9.168244375148339,43.22405,-0.3241023522582832
45.1142,5.360734317702726e-11,45.1142,-0.000350678908498275,45.1142,-9.66967333794512e-14,45.1142,8798.490527809981,45.1142,1.26123748185104e-10,45.1142,-9.168244375148339,45.1142,-0.3241023522582832
47.087,5.360734317702726e-11,47.087,-0.0003660137789043588,47.087,-9.669673337944868e-14,47.087,8429.860383838331,47.087,1.26123748185104e-10,47.087,-9.16824437514834,47.087,-0.3241023522582832
49.14607,5.360734317702726e-11,49.14607,-0.0003820192292759685,49.14607,-9.669673337944462e-14,49.14607,8076.674728056445,49.14607,1.26123748185104e-10,49.14607,-9.168244375148339,49.14607,-0.3241023522582832
51.29518,5.360734317702726e-11,51.29518,-0.0003987245834664042,51.29518,-9.66967333794518e-14,51.29518,7738.286483117712,51.29518,1.26123748185104e-10,51.29518,-9.16824437514834,51.29518,-0.3241023522582832
53.53827,5.360734317702726e-11,53.53827,-0.0004161604476344573,53.53827,-9.66967333794558e-14,53.53827,7414.075682259398,53.53827,1.26123748185104e-10,53.53827,-9.16824437514834,53.53827,-0.3241023522582832
55.87946,5.360734317702726e-11,55.87946,-0.0004343587663184674,55.87946,-9.669673337945735e-14,55.87946,7103.448333451152,55.87946,1.26123748185104e-10,55.87946,-9.168244375148339,55.87946,-0.3241023522582832
58.32301,5.360734317702726e-11,58.32301,-0.0004533528809624416,58.32301,-9.669673337945647e-14,58.32301,6805.835331132331,58.32301,1.26123748185104e-10,58.32301,-9.16824437514834,58.32301,-0.3241023522582832
60.87343,5.360734317702726e-11,60.87343,-0.0004731775910014781,60.87343,-9.669673337944479e-14,60.87343,6520.69141354409,60.87343,1.26123748185104e-10,60.87343,-9.168244375148337,60.87343,-0.3241023522582832
63.53537,5.360734317702726e-11,63.53537,-0.0004938692176183843,63.53537,-9.669673337946018e-14,63.53537,6247.494163746317,63.53537,1.26123748185104e-10,63.53537,-9.168244375148339,63.53537,-0.3241023522582832
66.31371,5.360734317702726e-11,66.31371,-0.0005154656702883325,66.31371,-9.669673337944367e-14,66.31371,5985.743052488697,66.31371,1.26123748185104e-10,66.31371,-9.16824437514834,66.31371,-0.3241023522582832
69.21355,5.360734317702726e-11,69.21355,-0.0005380065162334365,69.21355,-9.669673337942867e-14,69.21355,5734.958521182793,69.21355,1.26123748185104e-10,69.21355,-9.168244375148339,69.21355,-0.3241023522582832
72.24019,5.360734317702726e-11,72.24019,-0.0005615330529145239,72.24019,-9.669673337945408e-14,72.24019,5494.681103294697,72.24019,1.26123748185104e-10,72.24019,-9.168244375148339,72.24019,-0.3241023522582832
75.39919,5.360734317702726e-11,75.39919,-0.0005860883836929053,75.39919,-9.669673337945037e-14,75.39919,5264.470582548702,75.39919,1.26123748185104e-10,75.39919,-9.168244375148339,75.39919,-0.3241023522582832
78.69633,5.360734317702726e-11,78.69633,-0.0006117174968007615,78.69633,-9.66967333794628e-14,78.69633,5043.905186399721,78.69633,1.26123748185104e-10,78.69633,-9.168244375148339,78.69633,-0.3241023522582832
82.13764999999999,5.360734317702726e-11,82.13764999999999,-0.0006384673477648379,82.13764999999999,-9.669673337945298e-14,82.13764999999999,4832.580813296744,82.13764999999999,1.26123748185104e-10,82.13764999999999,-9.168244375148339,82.13764999999999,-0.3241023522582832
85.72945,5.360734317702726e-11,85.72945,-0.0006663869454344481,85.72945,-9.669673337946933e-14,85.72945,4630.110292321638,85.72945,1.26123748185104e-10,85.72945,-9.168244375148339,85.72945,-0.3241023522582832
89.47832,5.360734317702726e-11,89.47832,-0.000695527441771409,89.47832,-9.669673337945596e-14,89.47832,4436.122673846812,89.47832,1.26123748185104e-10,89.47832,-9.168244375148339,89.47832,-0.3241023522582832
93.39113,5.360734317702726e-11,93.39113,-0.0007259422255664034,93.39113,-9.66967333794413e-14,93.39113,4250.262549912222,93.39113,1.26123748185104e-10,93.39113,-9.168244375148339,93.39113,-0.3241023522582832
97.47504000000001,5.360734317702726e-11,97.47504000000001,-0.0007576870202534771,97.47504000000001,-9.669673337945094e-14,97.47504000000001,4072.189403076496,97.47504000000001,1.26123748185104e-10,97.47504000000001,-9.168244375148339,97.47504000000001,-0.3241023522582832
101.7375,5.360734317702727e-11,101.7375,-0.0007908199860018733,101.7375,-9.669673337944825e-14,101.7375,3901.576982549234,101.7375,1.26123748185104e-10,101.7375,-9.168244375148339,101.7375,-0.3241023522582832
106.1864,5.360734317702726e-11,106.1864,-0.0008254018262722607,106.1864,-9.669673337944395e-14,106.1864,3738.11270646144,106.1864,1.26123748185104e-10,106.1864,-9.16824437514834,106.1864,-0.3241023522582832
110.8299,5.360734317702726e-11,110.8299,-0.0008614958990325319,110.8299,-9.669673337943942e-14,110.8299,3581.497089179182,110.8299,1.26123748185104e-10,110.8299,-9.168244375148339,110.8299,-0.3241023522582832
115.6763,5.360734317702727e-11,115.6763,-0.0008991683328370356,115.6763,-9.669673337944503e-14,115.6763,3431.443192610765,115.6763,1.26123748185104e-10,115.6763,-9.168244375148339,115.6763,-0.3241023522582832
120.7348,5.360734317702726e-11,120.7348,-0.0009384881479817754,120.7348,-9.669673337944655e-14,120.7348,3287.676100502797,120.7348,1.26123748185104e-10,120.7348,-9.16824437514834,120.7348,-0.3241023522582832
126.0144,5.360734317702726e-11,126.0144,-0.0009795273829576554,126.0144,-9.66967333794408e-14,126.0144,3149.932414761496,126.0144,1.26123748185104e-10,126.0144,-9.168244375148339,126.0144,-0.3241023522582832
131.5249,5.360734317702726e-11,131.5249,-0.001022361226433418,131.5249,-9.669673337944315e-14,131.5249,3017.959772876575,131.5249,1.26123748185104e-10,131.5249,-9.168244375148339,131.5249,-0.3241023522582832
137.2764,5.360734317702726e-11,137.2764,-0.001067068155010041,137.2764,-9.669673337945764e-14,137.2764,2891.516385563754,137.2764,1.26123748185104e-10,137.2764,-9.168244375148339,137.2764,-0.3241023522582832
143.2793,5.360734317702728e-11,143.2793,-0.001113730076999058,143.2793,-9.669673337944401e-14,143.2793,2770.370593778464,143.2793,1.261237481851041e-10,143.2793,-9.168244375148339,143.2793,-0.3241023522582832
149.5448,5.360734317702726e-11,149.5448,-0.0011624324824881,149.5448,-9.669673337945731e-14,149.5448,2654.300444289592,149.5448,1.26123748185104e-10,149.5448,-9.168244375148339,149.5448,-0.3241023522582832
156.0843,5.360734317702726e-11,156.0843,-0.001213264599968768,156.0843,-9.669673337945307e-14,156.0843,2543.093283035078,156.0843,1.26123748185104e-10,156.0843,-9.168244375148339,156.0843,-0.3241023522582832
162.9097,5.360734317702726e-11,162.9097,-0.001266319559813615,162.9097,-9.669673337946641e-14,162.9097,2436.545365514966,162.9097,1.26123748185104e-10,162.9097,-9.16824437514834,162.9097,-0.3241023522582832
170.0336,5.360734317702726e-11,170.0336,-0.00132169456490186,170.0336,-9.669673337945261e-14,170.0336,2334.461483507666,170.0336,1.26123748185104e-10,170.0336,-9.168244375148339,170.0336,-0.3241023522582832
177.469,5.360734317702726e-11,177.469,-0.001379491068706405,177.469,-9.66967333794337e-14,177.469,2236.654607425724,177.469,1.26123748185104e-10,177.469,-9.168244375148339,177.469,-0.3241023522582832
185.2295,5.360734317702726e-11,185.2295,-0.001439814961168464,185.2295,-9.6696733379475e-14,185.2295,2142.945543655735,185.2295,1.26123748185104e-10,185.2295,-9.168244375148339,185.2295,-0.3241023522582832
193.3295,5.360734317702725e-11,193.3295,-0.001502776762700275,193.3295,-9.669673337946004e-14,193.3295,2053.162606254779,193.3295,1.26123748185104e-10,193.3295,-9.168244375148339,193.3295,-0.3241023522582832
201.7836,5.360734317702726e-11,201.7836,-0.001568491826671383,201.7836,-9.669673337945094e-14,201.7836,1967.141302401732,201.7836,1.26123748185104e-10,201.7836,-9.168244375148339,201.7836,-0.3241023522582832
210.6074,5.360734317702726e-11,210.6074,-0.00163708055074951,210.6074,-9.669673337943217e-14,210.6074,1884.724031027182,210.6074,1.26123748185104e-10,210.6074,-9.168244375148339,210.6074,-0.3241023522582832
219.8171,5.360734317702726e-11,219.8171,-0.00170866859748312,219.8171,-9.669673337945586e-14,219.8171,1805.759794069896,219.8171,1.26123748185104e-10,219.8171,-9.16824437514834,219.8171,-0.3241023522582832
229.4295,5.360734317702726e-11,229.4295,-0.001783387124529853,229.4295,-9.669673337946091e-14,229.4295,1730.103919830765,229.4295,1.26123748185104e-10,229.4295,-9.16824437514834,229.4295,-0.3241023522582832
239.4622,5.360734317702726e-11,239.4622,-0.001861373024952719,239.4622,-9.669673337944807e-14,239.4622,1657.617797917314,239.4622,1.26123748185104e-10,239.4622,-9.168244375148339,239.4622,-0.3241023522582832
249.9337,5.360734317702726e-11,249.9337,-0.001942769178024099,249.9337,-9.669673337945137e-14,249.9337,1588.168625293345,249.9337,1.26123748185104e-10,249.9337,-9.168244375148339,249.9337,-0.3241023522582832
260.863,5.360734317702726e-11,260.863,-0.002027724710997309,260.863,-9.669673337946119e-14,260.863,1521.629162968222,260.863,1.26123748185104e-10,260.863,-9.168244375148339,260.863,-0.3241023522582832
272.2704,5.360734317702727e-11,272.2704,-0.002116395272325093,272.2704,-9.66967333794647e-14,272.2704,1457.877502880223,272.2704,1.26123748185104e-10,272.2704,-9.16824437514834,272.2704,-0.3241023522582832
284.1765,5.360734317702726e-11,284.1765,-0.002208943316825794,284.1765,-9.669673337944807e-14,284.1765,1396.796844546712,284.1765,1.26123748185104e-10,284.1765,-9.168244375148339,284.1765,-0.3241023522582832
296.6033,5.360734317702727e-11,296.6033,-0.002305538403319498,296.6033,-9.669673337943476e-14,296.6033,1338.275281072054,296.6033,1.26123748185104e-10,296.6033,-9.168244375148339,296.6033,-0.3241023522582832
309.5735,5.360734317702726e-11,309.5735,-0.002406357505279622,309.5735,-9.66967333794687e-14,309.5735,1282.205594121096,309.5735,1.26123748185104e-10,309.5735,-9.16824437514834,309.5735,-0.3241023522582832
323.1108,5.360734317702726e-11,323.1108,-0.002511585335068971,323.1108,-9.669673337945302e-14,323.1108,1228.485057482662,323.1108,1.26123748185104e-10,323.1108,-9.168244375148339,323.1108,-0.3241023522582832
337.2402,5.360734317702726e-11,337.2402,-0.002621414682354318,337.2402,-9.669673337945262e-14,337.2402,1177.015248863162,337.2402,1.26123748185104e-10,337.2402,-9.168244375148339,337.2402,-0.3241023522582832
351.9874,5.360734317702726e-11,351.9874,-0.002736046767319607,351.9874,-9.669673337945993e-14,351.9874,1127.701869565446,351.9874,1.26123748185104e-10,351.9874,-9.16824437514834,351.9874,-0.3241023522582832
367.3795,5.360734317702726e-11,367.3795,-0.002855691609324803,367.3795,-9.66967333794676e-14,367.3795,1080.454571722587,367.3795,1.26123748185104e-10,367.3795,-9.168244375148339,367.3795,-0.3241023522582832
383.4446,5.360734317702726e-11,383.4446,-0.002980568411685884,383.4446,-9.669673337944526e-14,383.4446,1035.186792770045,383.4446,1.26123748185104e-10,383.4446,-9.168244375148339,383.4446,-0.3241023522582832
400.2123,5.360734317702726e-11,400.2123,-0.003110905963280878,400.2123,-9.669673337944342e-14,400.2123,991.815596852947,400.2123,1.26123748185104e-10,400.2123,-9.16824437514834,400.2123,-0.3241023522582832
417.7132,5.360734317702726e-11,417.7132,-0.003246943057717823,417.7132,-9.669673337945637e-14,417.7132,950.261522877916,417.7132,1.26123748185104e-10,417.7132,-9.168244375148339,417.7132,-0.3241023522582832
435.9795,5.360734317702726e-11,435.9795,-0.003388928930832524,435.9795,-9.669673337943977e-14,435.9795,910.4484389310713,435.9795,1.26123748185104e-10,435.9795,-9.168244375148339,435.9795,-0.3241023522582831
455.0445,5.360734317702726e-11,455.0445,-0.003537123717317667,455.0445,-9.669673337943223e-14,455.0445,872.3034027954849,455.0445,1.26123748185104e-10,455.0445,-9.168244375148339,455.0445,-0.3241023522582832
474.9431,5.360734317702726e-11,474.9431,-0.003691798927319984,474.9431,-9.669673337944994e-14,474.9431,835.7565283125147,474.9431,1.26123748185104e-10,474.9431,-9.168244375148339,474.9431,-0.3241023522582832
495.712,5.360734317702726e-11,495.712,-0.003853237943878486,495.712,-9.669673337945346e-14,495.712,800.7408573422158,495.712,1.26123748185104e-10,495.712,-9.168244375148337,495.712,-0.3241023522582832
517.389,5.360734317702726e-11,517.389,-0.004021736542115317,517.389,-9.669673337945385e-14,517.389,767.1922370882011,517.389,1.26123748185104e-10,517.389,-9.168244375148337,517.389,-0.3241023522582832
540.0139,5.360734317702726e-11,540.0139,-0.004197603431130271,540.0139,-9.669673337945678e-14,540.0139,735.0492025622372,540.0139,1.26123748185104e-10,540.0139,-9.168244375148339,540.0139,-0.3241023522582832
563.6283,5.360734317702726e-11,563.6283,-0.004381160819591896,563.6283,-9.669673337944599e-14,563.6283,704.2528639732116,563.6283,1.26123748185104e-10,563.6283,-9.168244375148339,563.6283,-0.3241023522582832
588.2752,5.360734317702728e-11,588.2752,-0.004572745006061395,588.2752,-9.669673337943924e-14,588.2752,674.7467988341594,588.2752,1.26123748185104e-10,588.2752,-9.168244375148339,588.2752,-0.3241023522582832
614,5.360734317702726e-11,614,-0.004772706995130845,614,-9.669673337945427e-14,614,646.4769485896813,614,1.26123748185104e-10,614,-9.168244375148339,614,-0.3241023522582832
640.8496,5.360734317702727e-11,640.8496,-0.004981413140504578,640.8496,-9.669673337944922e-14,640.8496,619.39151957436,640.8496,1.26123748185104e-10,640.8496,-9.168244375148339,640.8496,-0.3241023522582832
668.8733999999999,5.360734317702726e-11,668.8733999999999,-0.005199245816201913,668.8733999999999,-9.66967333794603e-14,668.8733999999999,593.4408881207228,668.8733999999999,1.26123748185104e-10,668.8733999999999,-9.168244375148339,668.8733999999999,-0.3241023522582832
698.1226,5.360734317702726e-11,698.1226,-0.005426604117111033,698.1226,-9.669673337946068e-14,698.1226,568.5775096428846,698.1226,1.26123748185104e-10,698.1226,-9.168244375148339,698.1226,-0.3241023522582832
728.6509,5.360734317702726e-11,728.6509,-0.005663904590177347,728.6509,-9.66967333794562e-14,728.6509,544.7558315293239,728.6509,1.26123748185104e-10,728.6509,-9.168244375148339,728.6509,-0.3241023522582832
760.5141,5.360734317702726e-11,760.5141,-0.005911581997566161,760.5141,-9.66967333794665e-14,760.5141,521.9322096851764,760.5141,1.26123748185104e-10,760.5141,-9.16824437514834,760.5141,-0.3241023522582832
793.7707,5.360734317702726e-11,793.7707,-0.006170090113197709,793.7707,-9.669673337945775e-14,793.7707,500.0648285711591,793.7707,1.26123748185104e-10,793.7707,-9.168244375148339,793.7707,-0.3241023522582832
828.4816,5.360734317702726e-11,828.4816,-0.006439902554113906,828.4816,-9.669673337945423e-14,828.4816,479.1136245926248,828.4816,1.26123748185104e-10,828.4816,-9.16824437514834,828.4816,-0.3241023522582832
864.7103,5.360734317702726e-11,864.7103,-0.006721513648200081,864.7103,-9.669673337944989e-14,864.7103,459.040212698378,864.7103,1.26123748185104e-10,864.7103,-9.16824437514834,864.7103,-0.3241023522582832
902.5232999999999,5.360734317702726e-11,902.5232999999999,-0.007015439339851369,902.5232999999999,-9.669673337944349e-14,902.5232999999999,439.8078160547796,902.5232999999999,1.26123748185104e-10,902.5232999999999,-9.16824437514834,902.5232999999999,-0.3241023522582832
941.9899,5.360734317702726e-11,941.9899,-0.00732221813524303,941.9899,-9.669673337945952e-14,941.9899,421.3811986662984,941.9899,1.26123748185104e-10,941.9899,-9.16824437514834,941.9899,-0.3241023522582832
983.1822,5.360734317702726e-11,983.1822,-0.007642412088936658,983.1822,-9.669673337945264e-14,983.1822,403.7266008190505,983.1822,1.26123748185104e-10,983.1822,-9.168244375148339,983.1822,-0.3241023522582832
1000,5.360734317702727e-11,1000,-0.007773138896848161,1000,-9.669673337945359e-14,1000,396.936822520423,1000,1.26123748185104e-10,1000,-9.168244375148339,1000,-0.3241023522582832
1026.176,5.360734317702726e-11,1026.176,-0.007976607833629735,1026.176,-9.669673337945361e-14,1026.176,386.811677229065,1026.176,1.26123748185104e-10,1026.176,-9.168244375148337,1026.176,-0.3241023522582831
1071.05,5.360734317702726e-11,1071.05,-0.008325417654935177,1071.05,-9.669673337945024e-14,1071.05,370.6054377819486,1071.05,1.26123748185104e-10,1071.05,-9.168244375148339,1071.05,-0.3241023522582832
1117.886,5.360734317702726e-11,1117.886,-0.008689480613160067,1117.886,-9.669673337943924e-14,1117.886,355.0781907553787,1117.886,1.26123748185104e-10,1117.886,-9.16824437514834,1117.886,-0.3241023522582832
1166.77,5.360734317702726e-11,1166.77,-0.009069463714138746,1166.77,-9.669673337945414e-14,1166.77,340.2014884204006,1166.77,1.26123748185104e-10,1166.77,-9.168244375148339,1166.77,-0.3241023522582832
1217.792,5.360734317702726e-11,1217.792,-0.009466063131265277,1217.792,-9.669673337944594e-14,1217.792,325.948074921871,1217.792,1.26123748185104e-10,1217.792,-9.16824437514834,1217.792,-0.3241023522582832
1271.045,5.360734317702726e-11,1271.045,-0.00988000548096459,1271.045,-9.669673337944149e-14,1271.045,312.2918363425424,1271.045,1.26123748185104e-10,1271.045,-9.168244375148339,1271.045,-0.3241023522582832
1326.626,5.360734317702726e-11,1326.626,-0.01031204915393827,1326.626,-9.669673337945775e-14,1326.626,299.207752859329,1326.626,1.26123748185104e-10,1326.626,-9.168244375148339,1326.626,-0.3241023522582832
1384.638,5.360734317702726e-11,1384.638,-0.01076298570462497,1384.638,-9.669673337944604e-14,1384.638,286.6718529040663,1384.638,1.26123748185104e-10,1384.638,-9.168244375148339,1384.638,-0.3241023522582832
1445.187,5.360734317702725e-11,1445.187,-0.01123364130142081,1445.187,-9.66967333794718e-14,1445.187,274.6611692447911,1445.187,1.26123748185104e-10,1445.187,-9.168244375148339,1445.187,-0.3241023522582832
1508.384,5.360734317702725e-11,1508.384,-0.01172487824031574,1508.384,-9.66967333794431e-14,1508.384,263.1536969071099,1508.384,1.26123748185104e-10,1508.384,-9.168244375148339,1508.384,-0.3241023522582832
1574.344,5.360734317702726e-11,1574.344,-0.01223759652472109,1574.344,-9.669673337944522e-14,1574.344,252.1283528584987,1574.344,1.26123748185104e-10,1574.344,-9.168244375148339,1574.344,-0.3241023522582832
1643.189,5.360734317702726e-11,1643.189,-0.01277273551438023,1643.189,-9.66967333794576e-14,1643.189,241.5649373817421,1643.189,1.26123748185104e-10,1643.189,-9.168244375148339,1643.189,-0.3241023522582832
1715.044,5.360734317702726e-11,1715.044,-0.0133312756463858,1715.044,-9.669673337945152e-14,1715.044,231.4440970666824,1715.044,1.26123748185104e-10,1715.044,-9.168244375148339,1715.044,-0.3241023522582832
1790.041,5.360734317702726e-11,1790.041,-0.01391424023145474,1790.041,-9.669673337945059e-14,1790.041,221.7472893525162,1790.041,1.26123748185104e-10,1790.041,-9.168244375148339,1790.041,-0.3241023522582832
1868.318,5.360734317702726e-11,1868.318,-0.01452269732875273,1868.318,-9.669673337943673e-14,1868.318,212.4567485556629,1868.318,1.26123748185104e-10,1868.318,-9.168244375148339,1868.318,-0.3241023522582832
1950.018,5.360734317702726e-11,1950.018,-0.01515776170270351,1950.018,-9.669673337945911e-14,1950.018,203.5554533209545,1950.018,1.26123748185104e-10,1950.018,-9.168244375148339,1950.018,-0.3241023522582832
2035.291,5.360734317702726e-11,2035.291,-0.01582059686536742,2035.291,-9.669673337946006e-14,2035.291,195.0270954365259,2035.291,1.26123748185104e-10,2035.291,-9.168244375148339,2035.291,-0.3241023522582832
2124.292,5.360734317702726e-11,2124.292,-0.01651241720813116,2124.292,-9.66967333794572e-14,2124.292,186.85604995527,2124.292,1.26123748185104e-10,2124.292,-9.16824437514834,2124.292,-0.3241023522582832
2217.185,5.360734317702726e-11,2217.185,-0.0172344902266148,2217.185,-9.669673337944679e-14,2217.185,179.0273465681067,2217.185,1.26123748185104e-10,2217.185,-9.168244375148339,2217.185,-0.3241023522582832
2314.141,5.360734317702726e-11,2314.141,-0.01798813884287126,2314.141,-9.669673337946929e-14,2314.141,171.5266421766354,2314.141,1.26123748185104e-10,2314.141,-9.16824437514834,2314.141,-0.3241023522582832
2415.336,5.360734317702726e-11,2415.336,-0.0187747438291345,2415.336,-9.669673337946104e-14,2415.336,164.3401946148978,2415.336,1.26123748185104e-10,2415.336,-9.168244375148339,2415.336,-0.3241023522582832
2520.957,5.360734317702725e-11,2520.957,-0.01959574633755487,2520.957,-9.669673337945268e-14,2520.957,157.4548374721314,2520.957,1.26123748185104e-10,2520.957,-9.168244375148339,2520.957,-0.3241023522582831
2631.196,5.360734317702726e-11,2631.196,-0.02045265054055847,2631.196,-9.669673337944027e-14,2631.196,150.8579559703642,2631.196,1.26123748185104e-10,2631.196,-9.16824437514834,2631.196,-0.3241023522582832
2746.256,5.360734317702726e-11,2746.256,-0.0213470263866665,2746.256,-9.669673337945008e-14,2746.256,144.5374638526706,2746.256,1.26123748185104e-10,2746.256,-9.168244375148339,2746.256,-0.3241023522582832
2866.347,5.360734317702726e-11,2866.347,-0.0222805124768241,2866.347,-9.669673337945601e-14,2866.347,138.4817812397383,2866.347,1.26123748185104e-10,2866.347,-9.168244375148339,2866.347,-0.3241023522582832
2991.69,5.360734317702726e-11,2991.69,-0.02325481906650856,2991.69,-9.669673337944975e-14,2991.69,132.6798134141776,2991.69,1.26123748185104e-10,2991.69,-9.168244375148339,2991.69,-0.3241023522582831
3122.514,5.360734317702726e-11,3122.514,-0.02427173119911722,3122.514,-9.669673337945692e-14,3122.514,127.1209304937027,3122.514,1.26123748185104e-10,3122.514,-9.16824437514834,3122.514,-0.3241023522582832
3259.058,5.360734317702726e-11,3259.058,-0.02533311197637486,3259.058,-9.669673337944698e-14,3259.058,121.7949479559494,3259.058,1.26123748185104e-10,3259.058,-9.168244375148339,3259.058,-0.3241023522582832
3401.574,5.360734317702725e-11,3401.574,-0.02644090597175405,3401.574,-9.669673337944629e-14,3401.574,116.6921079792385,3401.574,1.26123748185104e-10,3401.574,-9.16824437514834,3401.574,-0.3241023522582832
3550.322,5.360734317702726e-11,3550.322,-0.02759714279316039,3550.322,-9.669673337944953e-14,3550.322,111.803061565109,3550.322,1.26123748185104e-10,3550.322,-9.168244375148339,3550.322,-0.3241023522582831
3705.574,5.360734317702726e-11,3705.574,-0.02880394080141132,3705.574,-9.669673337945295e-14,3705.574,107.1188514098612,3705.574,1.26123748185104e-10,3705.574,-9.16824437514834,3705.574,-0.3241023522582832
3867.615,5.360734317702727e-11,3867.615,-0.03006351099132,3867.615,-9.669673337945099e-14,3867.615,102.6308954937317,3867.615,1.26123748185104e-10,3867.615,-9.168244375148339,3867.615,-0.3241023522582832
4036.743,5.360734317702727e-11,4036.743,-0.03137816104249654,4036.743,-9.669673337944634e-14,4036.743,98.33097135762959,4036.743,1.26123748185104e-10,4036.743,-9.168244375148339,4036.743,-0.3241023522582832
4213.266,5.360734317702725e-11,4213.266,-0.03275029954728563,4213.266,-9.669673337945373e-14,4213.266,94.21120103863416,4213.266,1.26123748185104e-10,4213.266,-9.168244375148339,4213.266,-0.3241023522582832
4397.508,5.360734317702726e-11,4397.508,-0.03418244042358969,4397.508,-9.669673337944072e-14,4397.508,90.26403663664445,4397.508,1.26123748185104e-10,4397.508,-9.16824437514834,4397.508,-0.3241023522582832
4589.807000000001,5.360734317702726e-11,4589.807000000001,-0.03567720752065911,4589.807000000001,-9.66967333794517e-14,4589.807000000001,86.48224648574778,4589.807000000001,1.26123748185104e-10,4589.807000000001,-9.16824437514834,4589.807000000001,-0.3241023522582832
4790.515,5.360734317702727e-11,4790.515,-0.03723733942629084,4790.515,-9.669673337946386e-14,4790.515,82.85890190496225,4790.515,1.26123748185104e-10,4790.515,-9.16824437514834,4790.515,-0.3241023522582832
5000,5.360734317702727e-11,5000,-0.03886569448424073,5000,-9.669673337944867e-14,5000,79.38736450408477,5000,1.26123748185104e-10,5000,-9.168244375148339,5000,-0.3241023522582832
