kgds X,kgds Y,ids X,ids Y,kcgs X,kcgs Y,kgmp X,kgmp Y,kcds X,kcds Y,rds X,rds Y,kcgd X,kcgd Y
1,-0.4037399008520817,1,-2.92856890416709e-06,1,2.93083763987659e-10,1,-14.41868229005478,1,-2.143936911865554e-13,1,845751.7036398642,1,1.424565780163359e-10
1.043729,-0.4037399008319063,1.043729,-3.056632565066359e-06,1.043729,2.930837639448366e-10,1.043729,-14.41868228922025,1.043729,-2.143936911458825e-13,1.043729,810317.2649395779,1.043729,1.42456577988125e-10
1.08937,-0.403739900812576,1.08937,-3.190296333631177e-06,1.08937,2.930837639038071e-10,1.08937,-14.41868228842067,1.08937,-2.143936911070069e-13,1.08937,776367.4220661743,1.08937,1.424565779610954e-10
1.137008,-0.403739900794055,1.137008,-3.329805097487312e-06,1.137008,2.930837638644953e-10,1.137008,-14.41868228765455,1.137008,-2.143936910698155e-13,1.137008,743839.9749435977,1.137008,1.424565779351974e-10
1.186728,-0.4037399007763112,1.186728,-3.4754144529741e-06,1.186728,2.930837638268339e-10,1.186728,-14.4186822869206,1.186728,-2.143936910341404e-13,1.186728,712675.3294909366,1.186728,1.424565779103865e-10
1.238622,-0.4037399007593095,1.238622,-3.627391173426976e-06,1.238622,2.930837637907472e-10,1.238622,-14.41868228621733,1.238622,-2.143936909999748e-13,1.238622,682816.3884390733,1.238622,1.42456577886613e-10
1.292786,-0.4037399007430218,1.292786,-3.786013697937017e-06,1.292786,2.930837637561774e-10,1.292786,-14.41868228554362,1.292786,-2.143936909672239e-13,1.292786,654208.4467218707,1.292786,1.424565778638387e-10
1.349319,-0.4037399007274159,1.349319,-3.951572641484267e-06,1.349319,2.930837637230548e-10,1.349319,-14.41868228489813,1.349319,-2.143936909357982e-13,1.349319,626799.0912500351,1.349319,1.424565778420179e-10
1.408323,-0.4037399007124625,1.408323,-4.124371327378076e-06,1.408323,2.930837636913136e-10,1.408323,-14.41868228427956,1.408323,-2.143936909057263e-13,1.408323,600538.1048842516,1.408323,1.424565778211074e-10
1.469908,-0.4037399006981356,1.469908,-4.304726342980633e-06,1.469908,2.930837636609041e-10,1.469908,-14.41868228368692,1.469908,-2.143936908769848e-13,1.469908,575377.3744315366,1.469908,1.42456577801074e-10
1.534186,-0.4037399006844117,1.534186,-4.492968119732129e-06,1.534186,2.930837636317772e-10,1.534186,-14.41868228311929,1.534186,-2.14393690849359e-13,1.534186,551270.8024962193,1.534186,1.424565777818855e-10
1.601274,-0.403739900671261,1.601274,-4.689441538540161e-06,1.601274,2.930837636038641e-10,1.601274,-14.41868228257532,1.601274,-2.143936908230131e-13,1.601274,528174.2230240887,1.601274,1.424565777634966e-10
1.671296,-0.4037399006586614,1.671296,-4.894506561641002e-06,1.671296,2.930837635771218e-10,1.671296,-14.41868228205416,1.671296,-2.143936907976224e-13,1.671296,506045.3203851074,1.671296,1.42456577745879e-10
1.744381,-0.4037399006465884,1.744381,-5.108538892093144e-06,1.744381,2.930837635514945e-10,1.744381,-14.41868228155473,1.744381,-2.143936907733383e-13,1.744381,484843.5518461618,1.744381,1.424565777289963e-10
1.820661,-0.4037399006350228,1.820661,-5.331930662108365e-06,1.820661,2.930837635269475e-10,1.820661,-14.41868228107635,1.820661,-2.143936907501263e-13,1.820661,464530.0732921102,1.820661,1.42456577712825e-10
1.900277,-0.4037399006239416,1.900277,-5.5650911514847e-06,1.900277,2.930837635034268e-10,1.900277,-14.41868228061799,1.900277,-2.14393690727829e-13,1.900277,445067.6680587408,1.900277,1.4245657769733e-10
1.983374,-0.4037399006133239,1.983374,-5.808447537454132e-06,1.983374,2.930837634808903e-10,1.983374,-14.41868228017879,1.983374,-2.143936907065172e-13,1.983374,426420.6787475568,1.983374,1.424565776824831e-10
2.070105,-0.4037399006031523,2.070105,-6.062445677321069e-06,2.070105,2.930837634593018e-10,2.070105,-14.41868227975807,2.070105,-2.143936906860717e-13,2.070105,408554.9418972536,2.070105,1.424565776682608e-10
2.160629,-0.4037399005934053,2.160629,-6.327550925325717e-06,2.160629,2.930837634386126e-10,2.160629,-14.41868227935487,2.160629,-2.143936906664393e-13,2.160629,391437.725392224,2.160629,1.424565776546311e-10
2.255111,-0.4037399005840675,2.255111,-6.60424898522631e-06,2.255111,2.930837634187932e-10,2.255111,-14.41868227896863,2.255111,-2.14393690647707e-13,2.255111,375037.6684935617,2.255111,1.424565776415744e-10
2.353725,-0.4037399005751215,2.353725,-6.893046800165913e-06,2.353725,2.930837633998058e-10,2.353725,-14.41868227859859,2.353725,-2.143936906297093e-13,2.353725,359324.7243824764,2.353725,1.424565776290656e-10
2.456652,-0.4037399005665496,2.456652,-7.194473481451184e-06,2.456652,2.930837633816117e-10,2.456652,-14.41868227824403,2.456652,-2.143936906124346e-13,2.456652,344270.1051110295,2.456652,1.424565776170797e-10
2.564079,-0.4037399005583369,2.564079,-7.509081277945956e-06,2.564079,2.930837633641804e-10,2.564079,-14.41868227790432,2.564079,-2.143936905959999e-13,2.564079,329846.2288592534,2.564079,1.424565776055961e-10
2.676204,-0.4037399005504689,2.676204,-7.837446587855522e-06,2.676204,2.930837633474812e-10,2.676204,-14.41868227757888,2.676204,-2.143936905800988e-13,2.676204,316026.6694020401,2.676204,1.424565775945948e-10
2.793232,-0.4037399005429291,2.793232,-8.180171014756119e-06,2.793232,2.930837633314754e-10,2.793232,-14.41868227726697,2.793232,-2.143936905649967e-13,2.793232,302786.1076931853,2.793232,1.424565775840505e-10
2.915377,-0.4037399005357064,2.915377,-8.537882469801489e-06,2.915377,2.930837633161454e-10,2.915377,-14.4186822769682,2.915377,-2.143936905505019e-13,2.915377,290100.2854779889,2.915377,1.424565775739513e-10
3.042864,-0.4037399005287861,3.042864,-8.911236322131013e-06,3.042864,2.930837633014569e-10,3.042864,-14.41868227668196,3.042864,-2.143936905365814e-13,3.042864,277945.9608492436,3.042864,1.424565775642747e-10
3.175925,-0.4037399005221565,3.175925,-9.300916599581301e-06,3.175925,2.930837632873873e-10,3.175925,-14.41868227640777,3.175925,-2.143936905231832e-13,3.175925,266300.8656653855,3.175925,1.424565775550057e-10
3.314806,-0.4037399005158033,3.314806,-9.707637241906072e-06,3.314806,2.930837632739021e-10,3.314806,-14.41868227614497,3.314806,-2.143936905103593e-13,3.314806,255143.6647526301,3.314806,1.424565775461219e-10
3.459759,-0.4037399005097169,3.459759,-1.013214340879578e-05,3.459759,2.930837632609832e-10,3.459759,-14.41868227589319,3.459759,-2.143936904982147e-13,3.459759,244453.9168164759,3.459759,1.42456577537611e-10
3.611051,-0.4037399005038849,3.611051,-1.057521284509835e-05,3.611051,2.930837632486041e-10,3.611051,-14.41868227565195,3.611051,-2.143936904864944e-13,3.611051,234212.0369908366,3.611051,1.424565775294558e-10
3.768959,-0.4037399004982978,3.768959,-1.103765730573777e-05,3.768959,2.930837632367456e-10,3.768959,-14.41868227542085,3.768959,-2.14393690475245e-13,3.768959,224399.2609562964,3.768959,1.424565775216436e-10
3.933773,-0.4037399004929457,3.933773,-1.152032404294415e-05,3.933773,2.930837632253867e-10,3.933773,-14.41868227519948,3.933773,-2.143936904645026e-13,3.933773,214997.6105616791,3.933773,1.424565775141605e-10
4.105793,-0.4037399004878168,4.105793,-1.202409735851917e-05,4.105793,2.93083763214501e-10,4.105793,-14.41868227498735,4.105793,-2.143936904541717e-13,4.105793,205989.8608859697,4.105793,1.424565775069891e-10
4.285335,-0.4037399004829019,4.285335,-1.254990022397946e-05,4.285335,2.930837632040663e-10,4.285335,-14.418682274784,4.285335,-2.143936904442987e-13,4.285335,197359.50868026,4.285335,1.424565775001151e-10
4.472729,-0.4037399004781942,4.472729,-1.309869597154771e-05,4.472729,2.930837631940756e-10,4.472729,-14.41868227458929,4.472729,-2.143936904348356e-13,4.472729,189090.7421318745,4.472729,1.424565774935332e-10
4.668318,-0.4037399004736829,4.668318,-1.36714900590917e-05,4.668318,2.930837631844993e-10,4.668318,-14.41868227440267,4.668318,-2.143936904257924e-13,4.668318,181168.4118952564,4.668318,1.424565774872245e-10
4.872459,-0.4037399004693606,4.872459,-1.426933191223828e-05,4.872459,2.930837631753246e-10,4.872459,-14.41868227422387,4.872459,-2.143936904171001e-13,4.872459,173578.0033366276,4.872459,1.424565774811803e-10
5.085527,-0.4037399004652203,5.085527,-1.489331684704478e-05,5.085527,2.930837631665372e-10,5.085527,-14.41868227405262,5.085527,-2.143936904087794e-13,5.085527,166305.6099414694,5.085527,1.424565774753913e-10
5.307913,-0.4037399004612536,5.307913,-1.55445880767458e-05,5.307913,2.930837631581191e-10,5.307913,-14.41868227388857,5.307913,-2.143936904007886e-13,5.307913,159337.9078361655,5.307913,1.424565774698455e-10
5.540023,-0.4037399004574518,5.540023,-1.62243388062536e-05,5.540023,2.93083763150048e-10,5.540023,-14.41868227373129,5.540023,-2.143936903931931e-13,5.540023,152662.1313771082,5.540023,1.424565774645285e-10
5.782283,-0.4037399004538111,5.782283,-1.693381441824687e-05,5.782283,2.930837631423228e-10,5.782283,-14.41868227358072,5.782283,-2.143936903858543e-13,5.782283,146266.0497625649,5.782283,1.424565774594391e-10
6.035137,-0.4037399004503214,6.035137,-1.767431475486066e-05,6.035137,2.930837631349144e-10,6.035137,-14.41868227343635,6.035137,-2.143936903788563e-13,6.035137,140137.9446243924,6.035137,1.424565774545585e-10
6.299048,-0.4037399004469777,6.299048,-1.844719649914521e-05,6.299048,2.930837631278164e-10,6.299048,-14.41868227329802,6.299048,-2.14393690372055e-13,6.299048,134266.5885586478,6.299048,1.424565774498826e-10
6.5745,-0.4037399004437759,6.5745,-1.925387566066937e-05,6.5745,2.930837631210222e-10,6.5745,-14.41868227316562,6.5745,-2.143936903656208e-13,6.5745,128641.2245556587,6.5745,1.424565774454066e-10
6.861997,-0.4037399004407073,6.861997,-2.009583016981665e-05,6.861997,2.930837631145095e-10,6.861997,-14.41868227303869,6.861997,-2.143936903594509e-13,6.861997,123251.5462919203,6.861997,1.42456577441116e-10
7.162066,-0.403739900437767,7.162066,-2.097460258552383e-05,7.162066,2.930837631082685e-10,7.162066,-14.41868227291707,7.162066,-2.143936903535805e-13,7.162066,118087.6792477212,7.162066,1.424565774370046e-10
7.475256,-0.4037399004349499,7.475256,-2.18918029214302e-05,7.475256,2.930837631022892e-10,7.475256,-14.41868227280054,7.475256,-2.14393690347885e-13,7.475256,113140.1626158633,7.475256,1.424565774330654e-10
7.802142,-0.4037399004322503,7.802142,-2.284911159561056e-05,7.802142,2.930837630965583e-10,7.802142,-14.41868227268886,7.802142,-2.143936903424055e-13,7.802142,108399.9319683581,7.802142,1.424565774292901e-10
8.143323000000001,-0.4037399004296651,8.143323000000001,-2.384828250929618e-05,8.143323000000001,2.930837630910725e-10,8.143323000000001,-14.41868227258195,8.143323000000001,-2.143936903372848e-13,8.143323000000001,103858.3026493409,8.143323000000001,1.424565774256761e-10
8.499423,-0.4037399004271865,8.499423,-2.48911462602294e-05,8.499423,2.93083763085809e-10,8.499423,-14.41868227247939,8.499423,-2.143936903322522e-13,8.499423,99506.95386375685,8.499423,1.424565774222087e-10
8.871095,-0.4037399004248126,8.871095,-2.597961349652789e-05,8.871095,2.930837630807704e-10,8.871095,-14.41868227238118,8.871095,-2.143936903275435e-13,8.871095,95337.91343270979,8.871095,1.424565774188892e-10
9.25902,-0.4037399004225394,9.25902,-2.711567841721854e-05,9.25902,2.930837630759477e-10,9.25902,-14.4186822722872,9.25902,-2.143936903229679e-13,9.25902,91343.54318748588,9.25902,1.424565774157119e-10
9.663909,-0.4037399004203607,9.663909,-2.830142242584303e-05,9.663909,2.930837630713238e-10,9.663909,-14.41868227219708,9.663909,-2.143936903186324e-13,9.663909,87516.52497553809,9.663909,1.424565774126658e-10
10.0865,-0.4037399004182711,10.0865,-2.95390179438306e-05,10.0865,2.930837630668855e-10,10.0865,-14.41868227211059,10.0865,-2.143936903144459e-13,10.0865,83849.84725278142,10.0865,1.424565774097421e-10
10.52758,-0.4037399004162724,10.52758,-3.083073239062443e-05,10.52758,2.930837630626453e-10,10.52758,-14.41868227202796,10.52758,-2.143936903103461e-13,10.52758,80336.79223763199,10.52758,1.424565774069486e-10
10.98794,-0.4037399004143546,10.98794,-3.217893233786817e-05,10.98794,2.930837630585728e-10,10.98794,-14.41868227194859,10.98794,-2.143936903065003e-13,10.98794,76970.92360322482,10.98794,1.424565774042659e-10
11.46843,-0.4037399004125198,11.46843,-3.358608784522961e-05,11.46843,2.930837630546806e-10,11.46843,-14.41868227187273,11.46843,-2.143936903028078e-13,11.46843,73746.07468533868,11.46843,1.424565774017016e-10
11.96993,-0.4037399004107602,11.96993,-3.505477698584946e-05,11.96993,2.930837630509455e-10,11.96993,-14.41868227179995,11.96993,-2.143936902992321e-13,11.96993,70656.33718432349,11.96993,1.424565773992409e-10
12.49337,-0.4037399004090749,12.49337,-3.658769056966292e-05,12.49337,2.930837630473689e-10,12.49337,-14.41868227173025,12.49337,-2.143936902958432e-13,12.49337,67696.05034042466,12.49337,1.424565773968846e-10
13.03969,-0.4037399004074596,13.03969,-3.818763707328426e-05,13.03969,2.930837630439393e-10,13.03969,-14.41868227166341,13.03969,-2.143936902926496e-13,13.03969,64859.79056259725,13.03969,1.424565773946254e-10
13.60991,-0.403739900405913,13.60991,-3.985754778545888e-05,13.60991,2.930837630406578e-10,13.60991,-14.41868227159946,13.60991,-2.14393690289495e-13,13.60991,62142.36149186274,13.60991,1.424565773924635e-10
14.20505,-0.4037399004044286,14.20505,-4.16004821775326e-05,14.20505,2.930837630375046e-10,14.20505,-14.41868227153801,14.20505,-2.143936902866474e-13,14.20505,59538.7844809637,14.20505,1.424565773903864e-10
14.82623,-0.4037399004030106,14.82623,-4.341963350874955e-05,14.82623,2.930837630344977e-10,14.82623,-14.41868227147941,14.82623,-2.143936902837362e-13,14.82623,57044.28947291488,14.82623,1.424565773884052e-10
15.47457,-0.40373990040165,15.47457,-4.531833467669078e-05,15.47457,2.9308376303161e-10,15.47457,-14.41868227142314,15.47457,-2.143936902809718e-13,15.47457,54654.30626168355,15.47457,1.424565773865028e-10
16.15126,-0.4037399004003455,16.15126,-4.730006432351932e-05,16.15126,2.930837630288406e-10,16.15126,-14.41868227136916,16.15126,-2.143936902782695e-13,16.15126,52364.45611905347,16.15126,1.424565773846785e-10
16.85754,-0.4037399003990962,16.85754,-4.936845320926251e-05,16.85754,2.930837630261885e-10,16.85754,-14.41868227131747,16.85754,-2.143936902758427e-13,16.85754,50170.54377227871,16.85754,1.424565773829312e-10
17.5947,-0.4037399003978998,17.5947,-5.152729086378955e-05,17.5947,2.930837630236497e-10,17.5947,-14.418682271268,17.5947,-2.143936902733688e-13,17.5947,48068.54971785295,17.5947,1.424565773812587e-10
18.3641,-0.4037399003967514,18.3641,-5.378053252967369e-05,18.3641,2.930837630212097e-10,18.3641,-14.41868227122046,18.3641,-2.143936902711166e-13,18.3641,46054.62285730943,18.3641,1.424565773796515e-10
19.16715,-0.4037399003956534,19.16715,-5.613230640865025e-05,19.16715,2.930837630188806e-10,19.16715,-14.41868227117506,19.16715,-2.14393690268874e-13,19.16715,44125.07344156494,19.16715,1.424565773781169e-10
20.00531,-0.4037399003946011,20.00531,-5.858692122497672e-05,20.00531,2.930837630166466e-10,20.00531,-14.41868227113154,20.00531,-2.143936902667539e-13,20.00531,42276.36631085932,20.00531,1.424565773766453e-10
20.88012,-0.4037399003935926,20.88012,-6.114887411950758e-05,20.88012,2.93083763014507e-10,20.88012,-14.41868227108982,20.88012,-2.143936902647948e-13,20.88012,40505.11441793832,20.88012,1.424565773752357e-10
21.79319,-0.4037399003926262,21.79319,-6.382285888898825e-05,21.79319,2.930837630124548e-10,21.79319,-14.41868227104984,21.79319,-2.143936902628627e-13,21.79319,38808.07262258248,21.79319,1.424565773738838e-10
22.74619,-0.4037399003917015,22.74619,-6.661377458563208e-05,22.74619,2.930837630104936e-10,22.74619,-14.41868227101162,22.74619,-2.143936902609631e-13,22.74619,37182.13174613577,22.74619,1.424565773725917e-10
23.74086,-0.4037399003908139,23.74086,-6.952673449276506e-05,23.74086,2.930837630086098e-10,23.74086,-14.4186822709749,23.74086,-2.143936902592e-13,23.74086,35624.31287512213,23.74086,1.424565773713507e-10
24.77902,-0.4037399003899643,24.77902,-7.256707549294763e-05,24.77902,2.930837630068056e-10,24.77902,-14.41868227093975,24.77902,-2.143936902574362e-13,24.77902,34131.76190353338,24.77902,1.424565773701621e-10
25.86259,-0.4037399003891496,25.86259,-7.574036784577313e-05,25.86259,2.930837630050763e-10,25.86259,-14.41868227090604,25.86259,-2.14393690255858e-13,25.86259,32701.74430377082,25.86259,1.424565773690229e-10
26.99353,-0.4037399003883696,26.99353,-7.905242539323031e-05,26.99353,2.93083763003421e-10,26.99353,-14.41868227087379,26.99353,-2.143936902542054e-13,26.99353,31331.64011667261,26.99353,1.424565773679324e-10
28.17394,-0.403739900387622,28.17394,-8.250931621134353e-05,28.17394,2.930837630018343e-10,28.17394,-14.41868227084286,28.17394,-2.143936902527776e-13,28.17394,30018.93915144177,28.17394,1.42456577366887e-10
29.40596,-0.4037399003869058,29.40596,-8.611737372759298e-05,29.40596,2.930837630003138e-10,29.40596,-14.41868227081322,29.40596,-2.143936902513592e-13,29.40596,28761.23638668483,29.40596,1.424565773658854e-10
30.69185,-0.4037399003862205,30.69185,-8.988320832449448e-05,30.69185,2.930837629988597e-10,30.69185,-14.4186822707849,30.69185,-2.143936902499133e-13,30.69185,27556.22756413127,30.69185,1.424565773649275e-10
32.03398,-0.4037399003855624,32.03398,-9.381371945059463e-05,32.03398,2.930837629974625e-10,32.03398,-14.41868227075766,32.03398,-2.14393690248634e-13,32.03398,26401.70496696286,32.03398,1.424565773640071e-10
33.4348,-0.403739900384933,33.4348,-9.791610826105929e-05,33.4348,2.930837629961267e-10,33.4348,-14.41868227073163,33.4348,-2.143936902473828e-13,33.4348,25295.55337502024,33.4348,1.42456577363127e-10
34.89687,-0.4037399003843291,34.89687,-0.0001021978908110378,34.89687,2.930837629948444e-10,34.89687,-14.41868227070664,34.89687,-2.143936902460804e-13,34.89687,24235.74618947107,34.89687,1.424565773622823e-10
36.42288,-0.4037399003837514,36.42288,-0.000106666911825946,36.42288,2.93083762993619e-10,36.42288,-14.41868227068276,36.42288,-2.143936902449711e-13,36.42288,23220.34171984588,36.42288,1.424565773614749e-10
38.01562,-0.4037399003831967,38.01562,-0.0001113313590739285,38.01562,2.930837629924406e-10,38.01562,-14.41868227065979,38.01562,-2.143936902438468e-13,38.01562,22247.47962663256,38.01562,1.424565773606987e-10
39.67801,-0.4037399003826667,39.67801,-0.0001161997783667918,39.67801,2.930837629913165e-10,39.67801,-14.41868227063789,39.67801,-2.143936902428289e-13,39.67801,21315.37751291988,39.67801,1.424565773599581e-10
41.41309,-0.4037399003821575,41.41309,-0.0001212810892169463,41.41309,2.930837629902349e-10,41.41309,-14.41868227061681,41.41309,-2.143936902417252e-13,41.41309,20422.32765883529,41.41309,1.424565773592456e-10
43.22405,-0.4037399003816704,43.22405,-0.0001265846011789766,43.22405,2.930837629892009e-10,43.22405,-14.41868227059666,43.22405,-2.143936902407577e-13,43.22405,19566.6938928055,43.22405,1.424565773585644e-10
45.1142,-0.4037399003812039,45.1142,-0.0001321200309058446,45.1142,2.930837629882115e-10,45.1142,-14.41868227057738,45.1142,-2.143936902398252e-13,45.1142,18746.90859389735,45.1142,1.424565773579125e-10
47.087,-0.4037399003807571,47.087,-0.0001378975199509277,47.087,2.930837629872632e-10,47.087,-14.41868227055889,47.087,-2.143936902389586e-13,47.087,17961.46981975393,47.087,1.424565773572878e-10
49.14607,-0.4037399003803289,49.14607,-0.0001439276533485275,49.14607,2.930837629863552e-10,49.14607,-14.4186822705412,49.14607,-2.143936902380243e-13,49.14607,17208.93855486091,49.14607,1.424565773566896e-10
51.29518,-0.4037399003799186,51.29518,-0.0001502214790068901,51.29518,2.930837629854848e-10,51.29518,-14.41868227052424,51.29518,-2.143936902372817e-13,51.29518,16487.93607410193,51.29518,1.424565773561161e-10
53.53827,-0.4037399003795254,53.53827,-0.0001567905279492616,53.53827,2.930837629846503e-10,53.53827,-14.41868227050797,53.53827,-2.143936902364587e-13,53.53827,15797.14141677348,53.53827,1.424565773555663e-10
55.87946,-0.4037399003791484,55.87946,-0.0001636468354400706,55.87946,2.930837629838493e-10,55.87946,-14.41868227049237,55.87946,-2.143936902357345e-13,55.87946,15135.28896643053,55.87946,1.424565773550388e-10
58.32301,-0.4037399003787871,58.32301,-0.0001708029630349341,58.32301,2.930837629830824e-10,58.32301,-14.41868227047742,58.32301,-2.14393690234972e-13,58.32301,14501.16613212971,58.32301,1.424565773545335e-10
60.87343,-0.4037399003784411,60.87343,-0.0001782720215948975,60.87343,2.930837629823482e-10,60.87343,-14.41868227046311,60.87343,-2.143936902342869e-13,60.87343,13893.61112682083,60.87343,1.424565773540499e-10
63.53537,-0.4037399003781099,63.53537,-0.00018606769530706,63.53537,2.930837629816456e-10,63.53537,-14.41868227044942,63.53537,-2.143936902336346e-13,63.53537,13311.51083881762,63.53537,1.42456577353587e-10
66.31371,-0.4037399003777916,66.31371,-0.0001942042667556086,66.31371,2.930837629809684e-10,66.31371,-14.41868227043622,66.31371,-2.143936902329734e-13,66.31371,12753.7987924468,66.31371,1.424565773531409e-10
69.21355,-0.403739900377487,69.21355,-0.0002026966430891646,69.21355,2.930837629803214e-10,69.21355,-14.41868227042361,69.21355,-2.143936902323776e-13,69.21355,12219.45319414108,69.21355,1.424565773527147e-10
72.24019,-0.4037399003771954,72.24019,-0.0002115603833324353,72.24019,2.930837629797025e-10,72.24019,-14.41868227041155,72.24019,-2.14393690231851e-13,72.24019,11707.49506039309,72.24019,1.42456577352307e-10
75.39919,-0.4037399003769168,75.39919,-0.0002208117268921558,75.39919,2.930837629791118e-10,75.39919,-14.41868227040004,75.39919,-2.143936902312431e-13,75.39919,11216.98642414382,75.39919,1.424565773519178e-10
78.69633,-0.4037399003766495,78.69633,-0.000230467623309584,78.69633,2.93083762978545e-10,78.69633,-14.41868227038899,78.69633,-2.143936902307085e-13,78.69633,10747.02861631716,78.69633,1.424565773515444e-10
82.13764999999999,-0.4037399003763924,82.13764999999999,-0.0002405457633140338,82.13764999999999,2.930837629779987e-10,82.13764999999999,-14.41868227037835,82.13764999999999,-2.143936902301778e-13,82.13764999999999,10296.76061935354,82.13764999999999,1.424565773511845e-10
85.72945,-0.4037399003761473,85.72945,-0.0002510646112343462,85.72945,2.930837629774786e-10,85.72945,-14.41868227036821,85.72945,-2.143936902297293e-13,85.72945,9865.357489725522,85.72945,1.424565773508419e-10
89.47832,-0.4037399003759118,89.47832,-0.0002620434388277182,89.47832,2.930837629769788e-10,89.47832,-14.41868227035847,89.47832,-2.143936902292417e-13,89.47832,9452.028846544183,89.47832,1.424565773505126e-10
93.39113,-0.403739900375686,93.39113,-0.0002735023605877925,93.39113,2.930837629764987e-10,93.39113,-14.41868227034912,93.39113,-2.14393690228714e-13,93.39113,9056.017423489708,93.39113,1.424565773501965e-10
97.47504000000001,-0.4037399003754704,97.47504000000001,-0.0002854623705967589,97.47504000000001,2.930837629760422e-10,97.47504000000001,-14.41868227034022,97.47504000000001,-2.143936902283631e-13,97.47504000000001,8676.597681411036,97.47504000000001,1.424565773498955e-10
101.7375,-0.4037399003752638,101.7375,-0.0002979453809889768,101.7375,2.930837629756044e-10,101.7375,-14.41868227033169,101.7375,-2.143936902278638e-13,101.7375,8313.074479053059,101.7375,1.424565773496071e-10
106.1864,-0.4037399003750649,106.1864,-0.0003109742620965591,106.1864,2.930837629751809e-10,106.1864,-14.41868227032344,106.1864,-2.143936902275004e-13,106.1864,7964.78179947687,106.1864,1.424565773493282e-10
110.8299,-0.4037399003748751,110.8299,-0.0003245728843504633,110.8299,2.930837629747781e-10,110.8299,-14.41868227031559,110.8299,-2.143936902270837e-13,110.8299,7631.081529839611,110.8299,1.424565773490628e-10
115.6763,-0.4037399003746929,115.6763,-0.0003387661620139522,115.6763,2.930837629743915e-10,115.6763,-14.41868227030805,115.6763,-2.143936902266918e-13,115.6763,7311.362292296174,115.6763,1.424565773488081e-10
120.7348,-0.4037399003745185,120.7348,-0.0003535800988283983,120.7348,2.930837629740215e-10,120.7348,-14.41868227030083,120.7348,-2.143936902263959e-13,120.7348,7005.038323884436,120.7348,1.424565773485643e-10
126.0144,-0.4037399003743518,126.0144,-0.0003690418356551835,126.0144,2.930837629736682e-10,126.0144,-14.41868227029395,126.0144,-2.143936902260703e-13,126.0144,6711.548403338888,126.0144,1.424565773483316e-10
131.5249,-0.4037399003741912,131.5249,-0.0003851797002009391,131.5249,2.930837629733263e-10,131.5249,-14.4186822702873,131.5249,-2.143936902257116e-13,131.5249,6430.354822867545,131.5249,1.424565773481065e-10
137.2764,-0.4037399003740381,137.2764,-0.000402023258917175,137.2764,2.93083762973002e-10,137.2764,-14.41868227028098,137.2764,-2.143936902253889e-13,137.2764,6160.942403009083,137.2764,1.424565773478927e-10
143.2793,-0.4037399003738911,143.2793,-0.0004196033711695197,143.2793,2.930837629726896e-10,143.2793,-14.41868227027489,143.2793,-2.143936902251571e-13,143.2793,5902.817548763166,143.2793,1.424565773476869e-10
149.5448,-0.40373990037375,149.5448,-0.0004379522457756292,149.5448,2.930837629723902e-10,149.5448,-14.41868227026906,149.5448,-2.14393690224818e-13,149.5448,5655.507345267552,149.5448,1.424565773474897e-10
156.0843,-0.4037399003736155,156.0843,-0.000457103500015537,156.0843,2.930837629721045e-10,156.0843,-14.41868227026348,156.0843,-2.143936902246523e-13,156.0843,5418.558691362302,156.0843,1.424565773473015e-10
162.9097,-0.4037399003734866,162.9097,-0.0004770922212224201,162.9097,2.930837629718321e-10,162.9097,-14.41868227025817,162.9097,-2.143936902243505e-13,162.9097,5191.537469455837,162.9097,1.42456577347122e-10
170.0336,-0.4037399003733623,170.0336,-0.0004979550310667016,170.0336,2.93083762971568e-10,170.0336,-14.41868227025303,170.0336,-2.143936902241524e-13,170.0336,4974.027750170664,170.0336,1.42456577346948e-10
177.469,-0.4037399003732438,177.469,-0.0005197301526511922,177.469,2.930837629713163e-10,177.469,-14.41868227024813,177.469,-2.143936902238142e-13,177.469,4765.631030312543,177.469,1.424565773467822e-10
185.2295,-0.4037399003731296,185.2295,-0.0005424574805403251,185.2295,2.930837629710731e-10,185.2295,-14.41868227024338,185.2295,-2.143936902236179e-13,185.2295,4565.965502765657,185.2295,1.42456577346622e-10
193.3295,-0.4037399003730216,193.3295,-0.0005661786538515998,193.3295,2.93083762970845e-10,193.3295,-14.41868227023894,193.3295,-2.143936902234485e-13,193.3295,4374.665356977871,193.3295,1.424565773464716e-10
201.7836,-0.4037399003729161,201.7836,-0.0005909371325433763,201.7836,2.930837629706201e-10,201.7836,-14.41868227023455,201.7836,-2.143936902232418e-13,201.7836,4191.380108752601,201.7836,1.424565773463236e-10
210.6074,-0.4037399003728171,210.6074,-0.0006167782770384933,210.6074,2.930837629704113e-10,210.6074,-14.41868227023049,210.6074,-2.143936902230452e-13,210.6074,4015.773958121475,210.6074,1.424565773461859e-10
219.8171,-0.4037399003727205,219.8171,-0.0006437494313299846,219.8171,2.930837629702044e-10,219.8171,-14.41868227022645,219.8171,-2.143936902227377e-13,219.8171,3847.525174118845,219.8171,1.424565773460498e-10
229.4295,-0.4037399003726295,229.4295,-0.0006719000097206511,229.4295,2.930837629700124e-10,229.4295,-14.41868227022271,229.4295,-2.143936902226212e-13,229.4295,3686.32550533395,229.4295,1.424565773459231e-10
239.4622,-0.4037399003725418,239.4622,-0.0007012815873559782,239.4622,2.930837629698268e-10,239.4622,-14.41868227021909,239.4622,-2.143936902224474e-13,239.4622,3531.879615157542,239.4622,1.424565773458009e-10
249.9337,-0.4037399003724572,249.9337,-0.0007319479947157257,249.9337,2.93083762969647e-10,249.9337,-14.41868227021558,249.9337,-2.143936902223158e-13,249.9337,3383.904540691281,249.9337,1.424565773456824e-10
260.863,-0.4037399003723768,260.863,-0.0007639554162376703,260.863,2.930837629694763e-10,260.863,-14.41868227021227,260.863,-2.143936902220927e-13,260.863,3242.129174326526,260.863,1.4245657734557e-10
272.2704,-0.403739900372299,272.2704,-0.0007973624932540822,272.2704,2.930837629693112e-10,272.2704,-14.41868227020904,272.2704,-2.143936902219567e-13,272.2704,3106.293767043465,272.2704,1.424565773454613e-10
284.1765,-0.4037399003722242,284.1765,-0.0008322304314294656,284.1765,2.930837629691514e-10,284.1765,-14.41868227020594,284.1765,-2.143936902217636e-13,284.1765,2976.149452520677,284.1765,1.424565773453561e-10
296.6033,-0.4037399003721536,296.6033,-0.0008686231128964593,296.6033,2.930837629690016e-10,296.6033,-14.41868227020301,296.6033,-2.14393690221687e-13,296.6033,2851.457791183052,296.6033,1.424565773452573e-10
309.5735,-0.403739900372086,309.5735,-0.0009066072132954125,309.5735,2.930837629688599e-10,309.5735,-14.41868227020024,309.5735,-2.143936902215412e-13,309.5735,2731.990333352483,309.5735,1.424565773451639e-10
323.1108,-0.4037399003720202,323.1108,-0.0009462523239319458,323.1108,2.930837629687183e-10,323.1108,-14.4186822701975,323.1108,-2.143936902213525e-13,323.1108,2617.528200701398,323.1108,1.424565773450708e-10
337.2402,-0.4037399003719577,337.2402,-0.0009876310792762393,337.2402,2.930837629685858e-10,337.2402,-14.41868227019491,337.2402,-2.143936902212955e-13,337.2402,2507.861685242406,337.2402,1.424565773449834e-10
351.9874,-0.4037399003718985,351.9874,-0.001030819290037978,351.9874,2.930837629684613e-10,351.9874,-14.41868227019248,351.9874,-2.143936902211353e-13,351.9874,2402.789865118451,351.9874,1.424565773449013e-10
367.3795,-0.4037399003718405,367.3795,-0.001075896082060408,367.3795,2.930837629683371e-10,367.3795,-14.41868227019006,367.3795,-2.143936902210323e-13,367.3795,2302.120236490589,367.3795,1.424565773448196e-10
383.4446,-0.4037399003717864,383.4446,-0.001122944041288009,383.4446,2.930837629682237e-10,383.4446,-14.41868227018785,383.4446,-2.143936902209037e-13,383.4446,2205.668360848698,383.4446,1.424565773447448e-10
400.2123,-0.4037399003717336,400.2123,-0.001172049365073755,400.2123,2.930837629681109e-10,400.2123,-14.41868227018565,400.2123,-2.143936902207504e-13,400.2123,2113.257527098271,400.2123,1.424565773446704e-10
417.7132,-0.4037399003716823,417.7132,-0.001223302020102575,417.7132,2.930837629680012e-10,417.7132,-14.41868227018352,417.7132,-2.14393690220759e-13,417.7132,2024.718427805335,417.7132,1.424565773445983e-10
435.9795,-0.4037399003716344,435.9795,-0.001276795907220872,435.9795,2.930837629678994e-10,435.9795,-14.41868227018154,435.9795,-2.143936902205623e-13,435.9795,1939.888849005374,435.9795,1.424565773445312e-10
455.0445,-0.403739900371588,455.0445,-0.001332629033473879,455.0445,2.930837629678016e-10,455.0445,-14.41868227017962,455.0445,-2.143936902205706e-13,455.0445,1858.613373008357,455.0445,1.424565773444668e-10
474.9431,-0.4037399003715443,474.9431,-0.001390903691665951,474.9431,2.930837629677092e-10,474.9431,-14.41868227017782,474.9431,-2.143936902204347e-13,474.9431,1780.743093655457,474.9431,1.424565773444059e-10
495.712,-0.403739900371501,495.712,-0.00145172664777297,495.712,2.930837629676166e-10,495.712,-14.41868227017602,495.712,-2.143936902203706e-13,495.712,1706.135343505544,495.712,1.424565773443449e-10
517.389,-0.403739900371461,517.389,-0.001515209336549972,517.389,2.930837629675316e-10,517.389,-14.41868227017437,517.389,-2.143936902202698e-13,517.389,1634.65343245187,517.389,1.42456577344289e-10
540.0139,-0.4037399003714215,540.0139,-0.001581468065692788,540.0139,2.930837629674485e-10,540.0139,-14.41868227017274,540.0139,-2.143936902201604e-13,540.0139,1566.166397289694,540.0139,1.424565773442342e-10
563.6283,-0.403739900371384,563.6283,-0.001650624228927181,563.6283,2.930837629673675e-10,563.6283,-14.41868227017117,563.6283,-2.143936902201042e-13,563.6283,1500.548761776521,563.6283,1.424565773441809e-10
588.2752,-0.4037399003713486,588.2752,-0.001722804528416343,588.2752,2.930837629672932e-10,588.2752,-14.41868227016972,588.2752,-2.143936902200542e-13,588.2752,1437.680306744965,588.2752,1.424565773441318e-10
614,-0.4037399003713151,614,-0.001798141206894118,614,2.930837629672237e-10,614,-14.41868227016836,614,-2.143936902199827e-13,614,1377.445849847139,614,1.424565773440859e-10
640.8496,-0.4037399003712812,640.8496,-0.001876772289949145,640.8496,2.9308376296715e-10,640.8496,-14.41868227016693,640.8496,-2.143936902199057e-13,640.8496,1319.735034527152,640.8496,1.424565773440376e-10
668.8733999999999,-0.4037399003712498,668.8733999999999,-0.001958841838903617,668.8733999999999,2.930837629670836e-10,668.8733999999999,-14.41868227016563,668.8733999999999,-2.143936902198456e-13,668.8733999999999,1264.442127835161,668.8733999999999,1.424565773439938e-10
698.1226,-0.4037399003712204,698.1226,-0.002044500214750721,698.1226,2.930837629670219e-10,698.1226,-14.41868227016443,698.1226,-2.143936902197483e-13,698.1226,1211.465826712081,698.1226,1.42456577343953e-10
728.6509,-0.4037399003711912,728.6509,-0.002133904353633428,728.6509,2.930837629669602e-10,728.6509,-14.41868227016323,728.6509,-2.14393690219697e-13,728.6509,1160.709072390632,728.6509,1.424565773439124e-10
760.5141,-0.4037399003711629,760.5141,-0.002227218054369776,760.5141,2.930837629668987e-10,760.5141,-14.41868227016204,760.5141,-2.143936902196319e-13,760.5141,1112.078872572367,760.5141,1.42456577343872e-10
793.7707,-0.4037399003711367,793.7707,-0.002324612278551395,793.7707,2.930837629668443e-10,793.7707,-14.41868227016096,793.7707,-2.143936902196119e-13,793.7707,1065.486131054935,793.7707,1.424565773438361e-10
828.4816,-0.4037399003711118,828.4816,-0.002426265463765267,828.4816,2.930837629667919e-10,828.4816,-14.41868227015994,828.4816,-2.143936902195548e-13,828.4816,1020.845484497364,828.4816,1.424565773438015e-10
864.7103,-0.4037399003710875,864.7103,-0.002532363850512075,864.7103,2.930837629667403e-10,864.7103,-14.41868227015894,864.7103,-2.143936902194653e-13,864.7103,978.0751460245243,864.7103,1.424565773437675e-10
902.5232999999999,-0.4037399003710643,902.5232999999999,-0.002643101823420556,902.5232999999999,2.930837629666906e-10,902.5232999999999,-14.41868227015797,902.5232999999999,-2.143936902194902e-13,902.5232999999999,937.0967553840113,902.5232999999999,1.424565773437348e-10
941.9899,-0.4037399003710413,941.9899,-0.00275868226738286,941.9899,2.930837629666415e-10,941.9899,-14.41868227015701,941.9899,-2.143936902194503e-13,941.9899,897.8352353810096,941.9899,1.424565773437025e-10
983.1822,-0.4037399003710198,983.1822,-0.002879316939263304,983.1822,2.930837629665955e-10,983.1822,-14.41868227015613,983.1822,-2.143936902194135e-13,983.1822,860.2186543281198,983.1822,1.424565773436722e-10
1000,-0.4037399003710114,1000,-0.002928568917311184,1000,2.930837629665777e-10,1000,-14.41868227015577,1000,-2.143936902193572e-13,1000,845.7517008516782,1000,1.424565773436605e-10
1026.176,-0.403739900371,1026.176,-0.003005226855861703,1026.176,2.930837629665547e-10,1026.176,-14.41868227015533,1026.176,-2.143936902193452e-13,1026.176,824.1780942581001,1026.176,1.424565773436452e-10
1071.05,-0.40373990037098,1071.05,-0.003136642698842063,1071.05,2.930837629665114e-10,1071.05,-14.41868227015448,1071.05,-2.143936902192569e-13,1071.05,789.6475246580829,1071.05,1.424565773436167e-10
1117.886,-0.4037399003709614,1117.886,-0.003273805237368007,1117.886,2.930837629664724e-10,1117.886,-14.41868227015372,1117.886,-2.14393690219265e-13,1117.886,756.5636814940368,1117.886,1.424565773435911e-10
1166.77,-0.4037399003709425,1166.77,-0.003416965769220361,1166.77,2.930837629664313e-10,1166.77,-14.41868227015292,1166.77,-2.143936902192356e-13,1166.77,724.8659513035881,1166.77,1.42456577343564e-10
1217.792,-0.4037399003709257,1217.792,-0.003566386581203595,1217.792,2.930837629663961e-10,1217.792,-14.41868227015223,1217.792,-2.143936902191637e-13,1217.792,694.4962601451705,1217.792,1.424565773435408e-10
1271.045,-0.4037399003709091,1271.045,-0.003722341429686387,1271.045,2.930837629663605e-10,1271.045,-14.41868227015155,1271.045,-2.143936902191099e-13,1271.045,665.3989671996845,1271.045,1.424565773435174e-10
1326.626,-0.4037399003708933,1326.626,-0.003885116042154766,1326.626,2.930837629663271e-10,1326.626,-14.41868227015089,1326.626,-2.143936902191161e-13,1326.626,637.520762830113,1326.626,1.424565773434954e-10
1384.638,-0.403739900370878,1384.638,-0.00405500864069845,1384.638,2.930837629662946e-10,1384.638,-14.41868227015026,1384.638,-2.143936902190873e-13,1384.638,610.8105709119992,1384.638,1.42456577343474e-10
1445.187,-0.4037399003708629,1445.187,-0.004232330488388592,1445.187,2.930837629662623e-10,1445.187,-14.41868227014963,1445.187,-2.14393690219074e-13,1445.187,585.2194552560165,1445.187,1.424565773434527e-10
1508.384,-0.4037399003708491,1508.384,-0.00441740645954776,1508.384,2.930837629662326e-10,1508.384,-14.41868227014905,1508.384,-2.143936902190617e-13,1508.384,560.7005299512009,1508.384,1.424565773434332e-10
1574.344,-0.4037399003708361,1574.344,-0.004610575634957959,1574.344,2.930837629662058e-10,1574.344,-14.41868227014853,1574.344,-2.143936902189799e-13,1574.344,537.2088734644414,1574.344,1.424565773434155e-10
1643.189,-0.4037399003708229,1643.189,-0.004812191923096048,1643.189,2.930837629661775e-10,1643.189,-14.41868227014797,1643.189,-2.143936902189884e-13,1643.189,514.701446339012,1643.189,1.424565773433968e-10
1715.044,-0.4037399003708114,1715.044,-0.005022624708535219,1715.044,2.930837629661538e-10,1715.044,-14.41868227014752,1715.044,-2.143936902190245e-13,1715.044,493.1370123412737,1715.044,1.424565773433812e-10
1790.041,-0.403739900370799,1790.041,-0.005242259528701157,1790.041,2.930837629661268e-10,1790.041,-14.41868227014699,1790.041,-2.143936902189582e-13,1790.041,472.4760629110376,1790.041,1.424565773433634e-10
1868.318,-0.4037399003707883,1868.318,-0.005471498780220825,1868.318,2.930837629661051e-10,1868.318,-14.41868227014657,1868.318,-2.14393690218882e-13,1868.318,452.680744777338,1868.318,1.42456577343349e-10
1950.018,-0.4037399003707771,1950.018,-0.005710762456160896,1950.018,2.930837629660802e-10,1950.018,-14.41868227014607,1950.018,-2.143936902187768e-13,1950.018,433.7147906067529,1950.018,1.424565773433328e-10
2035.291,-0.4037399003707666,2035.291,-0.005960488915503362,2035.291,2.930837629660587e-10,2035.291,-14.41868227014565,2035.291,-2.143936902189539e-13,2035.291,415.5434525574694,2035.291,1.424565773433185e-10
2124.292,-0.4037399003707568,2124.292,-0.00622113568627084,2124.292,2.930837629660376e-10,2124.292,-14.41868227014524,2124.292,-2.143936902188759e-13,2124.292,398.1334386171469,2124.292,1.424565773433047e-10
2217.185,-0.4037399003707469,2217.185,-0.00649318030377118,2217.185,2.93083762966016e-10,2217.185,-14.41868227014483,2217.185,-2.143936902188556e-13,2217.185,381.4528516080767,2217.185,1.424565773432905e-10
2314.141,-0.4037399003707378,2314.141,-0.006777121185497635,2314.141,2.930837629659962e-10,2314.141,-14.41868227014444,2314.141,-2.143936902187868e-13,2314.141,365.4711307478411,2314.141,1.424565773432774e-10
2415.336,-0.4037399003707292,2415.336,-0.007073478544288277,2415.336,2.930837629659784e-10,2415.336,-14.4186822701441,2415.336,-2.143936902188239e-13,2415.336,350.1589956583715,2415.336,1.424565773432657e-10
2520.957,-0.403739900370721,2520.957,-0.007382795341416383,2520.957,2.930837629659616e-10,2520.957,-14.41868227014377,2520.957,-2.143936902188129e-13,2520.957,335.4883927208922,2520.957,1.424565773432546e-10
2631.196,-0.4037399003707127,2631.196,-0.007705638281359051,2631.196,2.930837629659437e-10,2631.196,-14.41868227014342,2631.196,-2.143936902187686e-13,2631.196,321.4324436784075,2631.196,1.424565773432428e-10
2746.256,-0.4037399003707052,2746.256,-0.008042598850065683,2746.256,2.930837629659277e-10,2746.256,-14.4186822701431,2746.256,-2.143936902187614e-13,2746.256,307.9653963916082,2746.256,1.424565773432322e-10
2866.347,-0.4037399003706982,2866.347,-0.008394294398629527,2866.347,2.930837629659126e-10,2866.347,-14.41868227014282,2866.347,-2.143936902187144e-13,2866.347,295.0625776579373,2866.347,1.424565773432224e-10
2991.69,-0.403739900370691,2991.69,-0.008761369274346877,2991.69,2.930837629658975e-10,2991.69,-14.41868227014252,2991.69,-2.143936902187264e-13,2991.69,282.7003480074061,2991.69,1.424565773432124e-10
3122.514,-0.4037399003706841,3122.514,-0.009144496001236522,3122.514,2.930837629658824e-10,3122.514,-14.41868227014222,3122.514,-2.143936902187355e-13,3122.514,270.8560583923248,3122.514,1.424565773432024e-10
3259.058,-0.4037399003706784,3259.058,-0.009544376512181945,3259.058,2.930837629658714e-10,3259.058,-14.41868227014201,3259.058,-2.143936902186984e-13,3259.058,259.5080086916125,3259.058,1.424565773431951e-10
3401.574,-0.4037399003706719,3401.574,-0.009961743434955135,3401.574,2.930837629658579e-10,3401.574,-14.41868227014175,3401.574,-2.143936902186299e-13,3401.574,248.6354079536208,3401.574,1.424565773431863e-10
3550.322,-0.4037399003706657,3550.322,-0.01039736143447525,3550.322,2.93083762965844e-10,3550.322,-14.41868227014148,3550.322,-2.143936902187091e-13,3550.322,238.2183363047067,3550.322,1.424565773431771e-10
3705.574,-0.4037399003706595,3705.574,-0.01085202861376446,3705.574,2.930837629658301e-10,3705.574,-14.4186822701412,3705.574,-2.143936902186306e-13,3705.574,228.2377084536877,3705.574,1.42456577343168e-10
3867.615,-0.4037399003706547,3867.615,-0.01132657797616549,3867.615,2.930837629658211e-10,3867.615,-14.41868227014102,3867.615,-2.143936902187274e-13,3867.615,218.6752387253676,3867.615,1.42456577343162e-10
4036.743,-0.4037399003706493,4036.743,-0.01182187895150199,4036.743,2.930837629658088e-10,4036.743,-14.4186822701408,4036.743,-2.143936902186649e-13,4036.743,209.5134075590265,4036.743,1.424565773431539e-10
4213.266,-0.4037399003706444,4213.266,-0.0123388389889739,4213.266,2.930837629657986e-10,4213.266,-14.4186822701406,4213.266,-2.143936902186247e-13,4213.266,200.7354294105686,4213.266,1.424565773431472e-10
4397.508,-0.4037399003706401,4397.508,-0.01287840521971158,4397.508,2.930837629657907e-10,4397.508,-14.41868227014043,4397.508,-2.143936902186557e-13,4397.508,192.3252219994239,4397.508,1.424565773431418e-10
4589.807,-0.4037399003706351,4589.807,-0.01344156619203028,4589.807,2.930837629657792e-10,4589.807,-14.41868227014022,4589.807,-2.143936902186185e-13,4589.807,184.2673768439394,4589.807,1.424565773431344e-10
4790.515,-0.4037399003706312,4790.515,-0.01402935368256526,4790.515,2.930837629657716e-10,4790.515,-14.41868227014007,4790.515,-2.143936902185694e-13,4790.515,176.5471310312518,4790.515,1.424565773431294e-10
5000,-0.4037399003706261,5000,-0.01464284458660853,5000,2.930837629657599e-10,5000,-14.41868227013984,5000,-2.143936902186062e-13,5000,169.1503401698893,5000,1.424565773431217e-10
