kcgd_n X,kcgd_n Y,kgds_n X,kgds_n Y,vs X,vs Y,gmn X,gmn Y,kcgs_n X,kcgs_n Y,reff X,reff Y,kgmn X,kgmn Y,ids X,ids Y
1e-09,-1.051987520583572e-06,1e-09,0.5348710680499748,1e-09,1.332281828308531,1e-09,1.608002742825888e-08,1e-09,-1.205811362409238e-06,1e-09,2957926587.277641,1e-09,25.4403617899507,1e-09,6.320675610285825e-10
1.149757e-09,-9.155019229645313e-07,1.149757e-09,0.530710255287598,1.149757e-09,1.328639013290689,1.149757e-09,1.844514310204343e-08,1.149757e-09,-1.051124362828515e-06,1.149757e-09,2594341474.713868,1.149757e-09,25.39607771713635,1.149757e-09,7.262988918008121e-10
1.321941e-09,-7.955492737602616e-07,1.321941e-09,0.5265355221017662,1.321941e-09,1.324951562193593,1.321941e-09,2.11881015145104e-08,1.321941e-09,-9.149667435570162e-07,1.321941e-09,2272292239.694409,1.321941e-09,25.35034685817337,1.321941e-09,8.358111087414573e-10
1.519911e-09,-6.930234808521928e-07,1.519911e-09,0.5224628780755728,1.519911e-09,1.321322954480338,1.519911e-09,2.427863468237237e-08,1.519911e-09,-7.984113229799964e-07,1.519911e-09,1994879627.442265,1.519911e-09,25.30442038901602,1.519911e-09,9.594621931317221e-10
1.747528e-09,-6.035355446889975e-07,1.747528e-09,0.5184091818928168,1.747528e-09,1.317680511899607,1.747528e-09,2.782668548311514e-08,1.747528e-09,-6.965217719843036e-07,1.747528e-09,1750869318.839745,1.747528e-09,25.25735665205939,1.747528e-09,1.101725959151242e-09
2.009233e-09,-5.255426597464571e-07,2.009233e-09,0.5143787353904086,2.009233e-09,1.314028606675728,2.009233e-09,3.189536064201044e-08,2.009233e-09,-6.075829914618163e-07,2.009233e-09,1536554209.832952,2.009233e-09,25.20916206773639,2.009233e-09,1.265228909882383e-09
2.31013e-09,-4.576256234407897e-07,2.31013e-09,0.5103737657811811,2.31013e-09,1.310369853319192,2.31013e-09,3.655737286540532e-08,2.31013e-09,-5.300135589668898e-07,2.31013e-09,1348479144.988303,2.31013e-09,25.15982147880896,2.31013e-09,1.453006051580931e-09
2.656088e-09,-3.985078336054235e-07,2.656088e-09,0.5063950946879147,2.656088e-09,1.306705648112748,2.656088e-09,4.189635732282841e-08,2.656088e-09,-4.623881031236697e-07,2.656088e-09,1183501765.565594,2.656088e-09,25.10930344646649,2.656088e-09,1.668559122404659e-09
3.053856e-09,-3.470579821284354e-07,3.053856e-09,0.502442683708625,3.053856e-09,1.303036624509601,3.053856e-09,4.800826725240606e-08,3.053856e-09,-4.034412460758951e-07,3.053856e-09,1038810448.052707,3.053856e-09,25.05756508255973,3.053856e-09,1.915919088476007e-09
3.511192e-09,-3.017461437348191e-07,3.511192e-09,0.4984656538611658,3.511192e-09,1.2993156784586,3.511192e-09,5.509921417181671e-08,3.511192e-09,-3.514438674718297e-07,3.511192e-09,910387953.7628857,3.511192e-09,25.00386507127838,3.511192e-09,2.203627879719623e-09
4.037017e-09,-2.630848946969e-07,4.037017e-09,0.4945897497843436,4.037017e-09,1.29566141617441,4.037017e-09,6.305988788444215e-08,4.037017e-09,-3.070071635724658e-07,4.037017e-09,799963194.5860306,4.037017e-09,24.94987142041147,4.037017e-09,2.527463441468997e-09
4.641589e-09,-2.29306639041471e-07,4.641589e-09,0.4907256903881682,4.641589e-09,1.291991021307481,4.641589e-09,7.218808634572206e-08,4.641589e-09,-2.681207186924009e-07,4.641589e-09,702742444.8398446,4.641589e-09,24.89433382712815,4.641589e-09,2.899779799170862e-09
5.336699000000001e-09,-1.998422261488436e-07,5.336699000000001e-09,0.4868780138323894,5.336699000000001e-09,1.288309267123304,5.336699000000001e-09,8.264163306519116e-08,5.336699000000001e-09,-2.341456168643298e-07,5.336699000000001e-09,617283326.1530266,5.336699000000001e-09,24.8372552235911,5.336699000000001e-09,3.327325516496521e-09
6.135907e-09,-1.741648467448822e-07,6.135907e-09,0.4830491746925895,6.135907e-09,1.284619055243956,6.135907e-09,9.460192804341116e-08,6.135907e-09,-2.044889663290215e-07,6.135907e-09,542232640.4053169,6.135907e-09,24.7786127877729,6.135907e-09,3.817886370543424e-09
7.054802e-09,-1.517985170017238e-07,7.054802e-09,0.4792401831583525,7.054802e-09,1.280921963543695,7.054802e-09,1.082771211829491e-07,7.054802e-09,-1.786139314680204e-07,7.054802e-09,476353978.3656207,7.054802e-09,24.7183639584371,7.054802e-09,4.380432352440986e-09
8.111308e-09,-1.323202669553359e-07,8.111308e-09,0.4754510921640141,8.111308e-09,1.277218670301173,8.111308e-09,1.238917455702493e-07,8.111308e-09,-1.560421436222129e-07,8.111308e-09,418538052.925585,8.111308e-09,24.65376040006137,8.111308e-09,5.025267689789869e-09
9.326033000000001e-09,-1.151243578794903e-07,9.326033000000001e-09,0.471625625353486,9.326033000000001e-09,1.273454244323428,9.326033000000001e-09,1.419987587614806e-07,9.326033000000001e-09,-1.360812603205224e-07,9.326033000000001e-09,367098926.4538332,9.326033000000001e-09,24.58470812759207,9.326033000000001e-09,5.775897685037458e-09
1.072267e-08,-1.004849093450506e-07,1.072267e-08,0.4679024252213466,1.072267e-08,1.26976602911795,1.072267e-08,1.622280148278805e-07,1.072267e-08,-1.190589947583755e-07,1.072267e-08,322966627.1679755,1.072267e-08,24.51538952170122,1.072267e-08,6.617394950395341e-09
1.232847e-08,-8.768045403609855e-08,1.232847e-08,0.4641839586284325,1.232847e-08,1.266058729976873,1.232847e-08,1.853781175022318e-07,1.232847e-08,-1.041450568564674e-07,1.232847e-08,284068770.8956574,1.232847e-08,24.44398945729355,1.232847e-08,7.583791419404289e-09
1.417474e-08,-7.650052026541723e-08,1.417474e-08,0.4604750200260442,1.417474e-08,1.262337555108396,1.417474e-08,2.118317069225365e-07,1.417474e-08,-9.110079289306968e-08,1.417474e-08,249843345.8177669,1.417474e-08,24.3705218201119,1.417474e-08,8.692128485641259e-09
1.629751e-08,-6.674901705365384e-08,1.629751e-08,0.4567783084107951,1.629751e-08,1.258605727666447,1.629751e-08,2.42026788896807e-07,1.629751e-08,-7.970324334960596e-08,1.629751e-08,219759382.6361761,1.629751e-08,24.29496831682227,1.629751e-08,9.962012946080828e-09
1.873817e-08,-5.824793186248147e-08,1.873817e-08,0.453095034845913,1.873817e-08,1.254865035631207,1.873817e-08,2.764639401548275e-07,1.873817e-08,-6.974954127727082e-08,1.873817e-08,193329299.5599049,1.873817e-08,24.21728617393345,1.873817e-08,1.141597527357969e-08
2.154435e-08,-5.083849968021717e-08,2.154435e-08,0.4494254528814801,2.154435e-08,1.251116327267278,2.154435e-08,3.157135667541511e-07,2.154435e-08,-6.105839604204863e-08,2.154435e-08,170113925.3384315,2.154435e-08,24.13741599582449,2.154435e-08,1.307984113994497e-08
2.477076e-08,-4.438072389613534e-08,2.477076e-08,0.4457692606746708,2.477076e-08,1.247359895216415,2.477076e-08,3.604235596582759e-07,2.477076e-08,-5.346966251463579e-08,2.477076e-08,149722572.9089785,2.477076e-08,24.05528852788375,2.477076e-08,1.498313184813768e-08
2.848036e-08,-3.870529260455823e-08,2.848036e-08,0.4420935054376587,2.848036e-08,1.243562208448019,2.848036e-08,4.118108904029429e-07,2.848036e-08,-4.678781349420096e-08,2.848036e-08,131661044.5150344,2.848036e-08,23.97006758570444,2.848036e-08,1.718021398690355e-08
3.274549e-08,-3.382579381528286e-08,3.274549e-08,0.4384791152376399,3.274549e-08,1.239807625503105,3.274549e-08,4.695183656196267e-07,3.274549e-08,-4.10321114362298e-08,3.274549e-08,116010713.6268642,3.274549e-08,23.88358937237787,3.274549e-08,1.96586182377863e-08
3.764936e-08,-2.955982049462358e-08,3.764936e-08,0.4348676946146781,3.764936e-08,1.236036424376526,3.764936e-08,5.352750968331456e-07,3.764936e-08,-3.599039227780517e-08,3.764936e-08,102221307.5186609,3.764936e-08,23.79444703170176,3.764936e-08,2.249579896183295e-08
4.328761e-08,-2.583443437148954e-08,4.328761e-08,0.4312622592838857,4.328761e-08,1.232252237983397,4.328761e-08,6.101035489211596e-07,4.328761e-08,-3.157885504401555e-08,4.328761e-08,90084875.09194481,4.328761e-08,23.70264902026662,4.328761e-08,2.573988875249763e-08
4.977024000000001e-08,-2.258303484696729e-08,4.977024000000001e-08,0.4276642843595244,4.977024000000001e-08,1.228457145830384,4.977024000000001e-08,6.951657986228669e-07,4.977024000000001e-08,-2.772078744075695e-08,4.977024000000001e-08,79409250.20154691,4.977024000000001e-08,23.60817821464305,4.977024000000001e-08,2.944597386136673e-08
5.722368000000001e-08,-1.974597192638284e-08,5.722368000000001e-08,0.4240742259604322,5.722368000000001e-08,1.224652185170669,5.722368000000001e-08,7.917784250786705e-07,5.722368000000001e-08,-2.434733368578436e-08,5.722368000000001e-08,70020562.16906592,5.722368000000001e-08,23.51100180986758,5.722368000000001e-08,3.367693267525336e-08
6.579332e-08,-1.727049197133389e-08,6.579332e-08,0.4204919313792844,6.579332e-08,1.220837761655441,6.579332e-08,9.0142757524931e-07,6.579332e-08,-2.139747966423378e-08,6.579332e-08,61763649.45863858,6.579332e-08,23.41108034766173,6.579332e-08,3.85043134218e-08
7.564633000000001e-08,-1.508745058052995e-08,7.564633000000001e-08,0.4168764254053626,7.564633000000001e-08,1.216970526147227,7.564633000000001e-08,1.027286474107959e-06,7.564633000000001e-08,-1.87902624626508e-08,7.564633000000001e-08,54424079.33096839,7.564633000000001e-08,23.30719432764511,7.564633000000001e-08,4.407593894257256e-08
8.69749e-08,-1.321498800501761e-08,8.69749e-08,0.4133284214652114,8.69749e-08,1.213158924557871,8.69749e-08,1.167573667528606e-06,8.69749e-08,-1.654875904735655e-08,8.69749e-08,48078456.08957697,8.69749e-08,23.20224851792184,8.69749e-08,5.032157407618279e-08
1e-07,-1.157504662455342e-08,1e-07,0.4097767664221417,1e-07,1.209327448500321,1e-07,1.326798704538661e-06,1e-07,-1.458085904507889e-08,1e-07,42476680.07342828,1e-07,23.09420067986142,1e-07,5.745159674201907e-08
1.149757e-07,-1.014053933208015e-08,1.149757e-07,0.4062249277421434,1.149757e-07,1.205480313994485,1.149757e-07,1.507222980493747e-06,1.149757e-07,-1.285509764490192e-08,1.149757e-07,37537508.58839334,1.149757e-07,22.98314842925559,1.149757e-07,6.557948251229062e-08
1.321941e-07,-8.886551361377003e-09,1.321941e-07,0.4026747699379036,1.321941e-07,1.20162007276517,1.321941e-07,1.711396523775084e-06,1.321941e-07,-1.134245031920805e-08,1.321941e-07,33185262.93063183,1.321941e-07,22.86916604125213,1.321941e-07,7.483423403756886e-08
1.519911e-07,-7.790644363585745e-09,1.519911e-07,0.3991270548511661,1.519911e-07,1.197748125938689,1.519911e-07,1.94218552453906e-06,1.519911e-07,-1.001671326776909e-08,1.519911e-07,29351056.24880827,1.519911e-07,22.75231622073719,1.519911e-07,8.536210140965296e-08
1.747528e-07,-6.832893349130061e-09,1.747528e-07,0.3955818520680906,1.747528e-07,1.193865155099615,1.747528e-07,2.202798416626944e-06,1.747528e-07,-8.854567349810131e-09,1.747528e-07,25973143.01042255,1.747528e-07,22.63266117827537,1.747528e-07,9.732829910171435e-08
2.009233e-07,-5.995761157291839e-09,2.009233e-07,0.3920388345384434,2.009233e-07,1.18997143965304,2.009233e-07,2.496812346067626e-06,2.009233e-07,-7.835447599001806e-09,2.009233e-07,22996711.81754437,2.009233e-07,22.51027162205693,2.009233e-07,1.109188013360576e-07
2.31013e-07,-5.25776140302538e-09,2.31013e-07,0.3884657096447801,2.31013e-07,1.186031997929619,2.31013e-07,2.831355941930421e-06,2.31013e-07,-6.933810009044333e-09,2.31013e-07,20351315.1271784,2.31013e-07,22.38410003636877,2.31013e-07,1.26489603661981e-07
2.656088e-07,-4.621117539131669e-09,2.656088e-07,0.3849407970785048,2.656088e-07,1.182133977256558,2.656088e-07,3.203192359050902e-06,2.656088e-07,-6.152996895379822e-09,2.656088e-07,18050563.96310287,2.656088e-07,22.25705691773059,2.656088e-07,1.439180557829796e-07
3.053856e-07,-4.062825928749063e-09,3.053856e-07,0.3814090688479451,3.053856e-07,1.178217490860762,3.053856e-07,3.622185003741596e-06,3.053856e-07,-5.465410143123217e-09,3.053856e-07,16016507.34098008,3.053856e-07,22.12735280782456,3.053856e-07,1.636971686220295e-07
3.511192e-07,-3.573615632039087e-09,3.511192e-07,0.3778728699559025,3.511192e-07,1.174285916565771,3.511192e-07,4.093527865335694e-06,3.511192e-07,-4.86013569381393e-09,3.511192e-07,14219527.13540097,3.511192e-07,21.99523556243782,3.511192e-07,1.861097533470558e-07
4.037017e-07,-3.145069795201776e-09,4.037017e-07,0.3743333184450175,4.037017e-07,1.170341378161903,4.037017e-07,4.622996554238046e-06,4.037017e-07,-4.327242657480021e-09,4.037017e-07,12632424.90966735,4.037017e-07,21.86093733687339,4.037017e-07,2.114729337996098e-07
4.641589e-07,-2.769666571873016e-09,4.641589e-07,0.3707906929683687,4.641589e-07,1.166385171038746,4.641589e-07,5.21698609326123e-06,4.641589e-07,-3.857840983847259e-09,4.641589e-07,11230651.671215,4.641589e-07,21.72468364964305,4.641589e-07,2.401409464642284e-07
5.336699e-07,-2.440753258440043e-09,5.336699e-07,0.3672447297777965,5.336699e-07,1.162418094897387,5.336699e-07,5.882544735589793e-06,5.336699e-07,-3.444058174079621e-09,5.336699e-07,9992299.449079808,5.336699e-07,21.58669975975429,5.336699e-07,2.725078312599254e-07
6.135907e-07,-2.152483476596487e-09,6.135907e-07,0.3636948267542052,6.135907e-07,1.158440687289874,6.135907e-07,6.627406389029453e-06,6.135907e-07,-3.078970389061894e-09,6.135907e-07,8897953.884113327,6.135907e-07,21.44721356211917,6.135907e-07,3.090101364372579e-07
7.054802e-07,-1.896547460587007e-09,7.054802e-07,0.360092135243326,7.054802e-07,1.154399465940055,7.054802e-07,7.471907523301798e-06,7.054802e-07,-2.752425503770533e-09,7.054802e-07,7918212.888442948,7.054802e-07,21.304546706581,7.054802e-07,3.507189158356379e-07
8.111308000000001e-07,-1.67630714577597e-09,8.111308000000001e-07,0.3565499480651285,8.111308000000001e-07,1.150423018447508,8.111308000000001e-07,8.397822103974122e-06,8.111308000000001e-07,-2.469141750018349e-09,8.111308000000001e-07,7068050.369733877,8.111308000000001e-07,21.16346059083215,8.111308000000001e-07,3.968076046888095e-07
9.326033000000001e-07,-1.482547490076323e-09,9.326033000000001e-07,0.3529940447445401,9.326033000000001e-07,1.14642969217261,9.326033000000001e-07,9.431816397522268e-06,9.326033000000001e-07,-2.217726880926605e-09,9.326033000000001e-07,6313881.930211342,9.326033000000001e-07,21.02128077419773,9.326033000000001e-07,4.486794357981847e-07
1.072267e-06,-1.312161637912077e-09,1.072267e-06,0.3494258597688474,1.072267e-06,1.14242280354644,1.072267e-06,1.058435727642982e-05,1.072267e-06,-1.994522588393926e-09,1.072267e-06,5645154.423592875,1.072267e-06,20.87831088594984,1.072267e-06,5.069546734047634e-07
1.232847e-06,-1.162325482176142e-09,1.232847e-06,0.345845412397059,1.232847e-06,1.138404208399739,1.232847e-06,1.186698175736879e-05,1.232847e-06,-1.796198945622574e-09,1.232847e-06,5052160.261739421,1.232847e-06,20.73477907812429,1.232847e-06,5.723225558688859e-07
1.417474e-06,-1.030575643359793e-09,1.417474e-06,0.3422535098915035,1.417474e-06,1.134376748239973,1.417474e-06,1.329159098232244e-05,1.417474e-06,-1.619859939043974e-09,1.417474e-06,4526377.377071767,1.417474e-06,20.59091465479557,1.417474e-06,6.455075554026864e-07
1.629751e-06,-9.146712639876504e-10,1.629751e-06,0.3386489817573078,1.629751e-06,1.130341112687942,1.629751e-06,1.487150923859751e-05,1.629751e-06,-1.462863570368628e-09,1.629751e-06,4059953.696188037,1.629751e-06,20.44682593478097,1.629751e-06,7.273260547154365e-07
1.873817e-06,-8.126619935066967e-10,1.873817e-06,0.3350310031298397,1.873817e-06,1.12629840500335,1.873817e-06,1.662068248143147e-05,1.873817e-06,-1.322915410047013e-09,1.873817e-06,3646006.519032642,1.873817e-06,20.30258284943625,1.873817e-06,8.186486716833168e-07
2.154435e-06,-7.235321041267031e-10,2.154435e-06,0.3310687983890843,2.154435e-06,1.122225366663415,2.154435e-06,1.851550682007093e-05,2.154435e-06,-1.198742389735665e-09,2.154435e-06,3284850.629360644,2.154435e-06,20.13582753481857,2.154435e-06,9.195304632031733e-07
2.477076e-06,-6.444266912456999e-10,2.477076e-06,0.3273932742520814,2.477076e-06,1.118168137528435,2.477076e-06,2.063752293573836e-05,2.477076e-06,-1.08716694220713e-09,2.477076e-06,2958459.405720284,2.477076e-06,19.98908601283611,2.477076e-06,1.032439548385847e-06
2.848036e-06,-5.747684657322657e-10,2.848036e-06,0.3237047781879482,2.848036e-06,1.11411076787965,2.848036e-06,2.296918952913908e-05,2.848036e-06,-9.874400632672963e-10,2.848036e-06,2668647.532912013,2.848036e-06,19.84202527997936,2.848036e-06,1.157603077560587e-06
3.274549e-06,-5.13245049537046e-10,3.274549e-06,0.3199941368880916,3.274549e-06,1.110044344278489,3.274549e-06,2.553163108782955e-05,3.274549e-06,-8.9797985571136e-10,3.274549e-06,2410546.284384923,3.274549e-06,19.69409625870863,3.274549e-06,1.296410393878297e-06
3.764936e-06,-4.585163931219683e-10,3.764936e-06,0.3162345794990303,3.764936e-06,1.105940515409893,3.764936e-06,2.836221297105151e-05,3.764936e-06,-8.171018999199633e-10,3.764936e-06,2179030.444488574,3.764936e-06,19.54396918133631,3.764936e-06,1.45120025046582e-06
4.328761e-06,-4.104500462805193e-10,4.328761e-06,0.3124758915884007,4.328761e-06,1.101853945602783,4.328761e-06,3.144043291594342e-05,4.328761e-06,-7.448733480174636e-10,4.328761e-06,1973997.594203571,4.328761e-06,19.39329716922689,4.328761e-06,1.621201007832377e-06
4.977024e-06,-3.686442549824028e-10,4.977024e-06,0.3087630439348553,4.977024e-06,1.097832636256841,4.977024e-06,3.473672933832495e-05,4.977024e-06,-6.80980064607904e-10,4.977024e-06,1794197.402783663,4.977024e-06,19.24351763402105,4.977024e-06,1.805113285364891e-06
5.722368e-06,-3.311632468639382e-10,5.722368e-06,0.3049876522935909,5.722368e-06,1.093758032526768,5.722368e-06,3.836072102541585e-05,5.722368e-06,-6.227028155815434e-10,5.722368e-06,1631672.522746848,5.722368e-06,19.08982813792844,5.722368e-06,2.009484881071257e-06
6.579332e-06,-2.979950542733872e-10,6.579332e-06,0.3012001517074656,6.579332e-06,1.089682978122714,6.579332e-06,4.228342154757331e-05,6.579332e-06,-5.702188872400741e-10,6.579332e-06,1486661.556198337,6.579332e-06,18.93378408503067,6.579332e-06,2.233226139987685e-06
7.564632999999999e-06,-2.686244326443139e-10,7.564632999999999e-06,0.2974036988252981,7.564632999999999e-06,1.085608151478886,7.564632999999999e-06,4.651484538190811e-05,7.564632999999999e-06,-5.229153826073763e-10,7.564632999999999e-06,1357196.122694291,7.564632999999999e-06,18.77502644971711,7.564632999999999e-06,2.47748494557295e-06
8.69749e-06,-2.426000438993982e-10,8.69749e-06,0.2936022894412134,8.69749e-06,1.081534232389036,8.69749e-06,5.10625118976263e-05,8.69749e-06,-4.802519208061907e-10,8.69749e-06,1241538.754894763,8.69749e-06,18.6132364149324,8.69749e-06,2.743344078338874e-06
9.999999999999999e-06,-2.195264399182173e-10,9.999999999999999e-06,0.2898008077235148,9.999999999999999e-06,1.077461931852961,9.999999999999999e-06,5.593089511247794e-05,9.999999999999999e-06,-4.417512954650688e-10,9.999999999999999e-06,1138155.670086793,9.999999999999999e-06,18.44815877257124,9.999999999999999e-06,3.031787388757521e-06
1.149757e-05,-1.990571221286507e-10,1.149757e-05,0.2860050739741344,1.149757e-05,1.073392046709161,1.149757e-05,6.112084016327631e-05,1.149757e-05,-4.069915135337881e-10,1.149757e-05,1045693.075335638,1.149757e-05,18.27962514093898,1.149757e-05,3.343659385355245e-06
1.321941e-05,-1.809813305526933e-10,1.321941e-05,0.2822423544272651,1.321941e-05,1.069347593483513,1.321941e-05,6.659823116048667e-05,1.321941e-05,-3.757607695317963e-10,1.321941e-05,963380.8912968189,1.321941e-05,18.1085179789394,1.321941e-05,3.677729521429741e-06
1.519911e-05,-1.648590896705207e-10,1.519911e-05,0.2784848643655261,1.519911e-05,1.065291649368543,1.519911e-05,7.240596593249444e-05,1.519911e-05,-3.47427778454539e-10,1.519911e-05,889373.5284095473,1.519911e-05,17.9332972341489,1.519911e-05,4.037515521385421e-06
1.747528e-05,-1.505346930671647e-10,1.747528e-05,0.2747564785137176,1.747528e-05,1.061241978535714,1.747528e-05,7.850923300744259e-05,1.747528e-05,-3.218308847328334e-10,1.747528e-05,823092.0088381059,1.747528e-05,17.75485219788699,1.747528e-05,4.421846610290904e-06
2.009233e-05,-1.378011630180003e-10,2.009233e-05,0.2710659782108925,2.009233e-05,1.057199550135558,2.009233e-05,8.489036364233943e-05,2.009233e-05,-2.987036952794929e-10,2.009233e-05,763703.5787952614,2.009233e-05,17.57349863292504,2.009233e-05,4.830589822523563e-06
2.31013e-05,-1.264762307294078e-10,2.31013e-05,0.2674225825326785,2.31013e-05,1.053165325826373,2.31013e-05,9.152675796224655e-05,2.31013e-05,-2.778074335887567e-10,2.31013e-05,710469.5257290204,2.31013e-05,17.38968087235002,2.31013e-05,5.263279909165907e-06
2.656088e-05,-1.163993408480207e-10,2.656088e-05,0.2638358212222406,2.656088e-05,1.049140269431171,2.656088e-05,9.839098271738007e-05,2.656088e-05,-2.589277710952328e-10,2.656088e-05,662734.3900988583,2.656088e-05,17.20396559152521,2.656088e-05,5.719087392609534e-06
3.053856e-05,-1.074290061562567e-10,3.053856e-05,0.2603153932903876,3.053856e-05,1.045125350671837,3.053856e-05,0.0001054510361068676,3.053856e-05,-2.418720477515263e-10,3.053856e-05,619916.3227423469,3.053856e-05,17.01703033606473,3.053856e-05,6.196794271641037e-06
3.511191999999999e-05,-9.944047075863833e-11,3.511191999999999e-05,0.2568710125100305,3.511191999999999e-05,1.041121538116822,3.511191999999999e-05,0.0001126707913554683,3.511191999999999e-05,-2.26466823484459e-10,3.511191999999999e-05,581498.4621179511,3.511191999999999e-05,16.82964722957195,3.511191999999999e-05,6.694780337254523e-06
4.037017e-05,-9.232365746528714e-11,4.037017e-05,0.2535122467667056,4.037017e-05,1.037129781585948,4.037017e-05,0.0001200106109946728,4.037017e-05,-2.125557354466415e-10,4.037017e-05,547021.2814403403,4.037017e-05,16.64266278705827,4.037017e-05,7.211022210219624e-06
4.641589e-05,-8.598139442475635e-11,4.641589e-05,0.2502483702304749,4.641589e-05,1.033150997681028,4.641589e-05,0.0001274280834953045,4.641589e-05,-1.999976761906624e-10,4.641589e-05,516075.9458799594,4.641589e-05,16.45697564472741,4.641589e-05,7.743104580465897e-06
5.336699e-05,-8.032788354199332e-11,5.336699e-05,0.2470882363211331,5.336699e-05,1.029186059765439,5.336699e-05,0.0001348788390418789,5.336699e-05,-1.886652464184234e-10,5.336699e-05,488298.5596152782,5.336699e-05,16.27351362315106,5.336699e-05,8.288243225482494e-06
6.135907e-05,-7.528736548825494e-11,6.135907e-05,0.2440401702811911,6.135907e-05,1.025235781083862,6.135907e-05,0.0001423174112603067,6.135907e-05,-1.784434164577031e-10,6.135907e-05,463365.134313778,6.135907e-05,16.09321106388834,6.135907e-05,8.843319751124974e-06
7.054801999999999e-05,-7.079296321617369e-11,7.054801999999999e-05,0.2411118889373,7.054801999999999e-05,1.021300887229232,7.054801999999999e-05,0.0001496980840062063,7.054801999999999e-05,-1.692283808593548e-10,7.054801999999999e-05,440987.2338746621,7.054801999999999e-05,15.91698784164641,7.054801999999999e-05,9.404925447924569e-06
8.111308e-05,-6.6785700009655e-11,8.111308e-05,0.2383104640817151,8.111308e-05,1.01738198390271,8.111308e-05,0.0001569756302739723,8.111308e-05,-1.609266188197953e-10,8.111308e-05,420908.3159372107,8.111308e-05,15.74573195817341,8.111308e-05,9.969408261931469e-06
9.326032999999999e-05,-6.321368462681064e-11,9.326032999999999e-05,0.2356423463370569,9.326032999999999e-05,1.013479527908681,9.326032999999999e-05,0.0001641058391650286,9.326032999999999e-05,-1.53454166234351e-10,9.326032999999999e-05,402900.7705368215,9.326032999999999e-05,15.58028761872863,9.326032999999999e-05,1.053291461498834e-05
0.0001072267,-6.00314493123644e-11,0.0001072267,0.2331134616817629,0.0001072267,1.009593806521575,0.0001072267,0.0001710457357952163,0.0001072267,-1.467360895805204e-10,0.0001072267,386763.6171771603,0.0001072267,15.42145029702455,0.0001072267,1.10914169874294e-05
0.0001232847,-5.719942322431445e-11,0.0001232847,0.2307293870633765,0.0001232847,1.005724927158586,0.0001232847,0.0001777534209151294,0.0001232847,-1.407061419863047e-10,0.0001232847,372320.7977660556,0.0001232847,15.26996974133746,0.0001232847,1.164071860823219e-05
0.0001417474,-5.468352446031308e-11,0.0001417474,0.2284956067225393,0.0001417474,1.001872818258429,0.0001417474,0.0001841874863854897,0.0001417474,-1.353065795986322e-10,0.0001417474,359419.9973895082,0.0001417474,15.12656131473909,0.0001417474,1.217642810901248e-05
0.0001629751,-5.245031745330239e-11,0.0001629751,0.226413515495216,0.0001629751,0.9980289438998665,0.0001629751,0.0001903188911063217,0.0001629751,-1.304782699680308e-10,0.0001629751,347908.4710236049,0.0001629751,14.99164362778865,0.0001629751,1.269499834918333e-05
0.0001873817,-5.048872723653983e-11,0.0001873817,0.2245017185045235,0.0001873817,0.9942162395610588,0.0001873817,0.0001960673993370485,0.0001873817,-1.262083338015011e-10,0.0001873817,337746.026670984,0.0001873817,14.8667249528248,0.0001873817,1.318833838382098e-05
0.0002154435,-4.876982736927436e-11,0.0002154435,0.2227585207769869,0.0002154435,0.9904175814226176,0.0002154435,0.0002014124806889296,0.0002154435,-1.224434539330589e-10,0.0002154435,328798.0743844124,0.0002154435,14.75196825636263,0.0002154435,1.365326153017303e-05
0.0002477076,-4.726369889650262e-11,0.0002477076,0.2211761559014068,0.0002477076,0.9865886418240684,0.0002477076,0.0002063544306758664,0.0002477076,-1.191260237278959e-10,0.0002477076,320921.8181164096,0.0002477076,14.64708991905614,0.0002477076,1.408842519683009e-05
0.0002848036,-4.600061741649501e-11,0.0002848036,0.219807988438528,0.0002848036,0.982832778881742,0.0002848036,0.0002107006332512872,0.0002848036,-1.163300637876492e-10,0.0002848036,314288.2708892886,0.0002848036,14.55584714671397,0.0002848036,1.447532604097547e-05
0.0003274549,-4.494947029557056e-11,0.0003274549,0.2186401296768163,0.0003274549,0.9790829276213611,0.0003274549,0.0002144681459278401,0.0003274549,-1.139933098068907e-10,0.0003274549,308746.0964352655,0.0003274549,14.47751918109456,0.0003274549,1.481387406537874e-05
0.0003764936,-4.41129164839673e-11,0.0003764936,0.2176918777873841,0.0003764936,0.975340789482787,0.0003764936,0.0002175702264187346,0.0003764936,-1.121270410952869e-10,0.0003764936,304319.5059200393,0.0003764936,14.41356727199664,0.0003764936,1.509482158809084e-05
0.0004328761,-4.349250441088906e-11,0.0004328761,0.2169789253260117,0.0004328761,0.9715590225377155,0.0004328761,0.0002199329981865396,0.0004328761,-1.10739230741203e-10,0.0004328761,301025.5181152825,0.0004328761,14.36518624819194,0.0004328761,1.53101389976215e-05
0.0004977024,-4.311858329900438e-11,0.0004977024,0.2165476303597386,0.0004977024,0.9678298972414109,0.0004977024,0.0002213832468352581,0.0004977024,-1.099014503907907e-10,0.0004977024,299032.5733471145,0.0004977024,14.33562680038336,0.0004977024,1.544287179890438e-05
0.0005722368,-4.300558767557077e-11,0.0005722368,0.2164226299058689,0.0005722368,0.9641630587113148,0.0005722368,0.0002218247532742653,0.0005722368,-1.096485611307819e-10,0.0005722368,298422.4606283286,0.0005722368,14.32663459769988,0.0005722368,1.54833817922514e-05
0.0006579332,-4.31872303922504e-11,0.0006579332,0.2166465292054156,0.0006579332,0.9604202285125628,0.0006579332,0.0002211130025308498,0.0006579332,-1.100570379190935e-10,0.0006579332,299375.1668674677,0.0006579332,14.3410777588119,0.0006579332,1.54181579829303e-05
0.0007564633,-4.370542997569718e-11,0.0007564633,0.2172634664207908,0.0007564633,0.9567640872160688,0.0007564633,0.0002191111025728954,0.0007564633,-1.112192921004172e-10,0.0007564633,302109.7543566662,0.0007564633,14.3818858165665,0.0007564633,1.523521361298121e-05
0.000869749,-4.464271736469249e-11,0.000869749,0.2183539067148009,0.000869749,0.9530784119680846,0.000869749,0.0002155874029732482,0.000869749,-1.133149213905612e-10,0.000869749,307051.2885421344,0.000869749,14.45424033992547,0.000869749,1.491516661569223e-05
0.001,-4.610232112804229e-11,0.001,0.220001174281776,0.001,0.9493992597326605,0.001,0.000210333915876581,0.001,-1.165630094094768e-10,0.001,314721.0464519138,0.001,14.56330995733686,0.001,1.444272740831261e-05
